state_id,county_name,county_fips,city,population
AK,Aleutians East,2013,Sand Point,1064
AK,Aleutians East,2013,Akutan,1041
AK,Aleutians East,2013,King Cove,1000
AK,Aleutians East,2013,Cold Bay,125
AK,Aleutians East,2013,Nelson Lagoon,86
AK,Aleutians East,2013,False Pass,43
AK,Aleutians West,2016,Unalaska,4432
AK,Aleutians West,2016,St. Paul,481
AK,Aleutians West,2016,Adak,326
AK,Aleutians West,2016,St. George,101
AK,Aleutians West,2016,Atka,81
AK,Aleutians West,2016,Nikolski,21
AK,Aleutians West,2016,Attu Station,17
AK,Anchorage,2020,Anchorage,288000
AK,Bethel,2050,Bethel,6586
AK,Bethel,2050,Kwethluk,762
AK,Bethel,2050,Quinhagak,706
AK,Bethel,2050,Tuntutuliak,675
AK,Bethel,2050,Toksook Bay,673
AK,Bethel,2050,Akiachak,573
AK,Bethel,2050,Aniak,549
AK,Bethel,2050,Kasigluk,543
AK,Bethel,2050,Nunapitchuk,530
AK,Bethel,2050,Kipnuk,511
AK,Bethel,2050,Chefornak,471
AK,Bethel,2050,Kongiganak,433
AK,Bethel,2050,Napaskiak,410
AK,Bethel,2050,Tununak,401
AK,Bethel,2050,Kwigillingok,399
AK,Bethel,2050,Akiak,394
AK,Bethel,2050,Napakiak,370
AK,Bethel,2050,Tuluksak,319
AK,Bethel,2050,Nightmute,317
AK,Bethel,2050,Eek,315
AK,Bethel,2050,Newtok,315
AK,Bethel,2050,Lower Kalskag,314
AK,Bethel,2050,Goodnews Bay,277
AK,Bethel,2050,Upper Kalskag,235
AK,Bethel,2050,Mekoryuk,205
AK,Bethel,2050,Atmautluak,189
AK,Bethel,2050,Chuathbaluk,126
AK,Bethel,2050,Sleetmute,94
AK,Bethel,2050,Oscarville,94
AK,Bethel,2050,Crooked Creek,75
AK,Bethel,2050,Platinum,67
AK,Bethel,2050,Stony River,40
AK,Bethel,2050,Red Devil,20
AK,Bethel,2050,Lime Village,13
AK,Bristol Bay,2060,Naknek,468
AK,Bristol Bay,2060,King Salmon,361
AK,Bristol Bay,2060,South Naknek,46
AK,Denali,2068,Healy,968
AK,Denali,2068,Denali Park,872
AK,Denali,2068,Anderson,340
AK,Denali,2068,Cantwell,178
AK,Denali,2068,Ferry,20
AK,Dillingham,2070,Dillingham,2360
AK,Dillingham,2070,Togiak,841
AK,Dillingham,2070,New Stuyahok,509
AK,Dillingham,2070,Manokotak,440
AK,Dillingham,2070,Aleknagik,220
AK,Dillingham,2070,Koliganek,202
AK,Dillingham,2070,Ekwok,131
AK,Dillingham,2070,Twin Hills,67
AK,Dillingham,2070,Clark's Point,62
AK,Dillingham,2070,Portage Creek,3
AK,Fairbanks North Star,2090,Fairbanks,63245
AK,Fairbanks North Star,2090,Badger,18911
AK,Fairbanks North Star,2090,College,12791
AK,Fairbanks North Star,2090,Steele Creek,7704
AK,Fairbanks North Star,2090,Chena Ridge,6111
AK,Fairbanks North Star,2090,Farmers Loop,5214
AK,Fairbanks North Star,2090,Goldstream,3592
AK,Fairbanks North Star,2090,Eielson AFB,3229
AK,Fairbanks North Star,2090,North Pole,2094
AK,Fairbanks North Star,2090,Ester,1622
AK,Fairbanks North Star,2090,Salcha,1006
AK,Fairbanks North Star,2090,Moose Creek,795
AK,Fairbanks North Star,2090,Two Rivers,663
AK,Fairbanks North Star,2090,Pleasant Valley,614
AK,Fairbanks North Star,2090,South Van Horn,493
AK,Fairbanks North Star,2090,Fox,448
AK,Fairbanks North Star,2090,Harding-Birch Lakes,154
AK,Haines,2100,Haines,1863
AK,Haines,2100,Mosquito Lake,244
AK,Haines,2100,Lutak,158
AK,Haines,2100,Mud Bay,114
AK,Haines,2100,Covenant Life,37
AK,Haines,2100,Excursion Inlet,32
AK,Hoonah-Angoon,2105,Hoonah,791
AK,Hoonah-Angoon,2105,Angoon,459
AK,Hoonah-Angoon,2105,Gustavus,447
AK,Hoonah-Angoon,2105,Tenakee Springs,135
AK,Hoonah-Angoon,2105,Pelican,87
AK,Hoonah-Angoon,2105,Klukwan,72
AK,Hoonah-Angoon,2105,Elfin Cove,4
AK,Juneau,2110,Juneau,31974
AK,Kenai Peninsula,2122,Kalifornsky,8581
AK,Kenai Peninsula,2122,Kenai,7807
AK,Kenai Peninsula,2122,Soldotna,7398
AK,Kenai Peninsula,2122,Homer,5922
AK,Kenai Peninsula,2122,Sterling,5169
AK,Kenai Peninsula,2122,Nikiski,4316
AK,Kenai Peninsula,2122,Seward,2796
AK,Kenai Peninsula,2122,Ridgeway,2702
AK,Kenai Peninsula,2122,Anchor Point,2129
AK,Kenai Peninsula,2122,Fritz Creek,2074
AK,Kenai Peninsula,2122,Funny River,1331
AK,Kenai Peninsula,2122,Diamond Ridge,1245
AK,Kenai Peninsula,2122,Cohoe,1223
AK,Kenai Peninsula,2122,Bear Creek,1178
AK,Kenai Peninsula,2122,Salamatof,992
AK,Kenai Peninsula,2122,Ninilchik,836
AK,Kenai Peninsula,2122,Kasilof,754
AK,Kenai Peninsula,2122,Happy Valley,588
AK,Kenai Peninsula,2122,Fox River,517
AK,Kenai Peninsula,2122,Kachemak,490
AK,Kenai Peninsula,2122,Cooper Landing,478
AK,Kenai Peninsula,2122,Tyonek,399
AK,Kenai Peninsula,2122,Moose Pass,315
AK,Kenai Peninsula,2122,Seldovia,275
AK,Kenai Peninsula,2122,Nikolaevsk,246
AK,Kenai Peninsula,2122,Clam Gulch,227
AK,Kenai Peninsula,2122,Nanwalek,212
AK,Kenai Peninsula,2122,Port Graham,177
AK,Kenai Peninsula,2122,Lowell Point,177
AK,Kenai Peninsula,2122,Seldovia Village,160
AK,Kenai Peninsula,2122,Primrose,100
AK,Kenai Peninsula,2122,Halibut Cove,91
AK,Kenai Peninsula,2122,Crown Point,73
AK,Kenai Peninsula,2122,Hope,70
AK,Kenai Peninsula,2122,Sunrise,32
AK,Kenai Peninsula,2122,Beluga,5
AK,Ketchikan Gateway,2130,Ketchikan,10652
AK,Ketchikan Gateway,2130,Saxman,385
AK,Kodiak Island,2150,Kodiak,8851
AK,Kodiak Island,2150,Kodiak Station,1536
AK,Kodiak Island,2150,Womens Bay,902
AK,Kodiak Island,2150,Old Harbor,215
AK,Kodiak Island,2150,Port Lions,184
AK,Kodiak Island,2150,Ouzinkie,153
AK,Kodiak Island,2150,Larsen Bay,83
AK,Kodiak Island,2150,Akhiok,68
AK,Kodiak Island,2150,Karluk,29
AK,Kodiak Island,2150,Aleneva,27
AK,Kusilvak,2158,Hooper Bay,1227
AK,Kusilvak,2158,Chevak,1077
AK,Kusilvak,2158,Mountain Village,877
AK,Kusilvak,2158,Emmonak,819
AK,Kusilvak,2158,Alakanuk,774
AK,Kusilvak,2158,Kotlik,638
AK,Kusilvak,2158,Pilot Station,625
AK,Kusilvak,2158,St. Mary's,568
AK,Kusilvak,2158,Scammon Bay,534
AK,Kusilvak,2158,Marshall,461
AK,Kusilvak,2158,Russian Mission,343
AK,Kusilvak,2158,Nunam Iqua,207
AK,Kusilvak,2158,Pitkas Point,155
AK,Lake and Peninsula,2164,Newhalen,187
AK,Lake and Peninsula,2164,Kokhanok,180
AK,Lake and Peninsula,2164,Port Alsworth,134
AK,Lake and Peninsula,2164,Nondalton,133
AK,Lake and Peninsula,2164,Port Heiden,109
AK,Lake and Peninsula,2164,Egegik,106
AK,Lake and Peninsula,2164,Perryville,97
AK,Lake and Peninsula,2164,Chignik,89
AK,Lake and Peninsula,2164,Igiugig,71
AK,Lake and Peninsula,2164,Chignik Lagoon,69
AK,Lake and Peninsula,2164,Levelock,67
AK,Lake and Peninsula,2164,Pilot Point,65
AK,Lake and Peninsula,2164,Iliamna,55
AK,Lake and Peninsula,2164,Chignik Lake,49
AK,Lake and Peninsula,2164,Pedro Bay,31
AK,Lake and Peninsula,2164,Ugashik,9
AK,Matanuska-Susitna,2170,Knik-Fairview,17457
AK,Matanuska-Susitna,2170,Wasilla,10838
AK,Matanuska-Susitna,2170,Tanaina,10464
AK,Matanuska-Susitna,2170,Meadow Lakes,8149
AK,Matanuska-Susitna,2170,Palmer,7456
AK,Matanuska-Susitna,2170,Gateway,7076
AK,Matanuska-Susitna,2170,Fishhook,6788
AK,Matanuska-Susitna,2170,Butte,4015
AK,Matanuska-Susitna,2170,Big Lake,2678
AK,Matanuska-Susitna,2170,Houston,2412
AK,Matanuska-Susitna,2170,Willow,1987
AK,Matanuska-Susitna,2170,Lazy Mountain,1650
AK,Matanuska-Susitna,2170,Sutton-Alpine,1458
AK,Matanuska-Susitna,2170,Point MacKenzie,1264
AK,Matanuska-Susitna,2170,Talkeetna,1237
AK,Matanuska-Susitna,2170,Farm Loop,1170
AK,Matanuska-Susitna,2170,Susitna North,1071
AK,Matanuska-Susitna,2170,Buffalo Soapstone,975
AK,Matanuska-Susitna,2170,Knik River,866
AK,Matanuska-Susitna,2170,Trapper Creek,358
AK,Matanuska-Susitna,2170,Glacier View,220
AK,Matanuska-Susitna,2170,Chickaloon,210
AK,Matanuska-Susitna,2170,Skwentna,29
AK,Nome,2180,Nome,3870
AK,Nome,2180,Savoonga,705
AK,Nome,2180,Gambell,700
AK,Nome,2180,Unalakleet,695
AK,Nome,2180,Shishmaref,613
AK,Nome,2180,Stebbins,575
AK,Nome,2180,St. Michael,414
AK,Nome,2180,Brevig Mission,401
AK,Nome,2180,Koyuk,367
AK,Nome,2180,Elim,341
AK,Nome,2180,Shaktoolik,259
AK,Nome,2180,Teller,237
AK,Nome,2180,White Mountain,201
AK,Nome,2180,Golovin,161
AK,Nome,2180,Wales,151
AK,Nome,2180,Diomede,119
AK,Nome,2180,Port Clarence,45
AK,North Slope,2185,Utqiagvik,4467
AK,North Slope,2185,Prudhoe Bay,1718
AK,North Slope,2185,Point Hope,715
AK,North Slope,2185,Wainwright,587
AK,North Slope,2185,Nuiqsut,425
AK,North Slope,2185,Anaktuvuk Pass,343
AK,North Slope,2185,Kaktovik,254
AK,North Slope,2185,Atqasuk,248
AK,North Slope,2185,Point Lay,227
AK,Northwest Arctic,2188,Kotzebue,3246
AK,Northwest Arctic,2188,Selawik,840
AK,Northwest Arctic,2188,Noorvik,675
AK,Northwest Arctic,2188,Buckland,422
AK,Northwest Arctic,2188,Noatak,415
AK,Northwest Arctic,2188,Kivalina,379
AK,Northwest Arctic,2188,Kiana,338
AK,Northwest Arctic,2188,Shungnak,264
AK,Northwest Arctic,2188,Ambler,262
AK,Northwest Arctic,2188,Kobuk,153
AK,Northwest Arctic,2188,Deering,123
AK,Northwest Arctic,2188,Red Dog Mine,85
AK,Petersburg Borough,2195,Petersburg,3136
AK,Petersburg Borough,2195,Kupreanof,26
AK,Prince of Wales-Hyder,2198,Metlakatla,1654
AK,Prince of Wales-Hyder,2198,Craig,1262
AK,Prince of Wales-Hyder,2198,Klawock,787
AK,Prince of Wales-Hyder,2198,Kake,544
AK,Prince of Wales-Hyder,2198,Thorne Bay,467
AK,Prince of Wales-Hyder,2198,Hydaburg,379
AK,Prince of Wales-Hyder,2198,Hollis,193
AK,Prince of Wales-Hyder,2198,Coffman Cove,176
AK,Prince of Wales-Hyder,2198,Naukati Bay,126
AK,Prince of Wales-Hyder,2198,Port Alexander,52
AK,Prince of Wales-Hyder,2198,Kasaan,48
AK,Prince of Wales-Hyder,2198,Edna Bay,41
AK,Prince of Wales-Hyder,2198,Whale Pass,30
AK,Prince of Wales-Hyder,2198,Hyder,14
AK,Sitka,2220,Sitka,8493
AK,Skagway,2230,Skagway,1059
AK,Southeast Fairbanks,2240,Deltana,2430
AK,Southeast Fairbanks,2240,Tok,1289
AK,Southeast Fairbanks,2240,Delta Junction,928
AK,Southeast Fairbanks,2240,Big Delta,556
AK,Southeast Fairbanks,2240,Tetlin,223
AK,Southeast Fairbanks,2240,Alcan Border,176
AK,Southeast Fairbanks,2240,Tanacross,153
AK,Southeast Fairbanks,2240,Fort Greely,144
AK,Southeast Fairbanks,2240,Dry Creek,119
AK,Southeast Fairbanks,2240,Northway,102
AK,Southeast Fairbanks,2240,Eagle,83
AK,Southeast Fairbanks,2240,Whitestone,64
AK,Southeast Fairbanks,2240,Eagle Village,48
AK,Southeast Fairbanks,2240,Dot Lake Village,36
AK,Southeast Fairbanks,2240,Chicken,12
AK,Southeast Fairbanks,2240,Healy Lake,7
AK,Valdez-Cordova,2261,Valdez,3855
AK,Valdez-Cordova,2261,Cordova,2169
AK,Valdez-Cordova,2261,Glennallen,411
AK,Valdez-Cordova,2261,Tazlina,376
AK,Valdez-Cordova,2261,Mentasta Lake,266
AK,Valdez-Cordova,2261,Copper Center,245
AK,Valdez-Cordova,2261,Whittier,205
AK,Valdez-Cordova,2261,Gakona,154
AK,Valdez-Cordova,2261,Kenny Lake,135
AK,Valdez-Cordova,2261,Nelchina,116
AK,Valdez-Cordova,2261,Gulkana,84
AK,Valdez-Cordova,2261,Chistochina,80
AK,Valdez-Cordova,2261,Silver Springs,73
AK,Valdez-Cordova,2261,Tatitlek,73
AK,Valdez-Cordova,2261,Chenega,68
AK,Valdez-Cordova,2261,Chitina,61
AK,Valdez-Cordova,2261,Tonsina,43
AK,Valdez-Cordova,2261,Mendeltna,24
AK,Wrangell,2275,Wrangell,2502
AK,Yakutat,2282,Yakutat,649
AK,Yukon-Koyukuk,2290,Fort Yukon,534
AK,Yukon-Koyukuk,2290,Galena,450
AK,Yukon-Koyukuk,2290,Nenana,357
AK,Yukon-Koyukuk,2290,McGrath,316
AK,Yukon-Koyukuk,2290,Huslia,258
AK,Yukon-Koyukuk,2290,Tanana,249
AK,Yukon-Koyukuk,2290,Nulato,243
AK,Yukon-Koyukuk,2290,Grayling,198
AK,Yukon-Koyukuk,2290,Arctic Village,185
AK,Yukon-Koyukuk,2290,Minto,177
AK,Yukon-Koyukuk,2290,Kaltag,173
AK,Yukon-Koyukuk,2290,Holy Cross,164
AK,Yukon-Koyukuk,2290,Allakaket,161
AK,Yukon-Koyukuk,2290,Coldfoot,156
AK,Yukon-Koyukuk,2290,Ruby,154
AK,Yukon-Koyukuk,2290,Venetie,125
AK,Yukon-Koyukuk,2290,Chalkyitsik,109
AK,Yukon-Koyukuk,2290,Koyukuk,92
AK,Yukon-Koyukuk,2290,Nikolai,86
AK,Yukon-Koyukuk,2290,Hughes,83
AK,Yukon-Koyukuk,2290,Anvik,82
AK,Yukon-Koyukuk,2290,Shageluk,78
AK,Yukon-Koyukuk,2290,Takotna,72
AK,Yukon-Koyukuk,2290,Beaver,70
AK,Yukon-Koyukuk,2290,Circle,64
AK,Yukon-Koyukuk,2290,Rampart,57
AK,Yukon-Koyukuk,2290,Manley Hot Springs,44
AK,Yukon-Koyukuk,2290,Central,40
AK,Yukon-Koyukuk,2290,Lake Minchumina,20
AK,Yukon-Koyukuk,2290,Stevens Village,15
AK,Yukon-Koyukuk,2290,Alatna,13
AK,Yukon-Koyukuk,2290,Bettles,12
AK,Yukon-Koyukuk,2290,Livengood,11
AK,Yukon-Koyukuk,2290,Evansville,11
AK,Yukon-Koyukuk,2290,Wiseman,10
AK,Yukon-Koyukuk,2290,Birch Creek,4
AK,Yukon-Koyukuk,2290,Four Mile Road,3
AL,Autauga,1001,Prattville,35957
AL,Autauga,1001,Pine Level,4484
AL,Autauga,1001,Marbury,1633
AL,Autauga,1001,Autaugaville,871
AL,Autauga,1001,Billingsley,142
AL,Baldwin,1003,Daphne,71484
AL,Baldwin,1003,Foley,36921
AL,Baldwin,1003,Fairhope,22677
AL,Baldwin,1003,Gulf Shores,12757
AL,Baldwin,1003,Robertsdale,9817
AL,Baldwin,1003,Bay Minette,9354
AL,Baldwin,1003,Spanish Fort,9214
AL,Baldwin,1003,Orange Beach,6235
AL,Baldwin,1003,Loxley,3049
AL,Baldwin,1003,Point Clear,2652
AL,Baldwin,1003,Elberta,1746
AL,Baldwin,1003,Lillian,1728
AL,Baldwin,1003,Summerdale,1681
AL,Baldwin,1003,Stapleton,1421
AL,Baldwin,1003,Bon Secour,1234
AL,Baldwin,1003,Silverhill,1170
AL,Baldwin,1003,Magnolia Springs,823
AL,Baldwin,1003,Perdido,795
AL,Baldwin,1003,Perdido Beach,649
AL,Baldwin,1003,Stockton,626
AL,Barbour,1005,Eufaula,11709
AL,Barbour,1005,Clayton,2847
AL,Barbour,1005,Clio,1274
AL,Barbour,1005,Louisville,462
AL,Barbour,1005,Bakerhill,252
AL,Barbour,1005,Blue Springs,87
AL,Bibb,1007,Brent,5302
AL,Bibb,1007,Woodstock,4202
AL,Bibb,1007,Centreville,2609
AL,Bibb,1007,West Blocton,1252
AL,Blount,1009,Oneonta,6577
AL,Blount,1009,Smoke Rise,2101
AL,Blount,1009,Blountsville,1670
AL,Blount,1009,Hayden,1343
AL,Blount,1009,Cleveland,1306
AL,Blount,1009,Locust Fork,1197
AL,Blount,1009,Snead,838
AL,Blount,1009,Susan Moore,776
AL,Blount,1009,Allgood,650
AL,Blount,1009,Highland Lake,410
AL,Blount,1009,Nectar,341
AL,Blount,1009,Rosa,319
AL,Blount,1009,County Line,265
AL,Bullock,1011,Union Springs,4547
AL,Bullock,1011,Midway,466
AL,Butler,1013,Greenville,7395
AL,Butler,1013,Georgiana,1608
AL,Butler,1013,McKenzie,492
AL,Calhoun,1015,Anniston,73501
AL,Calhoun,1015,Oxford,21225
AL,Calhoun,1015,Jacksonville,12544
AL,Calhoun,1015,Saks,10645
AL,Calhoun,1015,Piedmont,4535
AL,Calhoun,1015,Alexandria,4068
AL,Calhoun,1015,West End-Cobb Town,3274
AL,Calhoun,1015,Weaver,3061
AL,Calhoun,1015,Choccolocco,3011
AL,Calhoun,1015,Ohatchee,1153
AL,Calhoun,1015,White Plains,850
AL,Calhoun,1015,Hobson City,755
AL,Calhoun,1015,Nances Creek,476
AL,Chambers,1017,Valley,19926
AL,Chambers,1017,Lanett,6151
AL,Chambers,1017,La Fayette,2910
AL,Chambers,1017,Huguley,2583
AL,Chambers,1017,Fredonia,229
AL,Chambers,1017,Abanda,176
AL,Chambers,1017,Standing Rock,168
AL,Chambers,1017,Waverly,144
AL,Chambers,1017,Five Points,143
AL,Chambers,1017,Cusseta,124
AL,Chambers,1017,Penton,98
AL,Cherokee,1019,Centre,3762
AL,Cherokee,1019,Cedar Bluff,1823
AL,Cherokee,1019,Leesburg,1013
AL,Cherokee,1019,Sand Rock,569
AL,Cherokee,1019,Spring Garden,187
AL,Cherokee,1019,Broomtown,176
AL,Cherokee,1019,Gaylesville,141
AL,Chilton,1021,Clanton,8794
AL,Chilton,1021,Jemison,2672
AL,Chilton,1021,Thorsby,2057
AL,Chilton,1021,Maplesville,700
AL,Choctaw,1023,Butler,1721
AL,Choctaw,1023,Lisman,493
AL,Choctaw,1023,Silas,430
AL,Choctaw,1023,Cullomburg,229
AL,Choctaw,1023,Pennington,204
AL,Choctaw,1023,Gilbertown,193
AL,Choctaw,1023,Toxey,124
AL,Choctaw,1023,Needham,85
AL,Clarke,1025,Jackson,4642
AL,Clarke,1025,Thomasville,3836
AL,Clarke,1025,Grove Hill,1738
AL,Clarke,1025,Coffeeville,322
AL,Clarke,1025,Whatley,280
AL,Clarke,1025,Fulton,246
AL,Clarke,1025,Carlton,31
AL,Clarke,1025,Rockville,12
AL,Clay,1027,Lineville,2249
AL,Clay,1027,Ashland,1895
AL,Clay,1027,Hollins,797
AL,Clay,1027,Delta,282
AL,Clay,1027,Millerville,186
AL,Cleburne,1029,Heflin,3409
AL,Cleburne,1029,Hollis Crossroads,679
AL,Cleburne,1029,Ranburne,398
AL,Cleburne,1029,Fruithurst,280
AL,Cleburne,1029,Edwardsville,196
AL,Coffee,1031,Enterprise,38914
AL,Coffee,1031,Elba,3811
AL,Coffee,1031,New Brockton,1261
AL,Coffee,1031,Kinston,547
AL,Colbert,1033,Muscle Shoals,14575
AL,Colbert,1033,Sheffield,8901
AL,Colbert,1033,Tuscumbia,8461
AL,Colbert,1033,Cherokee,1008
AL,Colbert,1033,Littleville,992
AL,Colbert,1033,Leighton,756
AL,Conecuh,1035,Evergreen,3526
AL,Conecuh,1035,Castleberry,540
AL,Conecuh,1035,Repton,258
AL,Coosa,1037,Stewartville,1634
AL,Coosa,1037,Goodwater,1315
AL,Coosa,1037,Rockford,436
AL,Coosa,1037,Hissop,415
AL,Coosa,1037,Ray,300
AL,Coosa,1037,Weogufka,299
AL,Coosa,1037,Kellyton,198
AL,Covington,1039,Andalusia,8680
AL,Covington,1039,Opp,6390
AL,Covington,1039,Florala,1906
AL,Covington,1039,Babbie,596
AL,Covington,1039,River Falls,535
AL,Covington,1039,Lockhart,504
AL,Covington,1039,Red Level,478
AL,Covington,1039,Carolina,295
AL,Covington,1039,Heath,256
AL,Covington,1039,Sanford,254
AL,Covington,1039,Horn Hill,229
AL,Covington,1039,Gantt,215
AL,Covington,1039,Onycha,186
AL,Covington,1039,Libertyville,113
AL,Crenshaw,1041,Luverne,2744
AL,Crenshaw,1041,Brantley,768
AL,Crenshaw,1041,Rutledge,449
AL,Crenshaw,1041,Dozier,320
AL,Crenshaw,1041,Glenwood,183
AL,Crenshaw,1041,Petrey,56
AL,Cullman,1043,Cullman,19920
AL,Cullman,1043,Hanceville,3461
AL,Cullman,1043,Good Hope,2362
AL,Cullman,1043,Holly Pond,826
AL,Cullman,1043,South Vinemont,745
AL,Cullman,1043,Joppa,664
AL,Cullman,1043,Dodge City,623
AL,Cullman,1043,Baileyton,619
AL,Cullman,1043,West Point,609
AL,Cullman,1043,Garden City,501
AL,Cullman,1043,Fairview,463
AL,Cullman,1043,Berlin,460
AL,Cullman,1043,Colony,289
AL,Cullman,1043,East Point,259
AL,Dale,1045,Ozark,14284
AL,Dale,1045,Fort Rucker,5311
AL,Dale,1045,Daleville,5102
AL,Dale,1045,Midland City,2358
AL,Dale,1045,Level Plains,2002
AL,Dale,1045,Newton,1456
AL,Dale,1045,Ariton,739
AL,Dale,1045,Pinckard,630
AL,Dale,1045,Clayhatchee,585
AL,Dale,1045,Grimes,556
AL,Dale,1045,Napier Field,344
AL,Dallas,1047,Selma,19775
AL,Dallas,1047,Valley Grande,3570
AL,Dallas,1047,Selmont-West Selmont,1812
AL,Dallas,1047,Orrville,168
AL,DeKalb,1049,Fort Payne,14074
AL,DeKalb,1049,Rainsville,5123
AL,DeKalb,1049,Henagar,2363
AL,DeKalb,1049,Collinsville,2009
AL,DeKalb,1049,Sylvania,1894
AL,DeKalb,1049,Crossville,1857
AL,DeKalb,1049,Fyffe,1045
AL,DeKalb,1049,Powell,967
AL,DeKalb,1049,Geraldine,898
AL,DeKalb,1049,Ider,718
AL,DeKalb,1049,Valley Head,549
AL,DeKalb,1049,Hammondville,495
AL,DeKalb,1049,Mentone,368
AL,DeKalb,1049,Pine Ridge,284
AL,DeKalb,1049,Shiloh,281
AL,Elmore,1051,Millbrook,15896
AL,Elmore,1051,Wetumpka,8538
AL,Elmore,1051,Tallassee,4502
AL,Elmore,1051,Holtville,4449
AL,Elmore,1051,Redland,4388
AL,Elmore,1051,Emerald Mountain,3472
AL,Elmore,1051,Blue Ridge,1490
AL,Elmore,1051,Elmore,1348
AL,Elmore,1051,Coosada,1298
AL,Elmore,1051,Deatsville,1237
AL,Elmore,1051,Eclectic,1013
AL,Escambia,1053,Atmore,9107
AL,Escambia,1053,Brewton,6615
AL,Escambia,1053,East Brewton,2356
AL,Escambia,1053,Flomaton,1393
AL,Escambia,1053,Riverview,181
AL,Escambia,1053,Pollard,136
AL,Etowah,1055,Gadsden,60944
AL,Etowah,1055,Rainbow City,9611
AL,Etowah,1055,Southside,8905
AL,Etowah,1055,Attalla,5771
AL,Etowah,1055,Glencoe,5071
AL,Etowah,1055,Hokes Bluff,4257
AL,Etowah,1055,Whitesboro,2602
AL,Etowah,1055,Carlisle-Rockledge,2577
AL,Etowah,1055,Lookout Mountain,1884
AL,Etowah,1055,Sardis City,1775
AL,Etowah,1055,Ballplay,1605
AL,Etowah,1055,Coats Bend,1358
AL,Etowah,1055,Tidmore Bend,1221
AL,Etowah,1055,Egypt,1034
AL,Etowah,1055,Altoona,913
AL,Etowah,1055,Ivalee,887
AL,Etowah,1055,Gallant,833
AL,Etowah,1055,New Union,829
AL,Etowah,1055,Walnut Grove,700
AL,Etowah,1055,Bristow Cove,668
AL,Etowah,1055,Reece City,627
AL,Etowah,1055,Ridgeville,110
AL,Fayette,1057,Fayette,4275
AL,Fayette,1057,Berry,1095
AL,Fayette,1057,Glen Allen,480
AL,Fayette,1057,Belk,204
AL,Franklin,1059,Russellville,9772
AL,Franklin,1059,Red Bay,3085
AL,Franklin,1059,Phil Campbell,1071
AL,Franklin,1059,Vina,356
AL,Franklin,1059,Hodges,283
AL,Franklin,1059,Spruce Pine,178
AL,Franklin,1059,Belgreen,32
AL,Geneva,1061,Geneva,4289
AL,Geneva,1061,Hartford,2578
AL,Geneva,1061,Slocomb,1898
AL,Geneva,1061,Samson,1854
AL,Geneva,1061,Malvern,1463
AL,Geneva,1061,Coffee Springs,214
AL,Geneva,1061,Black,203
AL,Geneva,1061,Eunola,190
AL,Greene,1063,Eutaw,2603
AL,Greene,1063,Forkland,588
AL,Greene,1063,Boligee,280
AL,Greene,1063,Union,209
AL,Hale,1065,Moundville,2612
AL,Hale,1065,Greensboro,2268
AL,Hale,1065,Akron,328
AL,Hale,1065,Newbern,173
AL,Henry,1067,Headland,4712
AL,Henry,1067,Abbeville,2560
AL,Henry,1067,Newville,512
AL,Henry,1067,Haleburg,100
AL,Houston,1069,Dothan,72396
AL,Houston,1069,Kinsey,3341
AL,Houston,1069,Taylor,2428
AL,Houston,1069,Ashford,2181
AL,Houston,1069,Cowarts,2079
AL,Houston,1069,Rehobeth,1657
AL,Houston,1069,Webb,1477
AL,Houston,1069,Cottonwood,1255
AL,Houston,1069,Columbia,737
AL,Houston,1069,Avon,510
AL,Houston,1069,Gordon,325
AL,Houston,1069,Madrid,290
AL,Jackson,1071,Scottsboro,14436
AL,Jackson,1071,Bridgeport,2297
AL,Jackson,1071,Stevenson,1951
AL,Jackson,1071,Hollywood,984
AL,Jackson,1071,Skyline,838
AL,Jackson,1071,Section,740
AL,Jackson,1071,Woodville,723
AL,Jackson,1071,Pisgah,692
AL,Jackson,1071,Hytop,422
AL,Jackson,1071,Pleasant Groves,404
AL,Jackson,1071,Dutton,314
AL,Jackson,1071,Langston,262
AL,Jackson,1071,Paint Rock,197
AL,Jefferson,1073,Birmingham,739573
AL,Jefferson,1073,Hoover,85768
AL,Jefferson,1073,Vestavia Hills,34413
AL,Jefferson,1073,Bessemer,26472
AL,Jefferson,1073,Homewood,25377
AL,Jefferson,1073,Trussville,22635
AL,Jefferson,1073,Mountain Brook,20297
AL,Jefferson,1073,Center Point,16110
AL,Jefferson,1073,Hueytown,15322
AL,Jefferson,1073,Gardendale,14177
AL,Jefferson,1073,Irondale,12893
AL,Jefferson,1073,Leeds,12040
AL,Jefferson,1073,Fairfield,10568
AL,Jefferson,1073,Clay,9923
AL,Jefferson,1073,Pleasant Grove,9604
AL,Jefferson,1073,Fultondale,9284
AL,Jefferson,1073,Forestdale,8924
AL,Jefferson,1073,Pinson,7106
AL,Jefferson,1073,Grayson Valley,6209
AL,Jefferson,1073,Tarrant,6109
AL,Jefferson,1073,Midfield,5002
AL,Jefferson,1073,Mount Olive,4387
AL,Jefferson,1073,Argo,4348
AL,Jefferson,1073,Adamsville,4281
AL,Jefferson,1073,Kimberly,3593
AL,Jefferson,1073,Warrior,3210
AL,Jefferson,1073,Brighton,2775
AL,Jefferson,1073,Morris,2149
AL,Jefferson,1073,Lipscomb,2139
AL,Jefferson,1073,Graysville,2092
AL,Jefferson,1073,Concord,1616
AL,Jefferson,1073,Rock Creek,1508
AL,Jefferson,1073,Sylvan Springs,1492
AL,Jefferson,1073,Brookside,1329
AL,Jefferson,1073,Minor,843
AL,Jefferson,1073,Mulga,810
AL,Jefferson,1073,Edgewater,739
AL,Jefferson,1073,Trafford,617
AL,Jefferson,1073,McDonald Chapel,573
AL,Jefferson,1073,West Jefferson,421
AL,Jefferson,1073,Maytown,371
AL,Jefferson,1073,North Johns,145
AL,Jefferson,1073,Cardiff,55
AL,Lamar,1075,Vernon,1850
AL,Lamar,1075,Sulligent,1834
AL,Lamar,1075,Millport,980
AL,Lamar,1075,Kennedy,421
AL,Lamar,1075,Detroit,220
AL,Lamar,1075,Beaverton,187
AL,Lauderdale,1077,Florence,79964
AL,Lauderdale,1077,Underwood-Petersville,3170
AL,Lauderdale,1077,Rogersville,1251
AL,Lauderdale,1077,Killen,955
AL,Lauderdale,1077,Lexington,709
AL,Lauderdale,1077,St. Florian,670
AL,Lauderdale,1077,Anderson,267
AL,Lauderdale,1077,Waterloo,197
AL,Lawrence,1079,Moulton,3241
AL,Lawrence,1079,Town Creek,1039
AL,Lawrence,1079,North Courtland,620
AL,Lawrence,1079,Courtland,588
AL,Lawrence,1079,Hillsboro,521
AL,Lawrence,1079,Hatton,70
AL,Lee,1081,Auburn,92777
AL,Lee,1081,Opelika,30908
AL,Lee,1081,Smiths Station,5391
AL,Lee,1081,Loachapoka,198
AL,Limestone,1083,Athens,31187
AL,Limestone,1083,Ardmore,1463
AL,Limestone,1083,Elkmont,510
AL,Limestone,1083,Lester,131
AL,Limestone,1083,Mooresville,61
AL,Lowndes,1085,Fort Deposit,1155
AL,Lowndes,1085,Mosses,874
AL,Lowndes,1085,Hayneville,784
AL,Lowndes,1085,White Hall,751
AL,Lowndes,1085,Gordonville,278
AL,Lowndes,1085,Lowndesboro,93
AL,Lowndes,1085,Benton,41
AL,Macon,1087,Tuskegee,8142
AL,Macon,1087,Notasulga,823
AL,Macon,1087,Franklin,512
AL,Macon,1087,Shorter,395
AL,Madison,1089,Huntsville,319249
AL,Madison,1089,Madison,51593
AL,Madison,1089,Meridianville,7087
AL,Madison,1089,Moores Mill,6882
AL,Madison,1089,Harvest,5819
AL,Madison,1089,Hazel Green,3901
AL,Madison,1089,New Hope,2916
AL,Madison,1089,Owens Cross Roads,2129
AL,Madison,1089,Redstone Arsenal,1329
AL,Madison,1089,New Market,1122
AL,Madison,1089,Triana,949
AL,Madison,1089,Gurley,812
AL,Marengo,1091,Demopolis,6612
AL,Marengo,1091,Linden,1880
AL,Marengo,1091,Thomaston,381
AL,Marengo,1091,Sweet Water,244
AL,Marengo,1091,Providence,197
AL,Marengo,1091,Myrtlewood,116
AL,Marengo,1091,Faunsdale,92
AL,Marengo,1091,Dayton,46
AL,Marengo,1091,Putnam,45
AL,Marengo,1091,Nanafalia,29
AL,Marion,1093,Hamilton,6606
AL,Marion,1093,Winfield,4519
AL,Marion,1093,Guin,2275
AL,Marion,1093,Hackleburg,1258
AL,Marion,1093,Bear Creek,1068
AL,Marion,1093,Brilliant,873
AL,Marion,1093,Twin,392
AL,Marion,1093,Gu-Win,174
AL,Marshall,1095,Albertville,37775
AL,Marshall,1095,Boaz,9704
AL,Marshall,1095,Guntersville,8571
AL,Marshall,1095,Arab,8383
AL,Marshall,1095,Grant,916
AL,Marshall,1095,Douglas,778
AL,Marshall,1095,Union Grove,79
AL,Mobile,1097,Mobile,315502
AL,Mobile,1097,Prichard,21428
AL,Mobile,1097,Tillmans Corner,17560
AL,Mobile,1097,Saraland,14649
AL,Mobile,1097,Theodore,6334
AL,Mobile,1097,Satsuma,6190
AL,Mobile,1097,Chickasaw,5702
AL,Mobile,1097,Semmes,5594
AL,Mobile,1097,Grand Bay,3897
AL,Mobile,1097,Citronelle,3861
AL,Mobile,1097,Bayou La Batre,2479
AL,Mobile,1097,Creola,2036
AL,Mobile,1097,Mount Vernon,1495
AL,Mobile,1097,Dauphin Island,1335
AL,Mobile,1097,Axis,1180
AL,Mobile,1097,Belle Fontaine,564
AL,Mobile,1097,Gulfcrest,259
AL,Mobile,1097,Chunchula,220
AL,Mobile,1097,Movico,86
AL,Mobile,1097,Bucks,13
AL,Monroe,1099,Monroeville,5718
AL,Monroe,1099,Frisco City,1153
AL,Monroe,1099,Excel,632
AL,Monroe,1099,Uriah,318
AL,Monroe,1099,Vredenburgh,290
AL,Monroe,1099,Beatrice,278
AL,Monroe,1099,Peterman,147
AL,Monroe,1099,Megargel,16
AL,Montgomery,1101,Montgomery,254634
AL,Montgomery,1101,Pike Road,10159
AL,Morgan,1103,Decatur,68867
AL,Morgan,1103,Hartselle,14466
AL,Morgan,1103,Priceville,4291
AL,Morgan,1103,Trinity,2477
AL,Morgan,1103,Falkville,1257
AL,Morgan,1103,Somerville,773
AL,Morgan,1103,Eva,499
AL,Perry,1105,Marion,3123
AL,Perry,1105,Uniontown,2227
AL,Pickens,1107,Aliceville,2254
AL,Pickens,1107,Gordo,1614
AL,Pickens,1107,Reform,1552
AL,Pickens,1107,Carrollton,943
AL,Pickens,1107,Pickensville,578
AL,Pickens,1107,Macedonia,200
AL,Pickens,1107,Ethelsville,73
AL,Pickens,1107,Memphis,26
AL,Pickens,1107,McMullen,9
AL,Pike,1109,Troy,18957
AL,Pike,1109,Brundidge,1902
AL,Pike,1109,Goshen,255
AL,Pike,1109,Banks,164
AL,Randolph,1111,Roanoke,5913
AL,Randolph,1111,Wedowee,794
AL,Randolph,1111,Wadley,714
AL,Randolph,1111,Rock Mills,493
AL,Randolph,1111,Morrison Crossroads,254
AL,Randolph,1111,Woodland,182
AL,Randolph,1111,Graham,45
AL,Russell,1113,Phenix City,36487
AL,Russell,1113,Ladonia,3391
AL,Russell,1113,Hurtsboro,589
AL,Shelby,1117,Alabaster,33487
AL,Shelby,1117,Pelham,23911
AL,Shelby,1117,Helena,19925
AL,Shelby,1117,Calera,14717
AL,Shelby,1117,Chelsea,14126
AL,Shelby,1117,Meadowbrook,9468
AL,Shelby,1117,Brook Highland,7147
AL,Shelby,1117,Montevallo,6738
AL,Shelby,1117,Highland Lakes,5519
AL,Shelby,1117,Columbiana,4550
AL,Shelby,1117,Indian Springs Village,2559
AL,Shelby,1117,Vincent,2213
AL,Shelby,1117,Wilsonville,2056
AL,Shelby,1117,Harpersville,1727
AL,Shelby,1117,Westover,1726
AL,Shelby,1117,Shoal Creek,1376
AL,Shelby,1117,Sterrett,977
AL,Shelby,1117,Dunnavant,957
AL,Shelby,1117,Vandiver,949
AL,Shelby,1117,Shelby,885
AL,Shelby,1117,Brantleyville,860
AL,Shelby,1117,Wilton,681
AL,St. Clair,1115,Pell City,14045
AL,St. Clair,1115,Moody,13065
AL,St. Clair,1115,Margaret,5137
AL,St. Clair,1115,Springville,4304
AL,St. Clair,1115,Odenville,3893
AL,St. Clair,1115,Riverside,2377
AL,St. Clair,1115,Ashville,2365
AL,St. Clair,1115,Ragland,1722
AL,St. Clair,1115,Steele,1089
AL,Sumter,1119,Livingston,3260
AL,Sumter,1119,York,2239
AL,Sumter,1119,Bellamy,466
AL,Sumter,1119,Epes,329
AL,Sumter,1119,Cuba,290
AL,Sumter,1119,Gainesville,183
AL,Sumter,1119,Geiger,151
AL,Sumter,1119,Emelle,48
AL,Sumter,1119,Panola,39
AL,Talladega,1121,Sylacauga,16982
AL,Talladega,1121,Talladega,15457
AL,Talladega,1121,Lincoln,6781
AL,Talladega,1121,Childersburg,4837
AL,Talladega,1121,Fayetteville,1378
AL,Talladega,1121,Munford,1348
AL,Talladega,1121,Mignon,850
AL,Talladega,1121,Oak Grove,521
AL,Talladega,1121,Waldo,272
AL,Talladega,1121,Talladega Springs,159
AL,Talladega,1121,Bon Air,110
AL,Tallapoosa,1123,Alexander City,14317
AL,Tallapoosa,1123,Dadeville,3053
AL,Tallapoosa,1123,Camp Hill,950
AL,Tallapoosa,1123,Jacksons' Gap,827
AL,Tallapoosa,1123,New Site,760
AL,Tallapoosa,1123,Our Town,688
AL,Tallapoosa,1123,Hackneyville,416
AL,Tallapoosa,1123,Reeltown,274
AL,Tallapoosa,1123,Daviston,210
AL,Tallapoosa,1123,Goldville,54
AL,Tuscaloosa,1125,Tuscaloosa,155499
AL,Tuscaloosa,1125,Northport,26115
AL,Tuscaloosa,1125,Lake View,4679
AL,Tuscaloosa,1125,Holt,3952
AL,Tuscaloosa,1125,Cottondale,3136
AL,Tuscaloosa,1125,Brookwood,1848
AL,Tuscaloosa,1125,Coaling,1663
AL,Tuscaloosa,1125,Vance,1654
AL,Tuscaloosa,1125,Coker,964
AL,Walker,1127,Jasper,13431
AL,Walker,1127,Sumiton,3741
AL,Walker,1127,Dora,1905
AL,Walker,1127,Carbon Hill,1892
AL,Walker,1127,Cordova,1850
AL,Walker,1127,Parrish,937
AL,Walker,1127,Oakman,724
AL,Walker,1127,Sipsey,401
AL,Walker,1127,Kansas,211
AL,Walker,1127,Nauvoo,202
AL,Walker,1127,Eldridge,123
AL,Washington,1129,Chatom,1182
AL,Washington,1129,Leroy,964
AL,Washington,1129,Calvert,609
AL,Washington,1129,Millry,497
AL,Washington,1129,St. Stephens,441
AL,Washington,1129,Vinegar Bend,383
AL,Washington,1129,Malcolm,354
AL,Washington,1129,McIntosh,215
AL,Washington,1129,Hobson,156
AL,Washington,1129,Deer Park,127
AL,Washington,1129,Fairford,110
AL,Washington,1129,Fruitdale,104
AL,Washington,1129,Tibbie,81
AL,Wilcox,1131,Camden,1765
AL,Wilcox,1131,Pine Hill,852
AL,Wilcox,1131,Boykin,269
AL,Wilcox,1131,Yellow Bluff,202
AL,Wilcox,1131,Pine Apple,132
AL,Wilcox,1131,Oak Hill,23
AL,Winston,1133,Haleyville,4142
AL,Winston,1133,Double Springs,1062
AL,Winston,1133,Addison,718
AL,Winston,1133,Lynn,635
AL,Winston,1133,Arley,345
AL,Winston,1133,Natural Bridge,35
AR,Arkansas,5001,Stuttgart,8490
AR,Arkansas,5001,DeWitt,3005
AR,Arkansas,5001,Gillett,680
AR,Arkansas,5001,Humphrey,479
AR,Arkansas,5001,Almyra,262
AR,Arkansas,5001,St. Charles,212
AR,Ashley,5003,Crossett,6820
AR,Ashley,5003,North Crossett,2802
AR,Ashley,5003,Hamburg,2603
AR,Ashley,5003,West Crossett,1160
AR,Ashley,5003,Wilmot,492
AR,Ashley,5003,Portland,388
AR,Ashley,5003,Montrose,304
AR,Ashley,5003,Parkdale,252
AR,Ashley,5003,Fountain Hill,158
AR,Baxter,5005,Mountain Home,14317
AR,Baxter,5005,Gassville,2158
AR,Baxter,5005,Midway,1129
AR,Baxter,5005,Cotter,950
AR,Baxter,5005,Lakeview,719
AR,Baxter,5005,Norfork,536
AR,Baxter,5005,Salesville,460
AR,Baxter,5005,Briarcliff,240
AR,Baxter,5005,Big Flat,104
AR,Benton,5007,Rogers,68669
AR,Benton,5007,Bentonville,54909
AR,Benton,5007,Bella Vista,28872
AR,Benton,5007,Siloam Springs,21975
AR,Benton,5007,Centerton,16244
AR,Benton,5007,Lowell,9544
AR,Benton,5007,Pea Ridge,6211
AR,Benton,5007,Cave Springs,5276
AR,Benton,5007,Gentry,4023
AR,Benton,5007,Gravette,3516
AR,Benton,5007,Little Flock,2786
AR,Benton,5007,Bethel Heights,2771
AR,Benton,5007,Prairie Creek,2421
AR,Benton,5007,Decatur,1790
AR,Benton,5007,Highfill,635
AR,Benton,5007,Garfield,578
AR,Benton,5007,Avoca,517
AR,Benton,5007,Gateway,477
AR,Benton,5007,Maysville,467
AR,Benton,5007,Lost Bridge Village,292
AR,Benton,5007,Springtown,97
AR,Benton,5007,Cherokee City,49
AR,Boone,5009,Harrison,14097
AR,Boone,5009,Diamond City,800
AR,Boone,5009,Bergman,510
AR,Boone,5009,Bellefonte,478
AR,Boone,5009,Alpena,397
AR,Boone,5009,Lead Hill,265
AR,Boone,5009,Omaha,173
AR,Boone,5009,Valley Springs,169
AR,Boone,5009,Everton,135
AR,Boone,5009,Zinc,101
AR,Boone,5009,South Lead Hill,98
AR,Bradley,5011,Warren,5587
AR,Bradley,5011,Hermitage,771
AR,Bradley,5011,Banks,116
AR,Calhoun,5013,Hampton,1258
AR,Calhoun,5013,Thornton,383
AR,Calhoun,5013,Harrell,248
AR,Calhoun,5013,Tinsman,44
AR,Carroll,5015,Berryville,5550
AR,Carroll,5015,Green Forest,2749
AR,Carroll,5015,Holiday Island,2353
AR,Carroll,5015,Eureka Springs,2106
AR,Carroll,5015,Oak Grove,395
AR,Carroll,5015,Beaver,95
AR,Carroll,5015,Blue Eye,36
AR,Chicot,5017,Dermott,3019
AR,Chicot,5017,Lake Village,2203
AR,Chicot,5017,Eudora,1903
AR,Clark,5019,Arkadelphia,10726
AR,Clark,5019,Gurdon,2085
AR,Clark,5019,Amity,685
AR,Clark,5019,Caddo Valley,642
AR,Clark,5019,Okolona,137
AR,Clark,5019,Gum Springs,113
AR,Clark,5019,Whelen Springs,85
AR,Clay,5021,Piggott,3529
AR,Clay,5021,Corning,3056
AR,Clay,5021,Rector,1732
AR,Clay,5021,Knobel,261
AR,Clay,5021,St. Francis,228
AR,Clay,5021,Pollard,203
AR,Clay,5021,Greenway,189
AR,Clay,5021,McDougal,167
AR,Clay,5021,Success,133
AR,Clay,5021,Peach Orchard,125
AR,Clay,5021,Datto,93
AR,Clay,5021,Nimmons,64
AR,Cleburne,5023,Heber Springs,6916
AR,Cleburne,5023,Tumbling Shoals,985
AR,Cleburne,5023,Greers Ferry,856
AR,Cleburne,5023,Quitman,719
AR,Cleburne,5023,Concord,233
AR,Cleburne,5023,Higden,122
AR,Cleveland,5025,Rison,1212
AR,Cleveland,5025,Kingsland,400
AR,Cleveland,5025,New Edinburg,198
AR,Cleveland,5025,Staves,144
AR,Cleveland,5025,Woodlawn,138
AR,Cleveland,5025,Rye,112
AR,Columbia,5027,Magnolia,11467
AR,Columbia,5027,Waldo,1265
AR,Columbia,5027,Taylor,567
AR,Columbia,5027,McNeil,470
AR,Columbia,5027,Emerson,343
AR,Conway,5029,Morrilton,6645
AR,Conway,5029,Plumerville,772
AR,Conway,5029,Oppelo,743
AR,Conway,5029,Center Ridge,365
AR,Conway,5029,Menifee,317
AR,Craighead,5031,Jonesboro,78394
AR,Craighead,5031,Brookland,3674
AR,Craighead,5031,Lake City,2650
AR,Craighead,5031,Bono,2484
AR,Craighead,5031,Bay,1821
AR,Craighead,5031,Monette,1595
AR,Craighead,5031,Caraway,1282
AR,Craighead,5031,Cash,360
AR,Craighead,5031,Black Oak,264
AR,Craighead,5031,Egypt,109
AR,Crawford,5033,Van Buren,23683
AR,Crawford,5033,Alma,5864
AR,Crawford,5033,Mulberry,1692
AR,Crawford,5033,Cedarville,1410
AR,Crawford,5033,Kibler,1028
AR,Crawford,5033,Dyer,902
AR,Crawford,5033,Mountainburg,613
AR,Crawford,5033,Chester,157
AR,Crawford,5033,Rudy,149
AR,Crittenden,5035,West Memphis,24402
AR,Crittenden,5035,Marion,12310
AR,Crittenden,5035,Earle,2179
AR,Crittenden,5035,Turrell,555
AR,Crittenden,5035,Crawfordsville,456
AR,Crittenden,5035,Edmondson,391
AR,Crittenden,5035,Clarkedale,360
AR,Crittenden,5035,Horseshoe Lake,272
AR,Crittenden,5035,Gilmore,246
AR,Crittenden,5035,Sunset,190
AR,Crittenden,5035,Anthonyville,147
AR,Crittenden,5035,Jennette,116
AR,Crittenden,5035,Jericho,104
AR,Cross,5037,Wynne,7749
AR,Cross,5037,Parkin,990
AR,Cross,5037,Cherry Valley,583
AR,Cross,5037,Hickory Ridge,241
AR,Dallas,5039,Fordyce,3705
AR,Dallas,5039,Sparkman,375
AR,Dallas,5039,Carthage,295
AR,Desha,5041,Dumas,4319
AR,Desha,5041,McGehee,3683
AR,Desha,5041,Mitchellville,339
AR,Desha,5041,Arkansas City,315
AR,Desha,5041,Watson,180
AR,Desha,5041,Reed,147
AR,Drew,5043,Monticello,9409
AR,Drew,5043,Wilmar,485
AR,Drew,5043,Tillar,212
AR,Drew,5043,Winchester,159
AR,Drew,5043,Jerome,34
AR,Faulkner,5045,Conway,74951
AR,Faulkner,5045,Greenbrier,5665
AR,Faulkner,5045,Vilonia,4623
AR,Faulkner,5045,Mayflower,2391
AR,Faulkner,5045,Wooster,1113
AR,Faulkner,5045,Guy,788
AR,Faulkner,5045,Holland,577
AR,Faulkner,5045,Enola,355
AR,Faulkner,5045,Twin Groves,337
AR,Faulkner,5045,Mount Vernon,149
AR,Franklin,5047,Ozark,3595
AR,Franklin,5047,Charleston,2467
AR,Franklin,5047,Altus,729
AR,Franklin,5047,Branch,341
AR,Franklin,5047,Denning,248
AR,Franklin,5047,Wiederkehr Village,46
AR,Fulton,5049,Mammoth Spring,960
AR,Fulton,5049,Viola,357
AR,Garland,5051,Hot Springs,60767
AR,Garland,5051,Rockwell,4744
AR,Garland,5051,Piney,4521
AR,Garland,5051,Lake Hamilton,2240
AR,Garland,5051,Mountain Pine,783
AR,Garland,5051,Fountain Lake,573
AR,Garland,5051,Lonsdale,101
AR,Grant,5053,Sheridan,4929
AR,Grant,5053,Leola,500
AR,Grant,5053,Tull,462
AR,Grant,5053,Prattsville,306
AR,Grant,5053,Poyen,282
AR,Greene,5055,Paragould,28986
AR,Greene,5055,Marmaduke,1251
AR,Greene,5055,Oak Grove Heights,1074
AR,Greene,5055,Lafe,461
AR,Greene,5055,Delaplaine,114
AR,Hempstead,5057,Hope,9599
AR,Hempstead,5057,Blevins,301
AR,Hempstead,5057,Perrytown,259
AR,Hempstead,5057,Fulton,195
AR,Hempstead,5057,Washington,168
AR,Hempstead,5057,McCaskill,97
AR,Hempstead,5057,Ozan,81
AR,Hempstead,5057,McNab,66
AR,Hempstead,5057,Patmos,60
AR,Hempstead,5057,Oakhaven,59
AR,Hot Spring,5059,Malvern,11851
AR,Hot Spring,5059,Rockport,704
AR,Hot Spring,5059,Magnet Cove,544
AR,Hot Spring,5059,Donaldson,300
AR,Hot Spring,5059,Perla,247
AR,Hot Spring,5059,Friendship,190
AR,Howard,5061,Nashville,4386
AR,Howard,5061,Mineral Springs,1148
AR,Howard,5061,Dierks,1082
AR,Howard,5061,Tollette,250
AR,Independence,5063,Batesville,12220
AR,Independence,5063,Southside,3989
AR,Independence,5063,Newark,1199
AR,Independence,5063,Sulphur Rock,467
AR,Independence,5063,Cushman,459
AR,Independence,5063,Pleasant Plains,364
AR,Independence,5063,Oil Trough,274
AR,Independence,5063,Magness,211
AR,Independence,5063,Moorefield,135
AR,Izard,5065,Horseshoe Bend,2109
AR,Izard,5065,Melbourne,1868
AR,Izard,5065,Calico Rock,1746
AR,Izard,5065,Oxford,679
AR,Izard,5065,Mount Pleasant,415
AR,Izard,5065,Pineville,223
AR,Izard,5065,Franklin,191
AR,Izard,5065,Guion,83
AR,Jackson,5067,Newport,7474
AR,Jackson,5067,Tuckerman,1682
AR,Jackson,5067,Diaz,1208
AR,Jackson,5067,Swifton,734
AR,Jackson,5067,Grubbs,353
AR,Jackson,5067,Campbell Station,229
AR,Jackson,5067,Jacksonport,199
AR,Jackson,5067,Tupelo,169
AR,Jackson,5067,Beedeville,97
AR,Jackson,5067,Amagon,90
AR,Jackson,5067,Weldon,68
AR,Jefferson,5069,Pine Bluff,45204
AR,Jefferson,5069,White Hall,4963
AR,Jefferson,5069,Redfield,1514
AR,Jefferson,5069,Sulphur Springs,1189
AR,Jefferson,5069,Altheimer,811
AR,Jefferson,5069,Wabbaseka,218
AR,Jefferson,5069,Sherrill,73
AR,Johnson,5071,Clarksville,9764
AR,Johnson,5071,Lamar,1722
AR,Johnson,5071,Coal Hill,1011
AR,Johnson,5071,Knoxville,756
AR,Johnson,5071,Hartman,556
AR,Johnson,5071,Hagarville,41
AR,Lafayette,5073,Stamps,1465
AR,Lafayette,5073,Lewisville,1114
AR,Lafayette,5073,Bradley,527
AR,Lafayette,5073,Buckner,229
AR,Lawrence,5075,Walnut Ridge,6568
AR,Lawrence,5075,Hoxie,2601
AR,Lawrence,5075,Imboden,621
AR,Lawrence,5075,Black Rock,602
AR,Lawrence,5075,Ravenden,451
AR,Lawrence,5075,Portia,405
AR,Lawrence,5075,Strawberry,280
AR,Lawrence,5075,Lynn,264
AR,Lawrence,5075,Sedgwick,167
AR,Lawrence,5075,Alicia,128
AR,Lawrence,5075,Minturn,107
AR,Lawrence,5075,Smithville,69
AR,Lawrence,5075,Powhatan,63
AR,Lee,5077,Marianna,3402
AR,Lee,5077,Moro,178
AR,Lee,5077,Rondo,166
AR,Lee,5077,Aubrey,138
AR,Lee,5077,Haynes,125
AR,Lee,5077,LaGrange,71
AR,Lincoln,5079,Star City,2030
AR,Lincoln,5079,Gould,724
AR,Lincoln,5079,Grady,391
AR,Little River,5081,Ashdown,4400
AR,Little River,5081,Foreman,926
AR,Little River,5081,Yarborough Landing,401
AR,Little River,5081,Wilton,347
AR,Little River,5081,Winthrop,180
AR,Little River,5081,Ogden,155
AR,Logan,5083,Booneville,3785
AR,Logan,5083,Paris,3365
AR,Logan,5083,Magazine,830
AR,Logan,5083,Subiaco,558
AR,Logan,5083,Scranton,230
AR,Logan,5083,Caulksville,209
AR,Logan,5083,Ratcliff,183
AR,Logan,5083,Blue Mountain,118
AR,Logan,5083,Morrison Bluff,78
AR,Logan,5083,New Blaine,62
AR,Lonoke,5085,Cabot,26352
AR,Lonoke,5085,Ward,5358
AR,Lonoke,5085,Lonoke,4187
AR,Lonoke,5085,Austin,4079
AR,Lonoke,5085,England,2689
AR,Lonoke,5085,Carlisle,2156
AR,Lonoke,5085,Humnoke,274
AR,Lonoke,5085,Keo,251
AR,Lonoke,5085,Allport,118
AR,Lonoke,5085,Coy,93
AR,Lonoke,5085,Scott,24
AR,Madison,5087,Huntsville,2569
AR,Madison,5087,St. Paul,113
AR,Madison,5087,Hindsville,65
AR,Marion,5089,Bull Shoals,1946
AR,Marion,5089,Flippin,1322
AR,Marion,5089,Yellville,1156
AR,Marion,5089,Summit,590
AR,Marion,5089,Pyatt,230
AR,Miller,5091,Texarkana,29657
AR,Miller,5091,Fouke,878
AR,Miller,5091,Garland,236
AR,Mississippi,5093,Blytheville,15693
AR,Mississippi,5093,Osceola,7085
AR,Mississippi,5093,Manila,3357
AR,Mississippi,5093,Gosnell,3116
AR,Mississippi,5093,Leachville,1864
AR,Mississippi,5093,Luxora,1027
AR,Mississippi,5093,Wilson,815
AR,Mississippi,5093,Keiser,676
AR,Mississippi,5093,Joiner,500
AR,Mississippi,5093,Dyess,363
AR,Mississippi,5093,Etowah,317
AR,Mississippi,5093,Dell,187
AR,Mississippi,5093,Burdette,167
AR,Mississippi,5093,Bassett,159
AR,Mississippi,5093,Marie,71
AR,Mississippi,5093,Birdsong,42
AR,Mississippi,5093,Victoria,32
AR,Monroe,5095,Brinkley,2590
AR,Monroe,5095,Clarendon,1361
AR,Monroe,5095,Holly Grove,528
AR,Monroe,5095,Roe,96
AR,Monroe,5095,Fargo,80
AR,Montgomery,5097,Mount Ida,1005
AR,Montgomery,5097,Norman,362
AR,Montgomery,5097,Oden,215
AR,Montgomery,5097,Black Springs,92
AR,Nevada,5099,Prescott,2989
AR,Nevada,5099,Emmet,461
AR,Nevada,5099,Rosston,237
AR,Nevada,5099,Willisville,141
AR,Nevada,5099,Bodcaw,128
AR,Nevada,5099,Bluff City,116
AR,Nevada,5099,Cale,69
AR,Newton,5101,Jasper,488
AR,Newton,5101,Western Grove,361
AR,Ouachita,5103,Camden,10749
AR,Ouachita,5103,Bearden,858
AR,Ouachita,5103,East Camden,818
AR,Ouachita,5103,Stephens,787
AR,Ouachita,5103,Chidester,260
AR,Ouachita,5103,Reader,192
AR,Ouachita,5103,Louann,151
AR,Perry,5105,Perryville,1458
AR,Perry,5105,Bigelow,345
AR,Perry,5105,Perry,281
AR,Perry,5105,Adona,206
AR,Perry,5105,Houston,175
AR,Perry,5105,Casa,167
AR,Perry,5105,Fourche,63
AR,Phillips,5107,Helena-West Helena,10299
AR,Phillips,5107,Marvell,916
AR,Phillips,5107,Elaine,499
AR,Phillips,5107,Lexa,238
AR,Pike,5109,Glenwood,2128
AR,Pike,5109,Murfreesboro,1586
AR,Pike,5109,Kirby,878
AR,Pike,5109,Delight,271
AR,Pike,5109,Daisy,110
AR,Pike,5109,Antoine,108
AR,Poinsett,5111,Trumann,6969
AR,Poinsett,5111,Marked Tree,2420
AR,Poinsett,5111,Harrisburg,2309
AR,Poinsett,5111,Lepanto,1807
AR,Poinsett,5111,Tyronza,721
AR,Poinsett,5111,Weiner,674
AR,Poinsett,5111,Fisher,213
AR,Poinsett,5111,Waldenburg,58
AR,Polk,5113,Mena,5490
AR,Polk,5113,Wickes,747
AR,Polk,5113,Grannis,574
AR,Polk,5113,Hatfield,388
AR,Polk,5113,Cove,373
AR,Polk,5113,Vandervoort,86
AR,Pope,5115,Russellville,34205
AR,Pope,5115,Pottsville,3327
AR,Pope,5115,Atkins,3037
AR,Pope,5115,Dover,1440
AR,Pope,5115,London,1067
AR,Pope,5115,Hector,466
AR,Prairie,5117,Des Arc,1582
AR,Prairie,5117,Hazen,1344
AR,Prairie,5117,De Valls Bluff,555
AR,Prairie,5117,Fredonia,349
AR,Prairie,5117,Ulm,155
AR,Pulaski,5119,Little Rock,439815
AR,Pulaski,5119,North Little Rock,65903
AR,Pulaski,5119,Sherwood,31436
AR,Pulaski,5119,Jacksonville,28235
AR,Pulaski,5119,Maumelle,18199
AR,Pulaski,5119,Gibson,4985
AR,Pulaski,5119,Alexander,3457
AR,Pulaski,5119,Landmark,3435
AR,Pulaski,5119,Wrightsville,2131
AR,Pulaski,5119,McAlmont,1894
AR,Pulaski,5119,Sweet Home,1037
AR,Pulaski,5119,Cammack Village,719
AR,Pulaski,5119,Natural Steps,692
AR,Pulaski,5119,Roland,590
AR,Pulaski,5119,College Station,485
AR,Pulaski,5119,Woodson,366
AR,Pulaski,5119,Hensley,56
AR,Randolph,5121,Pocahontas,6645
AR,Randolph,5121,Reyno,451
AR,Randolph,5121,Maynard,417
AR,Randolph,5121,Biggers,339
AR,Randolph,5121,O'Kean,197
AR,Randolph,5121,Ravenden Springs,121
AR,Saline,5125,Benton,36820
AR,Saline,5125,Bryant,20968
AR,Saline,5125,Hot Springs Village,14779
AR,Saline,5125,East End,6384
AR,Saline,5125,Haskell,4605
AR,Saline,5125,Shannon Hills,3990
AR,Saline,5125,Salem,1993
AR,Saline,5125,Avilla,1200
AR,Saline,5125,Bauxite,548
AR,Saline,5125,Traskwood,548
AR,Scott,5127,Waldron,3374
AR,Searcy,5129,Marshall,1336
AR,Searcy,5129,Leslie,415
AR,Searcy,5129,St. Joe,125
AR,Searcy,5129,Pindall,105
AR,Searcy,5129,Gilbert,26
AR,Sebastian,5131,Fort Smith,125354
AR,Sebastian,5131,Greenwood,9414
AR,Sebastian,5131,Barling,5036
AR,Sebastian,5131,Lavaca,2427
AR,Sebastian,5131,Mansfield,1096
AR,Sebastian,5131,Hackett,844
AR,Sebastian,5131,Hartford,629
AR,Sebastian,5131,Huntington,621
AR,Sebastian,5131,Bonanza,564
AR,Sebastian,5131,Central City,502
AR,Sebastian,5131,Midland,323
AR,Sevier,5133,De Queen,6534
AR,Sevier,5133,Horatio,1030
AR,Sevier,5133,Lockesburg,724
AR,Sevier,5133,Gillham,157
AR,Sevier,5133,Ben Lomond,142
AR,Sharp,5135,Cherokee Village,4661
AR,Sharp,5135,Cave City,1927
AR,Sharp,5135,Highland,1107
AR,Sharp,5135,Ash Flat,1098
AR,Sharp,5135,Hardy,765
AR,Sharp,5135,Evening Shade,444
AR,Sharp,5135,Sidney,189
AR,Sharp,5135,Williford,80
AR,St. Francis,5123,Forrest City,13820
AR,St. Francis,5123,Hughes,1216
AR,St. Francis,5123,Madison,686
AR,St. Francis,5123,Palestine,576
AR,St. Francis,5123,Caldwell,456
AR,St. Francis,5123,Colt,329
AR,St. Francis,5123,Wheatley,298
AR,St. Francis,5123,Widener,246
AR,Stone,5137,Mountain View,2863
AR,Stone,5137,Fifty-Six,174
AR,Union,5139,El Dorado,17706
AR,Union,5139,Smackover,1688
AR,Union,5139,Norphlet,782
AR,Union,5139,Huttig,528
AR,Union,5139,Junction City,523
AR,Union,5139,Strong,504
AR,Union,5139,Calion,445
AR,Union,5139,Felsenthal,141
AR,Van Buren,5141,Clinton,2520
AR,Van Buren,5141,Fairfield Bay,2189
AR,Van Buren,5141,Damascus,383
AR,Van Buren,5141,Dennard,327
AR,Van Buren,5141,Shirley,275
AR,Washington,5143,Fayetteville,351246
AR,Washington,5143,Springdale,81125
AR,Washington,5143,Farmington,7400
AR,Washington,5143,Prairie Grove,6740
AR,Washington,5143,Tontitown,4358
AR,Washington,5143,Johnson,3742
AR,Washington,5143,Elkins,3487
AR,Washington,5143,West Fork,2655
AR,Washington,5143,Lincoln,2481
AR,Washington,5143,Elm Springs,2472
AR,Washington,5143,Goshen,1941
AR,Washington,5143,Greenland,1403
AR,Washington,5143,Winslow,424
AR,White,5145,Searcy,26889
AR,White,5145,Beebe,8168
AR,White,5145,Bald Knob,2868
AR,White,5145,Judsonia,1994
AR,White,5145,Kensett,1617
AR,White,5145,Bradford,736
AR,White,5145,Higginson,731
AR,White,5145,McRae,669
AR,White,5145,Pangburn,579
AR,White,5145,Rose Bud,488
AR,White,5145,Garner,285
AR,White,5145,Letona,244
AR,White,5145,Griffithville,225
AR,White,5145,Russell,217
AR,White,5145,West Point,178
AR,White,5145,Georgetown,132
AR,Woodruff,5147,Augusta,1947
AR,Woodruff,5147,McCrory,1488
AR,Woodruff,5147,Cotton Plant,574
AR,Woodruff,5147,Patterson,391
AR,Woodruff,5147,Hunter,93
AR,Yell,5149,Dardanelle,4541
AR,Yell,5149,Danville,2393
AR,Yell,5149,Ola,1209
AR,Yell,5149,Plainview,579
AR,Yell,5149,Belleville,418
AR,Yell,5149,Havana,363
AR,Yell,5149,Corinth,67
AZ,Apache,4001,Eagar,6164
AZ,Apache,4001,Chinle,4879
AZ,Apache,4001,Fort Defiance,4590
AZ,Apache,4001,St. Johns,3512
AZ,Apache,4001,Window Rock,2454
AZ,Apache,4001,Springerville,1978
AZ,Apache,4001,Lukachukai,1497
AZ,Apache,4001,Tsaile,1364
AZ,Apache,4001,Many Farms,1188
AZ,Apache,4001,St. Michaels,1125
AZ,Apache,4001,Ganado,980
AZ,Apache,4001,Dennehotso,900
AZ,Apache,4001,Houck,871
AZ,Apache,4001,Teec Nos Pos,838
AZ,Apache,4001,Sawmill,775
AZ,Apache,4001,Burnside,732
AZ,Apache,4001,McNary,672
AZ,Apache,4001,Round Rock,654
AZ,Apache,4001,Sanders,608
AZ,Apache,4001,Rock Point,593
AZ,Apache,4001,Nazlini,522
AZ,Apache,4001,Red Mesa,501
AZ,Apache,4001,Rough Rock,428
AZ,Apache,4001,Del Muerto,347
AZ,Apache,4001,Steamboat,316
AZ,Apache,4001,Cornfields,260
AZ,Apache,4001,Klagetoh,258
AZ,Apache,4001,Vernon,163
AZ,Apache,4001,Alpine,154
AZ,Apache,4001,Sehili,140
AZ,Apache,4001,Oak Springs,80
AZ,Apache,4001,Greer,39
AZ,Apache,4001,Wide Ruins,38
AZ,Apache,4001,Lupton,19
AZ,Cochise,4003,Sierra Vista,51731
AZ,Cochise,4003,Douglas,16467
AZ,Cochise,4003,Sierra Vista Southeast,15841
AZ,Cochise,4003,Bisbee,5225
AZ,Cochise,4003,Benson,4880
AZ,Cochise,4003,Willcox,3533
AZ,Cochise,4003,Whetstone,2304
AZ,Cochise,4003,Huachuca City,1736
AZ,Cochise,4003,Pirtleville,1572
AZ,Cochise,4003,Mescal,1527
AZ,Cochise,4003,Tombstone,1303
AZ,Cochise,4003,St. David,1233
AZ,Cochise,4003,Naco,931
AZ,Cochise,4003,Miracle Valley,764
AZ,Cochise,4003,Elfrida,403
AZ,Cochise,4003,Bowie,312
AZ,Cochise,4003,Sunizona,212
AZ,Cochise,4003,San Simon,183
AZ,Cochise,4003,Palominas,178
AZ,Cochise,4003,McNeal,159
AZ,Cochise,4003,Dragoon,14
AZ,Coconino,4005,Flagstaff,81974
AZ,Coconino,4005,Sedona,10339
AZ,Coconino,4005,Tuba City,8609
AZ,Coconino,4005,Page,7529
AZ,Coconino,4005,Doney Park,5021
AZ,Coconino,4005,Williams,3248
AZ,Coconino,4005,Kachina Village,2932
AZ,Coconino,4005,Grand Canyon Village,2239
AZ,Coconino,4005,Kaibito,1657
AZ,Coconino,4005,LeChee,1561
AZ,Coconino,4005,Parks,1496
AZ,Coconino,4005,Leupp,1362
AZ,Coconino,4005,Fredonia,1281
AZ,Coconino,4005,Fort Valley,1257
AZ,Coconino,4005,Moenkopi,1252
AZ,Coconino,4005,Cameron,929
AZ,Coconino,4005,Munds Park,880
AZ,Coconino,4005,Mountainaire,804
AZ,Coconino,4005,Tusayan,580
AZ,Coconino,4005,Bitter Springs,438
AZ,Coconino,4005,Tolani Lake,335
AZ,Coconino,4005,Tonalea,320
AZ,Coconino,4005,Valle,254
AZ,Gila,4007,Payson,15813
AZ,Gila,4007,Globe,13182
AZ,Gila,4007,San Carlos,4451
AZ,Gila,4007,Central Heights-Midland City,2774
AZ,Gila,4007,Star Valley,2308
AZ,Gila,4007,Pine,1817
AZ,Gila,4007,Miami,1780
AZ,Gila,4007,Tonto Basin,1685
AZ,Gila,4007,Peridot,1676
AZ,Gila,4007,Canyon Day,1629
AZ,Gila,4007,Six Shooter Canyon,1241
AZ,Gila,4007,Claypool,1176
AZ,Gila,4007,Mesa del Caballo,962
AZ,Gila,4007,Strawberry,946
AZ,Gila,4007,Round Valley,754
AZ,Gila,4007,Hayden,631
AZ,Gila,4007,Cedar Creek,517
AZ,Gila,4007,Young,482
AZ,Gila,4007,Icehouse Canyon,478
AZ,Gila,4007,Pinal,466
AZ,Gila,4007,Gisela,458
AZ,Gila,4007,Wheatfields,416
AZ,Gila,4007,Winkelman,351
AZ,Gila,4007,Dripping Springs,258
AZ,Gila,4007,Freedom Acres,254
AZ,Gila,4007,Oxbow Estates,213
AZ,Gila,4007,Tonto Village,193
AZ,Gila,4007,Deer Creek,182
AZ,Gila,4007,Jakes Corner,176
AZ,Gila,4007,East Globe,171
AZ,Gila,4007,Kohls Ranch,158
AZ,Gila,4007,Beaver Valley,151
AZ,Gila,4007,Washington Park,128
AZ,Gila,4007,Christopher Creek,123
AZ,Gila,4007,East Verde Estates,111
AZ,Gila,4007,Rock House,87
AZ,Gila,4007,Carrizo,82
AZ,Gila,4007,Whispering Pines,76
AZ,Gila,4007,Flowing Springs,62
AZ,Gila,4007,Rye,59
AZ,Gila,4007,Haigler Creek,56
AZ,Gila,4007,Cutter,45
AZ,Gila,4007,El Capitan,36
AZ,Gila,4007,Hunter Creek,16
AZ,Gila,4007,Roosevelt,14
AZ,Graham,4009,Safford,19987
AZ,Graham,4009,Thatcher,5200
AZ,Graham,4009,Swift Trail Junction,2915
AZ,Graham,4009,Pima,2558
AZ,Graham,4009,Bylas,1687
AZ,Graham,4009,Cactus Flats,1372
AZ,Graham,4009,San Jose,718
AZ,Graham,4009,Solomon,522
AZ,Graham,4009,Fort Thomas,440
AZ,Graham,4009,Central,323
AZ,Graham,4009,Bryce,103
AZ,Greenlee,4011,Clifton,5049
AZ,Greenlee,4011,Morenci,1576
AZ,Greenlee,4011,Duncan,788
AZ,Greenlee,4011,York,687
AZ,Greenlee,4011,Franklin,89
AZ,La Paz,4012,Parker,4959
AZ,La Paz,4012,Quartzsite,3763
AZ,La Paz,4012,Cienega Springs,1830
AZ,La Paz,4012,Salome,1379
AZ,La Paz,4012,Ehrenberg,1160
AZ,La Paz,4012,Bouse,1108
AZ,La Paz,4012,Bluewater,974
AZ,La Paz,4012,Parker Strip,886
AZ,La Paz,4012,Vicksburg,647
AZ,La Paz,4012,La Paz Valley,520
AZ,La Paz,4012,Brenda,494
AZ,La Paz,4012,Wenden,375
AZ,La Paz,4012,Cibola,355
AZ,La Paz,4012,Poston,242
AZ,La Paz,4012,Utting,124
AZ,La Paz,4012,Sunwest,39
AZ,La Paz,4012,Alamo Lake,24
AZ,Maricopa,4013,Phoenix,4219697
AZ,Maricopa,4013,Mesa,518012
AZ,Maricopa,4013,Chandler,261165
AZ,Maricopa,4013,Scottsdale,258069
AZ,Maricopa,4013,Gilbert,254114
AZ,Maricopa,4013,Glendale,252381
AZ,Maricopa,4013,Avondale,227289
AZ,Maricopa,4013,Tempe,195805
AZ,Maricopa,4013,Peoria,175961
AZ,Maricopa,4013,Surprise,141664
AZ,Maricopa,4013,Goodyear,86840
AZ,Maricopa,4013,Buckeye,79620
AZ,Maricopa,4013,Queen Creek,50890
AZ,Maricopa,4013,Sun City,38877
AZ,Maricopa,4013,El Mirage,35753
AZ,Maricopa,4013,Sun City West,25544
AZ,Maricopa,4013,Fountain Hills,25200
AZ,Maricopa,4013,Anthem,22468
AZ,Maricopa,4013,New River,15910
AZ,Maricopa,4013,Paradise Valley,14637
AZ,Maricopa,4013,Sun Lakes,14473
AZ,Maricopa,4013,Wickenburg,8092
AZ,Maricopa,4013,Tolleson,7372
AZ,Maricopa,4013,Youngtown,6859
AZ,Maricopa,4013,Guadalupe,6631
AZ,Maricopa,4013,Litchfield Park,6436
AZ,Maricopa,4013,Cave Creek,5838
AZ,Maricopa,4013,Citrus Park,5376
AZ,Maricopa,4013,Carefree,3927
AZ,Maricopa,4013,Rio Verde,2180
AZ,Maricopa,4013,Gila Bend,2100
AZ,Maricopa,4013,Komatke,915
AZ,Maricopa,4013,Aguila,888
AZ,Maricopa,4013,Gila Crossing,783
AZ,Maricopa,4013,Wittmann,693
AZ,Maricopa,4013,Maricopa Colony,607
AZ,Maricopa,4013,Morristown,209
AZ,Maricopa,4013,Arlington,160
AZ,Maricopa,4013,Kaka,123
AZ,Maricopa,4013,Theba,90
AZ,Maricopa,4013,Tonopah,59
AZ,Maricopa,4013,Wintersburg,25
AZ,Mohave,4015,Lake Havasu City,56820
AZ,Mohave,4015,Bullhead City,50309
AZ,Mohave,4015,Kingman,46524
AZ,Mohave,4015,Fort Mohave,15593
AZ,Mohave,4015,New Kingman-Butler,13933
AZ,Mohave,4015,Golden Valley,9079
AZ,Mohave,4015,Colorado City,8258
AZ,Mohave,4015,Mohave Valley,2675
AZ,Mohave,4015,Desert Hills,2616
AZ,Mohave,4015,Dolan Springs,2222
AZ,Mohave,4015,Valle Vista,2195
AZ,Mohave,4015,Scenic,1701
AZ,Mohave,4015,Centennial Park,1366
AZ,Mohave,4015,Beaver Dam,1349
AZ,Mohave,4015,Peach Springs,1301
AZ,Mohave,4015,Meadview,1211
AZ,Mohave,4015,Arizona Village,1117
AZ,Mohave,4015,Golden Shores,945
AZ,Mohave,4015,Willow Valley,785
AZ,Mohave,4015,Walnut Creek,669
AZ,Mohave,4015,Mesquite Creek,458
AZ,Mohave,4015,Littlefield,394
AZ,Mohave,4015,Chloride,393
AZ,Mohave,4015,Clacks Canyon,340
AZ,Mohave,4015,So-Hi,337
AZ,Mohave,4015,Cane Beds,333
AZ,Mohave,4015,Lazy Y U,320
AZ,Mohave,4015,White Hills,254
AZ,Mohave,4015,Antares,166
AZ,Mohave,4015,Pinion Pines,162
AZ,Mohave,4015,Crystal Beach,137
AZ,Mohave,4015,Pine Lake,137
AZ,Mohave,4015,Hackberry,136
AZ,Mohave,4015,Kaibab,130
AZ,Mohave,4015,Wikieup,102
AZ,Mohave,4015,Moccasin,101
AZ,Mohave,4015,Valentine,71
AZ,Mohave,4015,Katherine,66
AZ,Mohave,4015,Yucca,65
AZ,Mohave,4015,Crozier,49
AZ,Mohave,4015,Oatman,43
AZ,Mohave,4015,Truxton,40
AZ,Mohave,4015,Mojave Ranch Estates,4
AZ,Navajo,4017,Show Low,11442
AZ,Navajo,4017,Winslow,9443
AZ,Navajo,4017,Snowflake,6733
AZ,Navajo,4017,Kayenta,5512
AZ,Navajo,4017,Holbrook,5084
AZ,Navajo,4017,Pinetop-Lakeside,4469
AZ,Navajo,4017,Taylor,4321
AZ,Navajo,4017,Whiteriver,4296
AZ,Navajo,4017,Lake of the Woods,3683
AZ,Navajo,4017,Linden,2798
AZ,Navajo,4017,White Mountain Lake,2700
AZ,Navajo,4017,Heber-Overgaard,2695
AZ,Navajo,4017,Cibecue,2173
AZ,Navajo,4017,First Mesa,1937
AZ,Navajo,4017,Second Mesa,1823
AZ,Navajo,4017,North Fork,1676
AZ,Navajo,4017,Joseph City,1672
AZ,Navajo,4017,Wagon Wheel,1461
AZ,Navajo,4017,Pinetop Country Club,1437
AZ,Navajo,4017,Dilkon,1188
AZ,Navajo,4017,Hotevilla-Bacavi,1097
AZ,Navajo,4017,Rainbow City,1041
AZ,Navajo,4017,Shongopovi,1017
AZ,Navajo,4017,Seven Mile,950
AZ,Navajo,4017,Hondah,934
AZ,Navajo,4017,Chilchinbito,926
AZ,Navajo,4017,Pinon,889
AZ,Navajo,4017,Kykotsmovi Village,881
AZ,Navajo,4017,Whitecone,871
AZ,Navajo,4017,Low Mountain,724
AZ,Navajo,4017,East Fork,698
AZ,Navajo,4017,Winslow West,642
AZ,Navajo,4017,Tees Toh,633
AZ,Navajo,4017,Clay Springs,523
AZ,Navajo,4017,Shonto,515
AZ,Navajo,4017,Greasewood,454
AZ,Navajo,4017,Turkey Creek,426
AZ,Navajo,4017,Keams Canyon,305
AZ,Navajo,4017,Indian Wells,301
AZ,Navajo,4017,Pinedale,246
AZ,Navajo,4017,Jeddito,221
AZ,Navajo,4017,Fort Apache,189
AZ,Navajo,4017,Oljato-Monument Valley,186
AZ,Navajo,4017,Woodruff,111
AZ,Navajo,4017,Seba Dalkai,100
AZ,Navajo,4017,Sun Valley,77
AZ,Navajo,4017,Hard Rock,53
AZ,Pima,4019,Tucson,888486
AZ,Pima,4019,Casas Adobes,70166
AZ,Pima,4019,Sahuarita,50616
AZ,Pima,4019,Catalina Foothills,50454
AZ,Pima,4019,Marana,49030
AZ,Pima,4019,Oro Valley,46044
AZ,Pima,4019,Drexel Heights,29568
AZ,Pima,4019,Green Valley,20902
AZ,Pima,4019,Flowing Wells,15755
AZ,Pima,4019,Tanque Verde,15638
AZ,Pima,4019,Vail,12982
AZ,Pima,4019,Tucson Estates,11960
AZ,Pima,4019,Valencia West,11796
AZ,Pima,4019,Picture Rocks,9653
AZ,Pima,4019,Corona de Tucson,8470
AZ,Pima,4019,Catalina,7910
AZ,Pima,4019,Avra Valley,6203
AZ,Pima,4019,South Tucson,5715
AZ,Pima,4019,Rincon Valley,5346
AZ,Pima,4019,Three Points,4801
AZ,Pima,4019,Summit,4707
AZ,Pima,4019,Ajo,2841
AZ,Pima,4019,Sells,2609
AZ,Pima,4019,Arivaca Junction,1248
AZ,Pima,4019,Pimaco Two,907
AZ,Pima,4019,Elephant Head,844
AZ,Pima,4019,Arivaca,723
AZ,Pima,4019,Nelson,587
AZ,Pima,4019,Santa Rosa,536
AZ,Pima,4019,Topawa,400
AZ,Pima,4019,Pisinemo,301
AZ,Pima,4019,South Komelik,296
AZ,Pima,4019,San Miguel,292
AZ,Pima,4019,Ali Chuk,178
AZ,Pima,4019,Why,148
AZ,Pima,4019,Gu Oidak,139
AZ,Pima,4019,Wahak Hotrontk,139
AZ,Pima,4019,Haivana Nakya,138
AZ,Pima,4019,Maish Vaya,137
AZ,Pima,4019,Ventana,107
AZ,Pima,4019,Cowlic,106
AZ,Pima,4019,Nolic,97
AZ,Pima,4019,Anegam,79
AZ,Pima,4019,Ali Molina,61
AZ,Pima,4019,Ali Chukson,57
AZ,Pima,4019,Summerhaven,41
AZ,Pima,4019,Charco,24
AZ,Pima,4019,Ko Vaya,8
AZ,Pinal,4021,San Tan Valley,96692
AZ,Pinal,4021,Casa Grande,61966
AZ,Pinal,4021,Maricopa,52127
AZ,Pinal,4021,Apache Junction,42571
AZ,Pinal,4021,Florence,27422
AZ,Pinal,4021,Eloy,19625
AZ,Pinal,4021,Coolidge,13130
AZ,Pinal,4021,Gold Canyon,11612
AZ,Pinal,4021,Arizona City,11200
AZ,Pinal,4021,Saddlebrooke,10945
AZ,Pinal,4021,Red Rock,4203
AZ,Pinal,4021,San Manuel,3692
AZ,Pinal,4021,Oracle,3656
AZ,Pinal,4021,Superior,3185
AZ,Pinal,4021,Kearny,2168
AZ,Pinal,4021,Sacaton,1824
AZ,Pinal,4021,Mammoth,1687
AZ,Pinal,4021,Blackwater,1660
AZ,Pinal,4021,Ak-Chin Village,1228
AZ,Pinal,4021,Dudleyville,1068
AZ,Pinal,4021,Casa Blanca,1004
AZ,Pinal,4021,Cactus Forest,876
AZ,Pinal,4021,Stotonic Village,607
AZ,Pinal,4021,Upper Santan Village,607
AZ,Pinal,4021,Queen Valley,566
AZ,Pinal,4021,Stanfield,515
AZ,Pinal,4021,Picacho,430
AZ,Pinal,4021,Sacaton Flats Village,422
AZ,Pinal,4021,Chuichu,338
AZ,Pinal,4021,Top-of-the-World,315
AZ,Pinal,4021,Goodyear Village,291
AZ,Pinal,4021,Lower Santan Village,214
AZ,Pinal,4021,Sacate Village,175
AZ,Pinal,4021,Campo Bonito,103
AZ,Pinal,4021,Wet Camp Village,82
AZ,Pinal,4021,Santa Cruz,61
AZ,Pinal,4021,Tat Momoli,43
AZ,Pinal,4021,Sweet Water Village,8
AZ,Santa Cruz,4023,Nogales,30917
AZ,Santa Cruz,4023,Rio Rico,19581
AZ,Santa Cruz,4023,Tubac,1375
AZ,Santa Cruz,4023,Patagonia,874
AZ,Santa Cruz,4023,Sonoita,801
AZ,Santa Cruz,4023,Kino Springs,321
AZ,Santa Cruz,4023,Tumacacori-Carmen,132
AZ,Santa Cruz,4023,Elgin,91
AZ,Santa Cruz,4023,Beyerville,33
AZ,Santa Cruz,4023,Amado,33
AZ,Yavapai,4025,Prescott Valley,101539
AZ,Yavapai,4025,Prescott,44299
AZ,Yavapai,4025,Verde Village,12903
AZ,Yavapai,4025,Chino Valley,12375
AZ,Yavapai,4025,Cottonwood,12253
AZ,Yavapai,4025,Camp Verde,11187
AZ,Yavapai,4025,Village of Oak Creek,6375
AZ,Yavapai,4025,Williamson,5347
AZ,Yavapai,4025,Paulden,5189
AZ,Yavapai,4025,Clarkdale,4391
AZ,Yavapai,4025,Lake Montezuma,4329
AZ,Yavapai,4025,Dewey-Humboldt,4137
AZ,Yavapai,4025,Cornville,3351
AZ,Yavapai,4025,Black Canyon City,2825
AZ,Yavapai,4025,Cordes Lakes,2586
AZ,Yavapai,4025,Mayer,1930
AZ,Yavapai,4025,Bagdad,1774
AZ,Yavapai,4025,Congress,1632
AZ,Yavapai,4025,Spring Valley,1596
AZ,Yavapai,4025,Wilhoit,1009
AZ,Yavapai,4025,Seligman,776
AZ,Yavapai,4025,Yarnell,739
AZ,Yavapai,4025,Ash Fork,698
AZ,Yavapai,4025,Peeples Valley,521
AZ,Yavapai,4025,Jerome,455
AZ,Yuma,4027,Yuma,142847
AZ,Yuma,4027,San Luis,34778
AZ,Yuma,4027,Fortuna Foothills,29955
AZ,Yuma,4027,Somerton,19684
AZ,Yuma,4027,Avenue B and C,3797
AZ,Yuma,4027,Wellton,3044
AZ,Yuma,4027,Donovan Estates,1394
AZ,Yuma,4027,Tacna,637
AZ,Yuma,4027,Rancho Mesa Verde,571
AZ,Yuma,4027,Wellton Hills,569
AZ,Yuma,4027,El Prado Estates,530
AZ,Yuma,4027,Gadsden,510
AZ,Yuma,4027,Drysdale,436
AZ,Yuma,4027,Dateland,434
AZ,Yuma,4027,Wall Lane,243
AZ,Yuma,4027,Martinez Lake,59
AZ,Yuma,4027,Padre Ranchitos,49
AZ,Yuma,4027,Buckshot,23
CA,Alameda,6001,Oakland,433031
CA,Alameda,6001,Fremont,241110
CA,Alameda,6001,Hayward,159203
CA,Alameda,6001,Berkeley,121363
CA,Alameda,6001,Livermore,90923
CA,Alameda,6001,San Leandro,88815
CA,Alameda,6001,Pleasanton,81777
CA,Alameda,6001,Alameda,77624
CA,Alameda,6001,Union City,74107
CA,Alameda,6001,Dublin,64826
CA,Alameda,6001,Castro Valley,63013
CA,Alameda,6001,Newark,49149
CA,Alameda,6001,San Lorenzo,25569
CA,Alameda,6001,Ashland,24430
CA,Alameda,6001,Albany,19696
CA,Alameda,6001,Cherryland,16066
CA,Alameda,6001,Emeryville,12086
CA,Alameda,6001,Piedmont,11135
CA,Alameda,6001,Fairview,10532
CA,Alameda,6001,Sunol,850
CA,Alpine,6003,Mesa Vista,228
CA,Alpine,6003,Markleeville,132
CA,Alpine,6003,Alpine Village,101
CA,Alpine,6003,Kirkwood,80
CA,Amador,6005,Ione,8568
CA,Amador,6005,Jackson,7550
CA,Amador,6005,Sutter Creek,2622
CA,Amador,6005,Buckhorn,2387
CA,Amador,6005,Red Corral,1787
CA,Amador,6005,Pine Grove,1762
CA,Amador,6005,Pioneer,1386
CA,Amador,6005,Camanche North Shore,1139
CA,Amador,6005,Plymouth,1076
CA,Amador,6005,Camanche Village,903
CA,Amador,6005,Buena Vista,595
CA,Amador,6005,River Pines,566
CA,Amador,6005,Martell,400
CA,Amador,6005,Fiddletown,324
CA,Amador,6005,Amador City,190
CA,Amador,6005,Volcano,40
CA,Amador,6005,Drytown,21
CA,Butte,6007,Chico,117668
CA,Butte,6007,Oroville,49513
CA,Butte,6007,Magalia,11476
CA,Butte,6007,Gridley,9237
CA,Butte,6007,Oroville East,7771
CA,Butte,6007,Thermalito,6894
CA,Butte,6007,Durham,5987
CA,Butte,6007,Paradise,5928
CA,Butte,6007,Palermo,5395
CA,Butte,6007,South Oroville,2906
CA,Butte,6007,Kelly Ridge,2850
CA,Butte,6007,Biggs,1879
CA,Butte,6007,Berry Creek,1313
CA,Butte,6007,Butte Creek Canyon,958
CA,Butte,6007,Forest Ranch,772
CA,Butte,6007,Butte Valley,736
CA,Butte,6007,Cohasset,631
CA,Butte,6007,Concow,553
CA,Butte,6007,Bangor,429
CA,Butte,6007,Forbestown,413
CA,Butte,6007,Stirling City,374
CA,Butte,6007,Clipper Mills,335
CA,Butte,6007,Nord,312
CA,Butte,6007,Yankee Hill,279
CA,Butte,6007,Richvale,209
CA,Butte,6007,Rackerby,208
CA,Butte,6007,Cherokee,137
CA,Butte,6007,Honcut,116
CA,Butte,6007,Robinson Mill,53
CA,Butte,6007,Butte Meadows,41
CA,Calaveras,6009,Rancho Calaveras,7026
CA,Calaveras,6009,Copperopolis,4361
CA,Calaveras,6009,Angels,3956
CA,Calaveras,6009,Valley Springs,3502
CA,Calaveras,6009,San Andreas,3120
CA,Calaveras,6009,Arnold,2291
CA,Calaveras,6009,Murphys,2188
CA,Calaveras,6009,Forest Meadows,1327
CA,Calaveras,6009,Mountain Ranch,1141
CA,Calaveras,6009,Wallace,944
CA,Calaveras,6009,Mokelumne Hill,691
CA,Calaveras,6009,Avery,561
CA,Calaveras,6009,West Point,454
CA,Calaveras,6009,Dorrington,278
CA,Calaveras,6009,Vallecito,234
CA,Calaveras,6009,Rail Road Flat,191
CA,Colusa,6011,Colusa,6891
CA,Colusa,6011,Williams,5469
CA,Colusa,6011,Arbuckle,3809
CA,Colusa,6011,Maxwell,1076
CA,Colusa,6011,Princeton,382
CA,Colusa,6011,Grimes,305
CA,Colusa,6011,College City,170
CA,Colusa,6011,Lodoga,168
CA,Colusa,6011,Stonyford,92
CA,Contra Costa,6013,Concord,652308
CA,Contra Costa,6013,Antioch,302419
CA,Contra Costa,6013,Richmond,110567
CA,Contra Costa,6013,San Ramon,75995
CA,Contra Costa,6013,Pittsburg,72588
CA,Contra Costa,6013,Walnut Creek,70166
CA,Contra Costa,6013,Brentwood,64474
CA,Contra Costa,6013,Danville,44510
CA,Contra Costa,6013,Oakley,42543
CA,Contra Costa,6013,Martinez,38297
CA,Contra Costa,6013,Pleasant Hill,34839
CA,Contra Costa,6013,San Pablo,30990
CA,Contra Costa,6013,Lafayette,26638
CA,Contra Costa,6013,Hercules,26276
CA,Contra Costa,6013,Bay Point,25808
CA,Contra Costa,6013,El Cerrito,25508
CA,Contra Costa,6013,Orinda,19926
CA,Contra Costa,6013,Pinole,19250
CA,Contra Costa,6013,Moraga,17783
CA,Contra Costa,6013,Discovery Bay,16159
CA,Contra Costa,6013,Alamo,14905
CA,Contra Costa,6013,Clayton,12265
CA,Contra Costa,6013,Rodeo,10409
CA,Contra Costa,6013,Blackhawk,9604
CA,Contra Costa,6013,Contra Costa Centre,6558
CA,Contra Costa,6013,Saranap,6231
CA,Contra Costa,6013,Kensington,5329
CA,Contra Costa,6013,Tara Hills,5117
CA,Contra Costa,6013,Camino Tassajara,4721
CA,Contra Costa,6013,Pacheco,4361
CA,Contra Costa,6013,North Richmond,4085
CA,Contra Costa,6013,Vine Hill,3886
CA,Contra Costa,6013,Reliez Valley,3518
CA,Contra Costa,6013,Rollingwood,3449
CA,Contra Costa,6013,San Miguel,3433
CA,Contra Costa,6013,Crockett,3265
CA,Contra Costa,6013,East Richmond Heights,3162
CA,Contra Costa,6013,Montalvin Manor,2852
CA,Contra Costa,6013,Bethel Island,2161
CA,Contra Costa,6013,Castle Hill,1426
CA,Contra Costa,6013,Shell Ridge,1342
CA,Contra Costa,6013,Byron,1304
CA,Contra Costa,6013,Knightsen,1176
CA,Contra Costa,6013,Acalanes Ridge,1134
CA,Contra Costa,6013,Norris Canyon,897
CA,Contra Costa,6013,Clyde,792
CA,Contra Costa,6013,Alhambra Valley,783
CA,Contra Costa,6013,North Gate,685
CA,Contra Costa,6013,Diablo,448
CA,Contra Costa,6013,Port Costa,180
CA,Del Norte,6015,Crescent City,16849
CA,Del Norte,6015,Bertsch-Oceanview,1988
CA,Del Norte,6015,Fort Dick,1097
CA,Del Norte,6015,Gasquet,685
CA,Del Norte,6015,Klamath,632
CA,Del Norte,6015,Smith River,498
CA,Del Norte,6015,Hiouchi,244
CA,El Dorado,6017,El Dorado Hills,46593
CA,El Dorado,6017,Placerville,31943
CA,El Dorado,6017,South Lake Tahoe,30188
CA,El Dorado,6017,Cameron Park,19171
CA,El Dorado,6017,Diamond Springs,11731
CA,El Dorado,6017,Pollock Pines,7156
CA,El Dorado,6017,Shingle Springs,3846
CA,El Dorado,6017,Auburn Lake Trails,3664
CA,El Dorado,6017,Georgetown,2577
CA,El Dorado,6017,Camino,1903
CA,El Dorado,6017,Grizzly Flats,1195
CA,El Dorado,6017,Cold Springs,582
CA,El Dorado,6017,Coloma,427
CA,Fresno,6019,Fresno,703498
CA,Fresno,6019,Clovis,114584
CA,Fresno,6019,Reedley,49042
CA,Fresno,6019,Selma,44703
CA,Fresno,6019,Sanger,27777
CA,Fresno,6019,Coalinga,17179
CA,Fresno,6019,Parlier,15618
CA,Fresno,6019,Kerman,15282
CA,Fresno,6019,Kingsburg,12108
CA,Fresno,6019,Mendota,11716
CA,Fresno,6019,Orange Cove,11059
CA,Fresno,6019,Firebaugh,8296
CA,Fresno,6019,Huron,7281
CA,Fresno,6019,Fowler,6790
CA,Fresno,6019,Old Fig Garden,5850
CA,Fresno,6019,Mayfair,4950
CA,Fresno,6019,Sunnyside,4464
CA,Fresno,6019,San Joaquin,4021
CA,Fresno,6019,Squaw Valley,3646
CA,Fresno,6019,Tarpey Village,3609
CA,Fresno,6019,Riverdale,3433
CA,Fresno,6019,Caruthers,2559
CA,Fresno,6019,Calwa,2089
CA,Fresno,6019,Easton,2018
CA,Fresno,6019,Auberry,2009
CA,Fresno,6019,Laton,2000
CA,Fresno,6019,Biola,1705
CA,Fresno,6019,Del Rey,1261
CA,Fresno,6019,Malaga,1186
CA,Fresno,6019,West Park,1071
CA,Fresno,6019,Minkler,958
CA,Fresno,6019,Tranquillity,809
CA,Fresno,6019,Friant,604
CA,Fresno,6019,Fort Washington,540
CA,Fresno,6019,Shaver Lake,473
CA,Fresno,6019,Raisin City,414
CA,Fresno,6019,Centerville,379
CA,Fresno,6019,Cantua Creek,379
CA,Fresno,6019,Bowles,272
CA,Fresno,6019,Three Rocks,249
CA,Fresno,6019,Lanare,226
CA,Fresno,6019,Big Creek,198
CA,Fresno,6019,Monmouth,111
CA,Fresno,6019,Westside,80
CA,Glenn,6021,Orland,9964
CA,Glenn,6021,Willows,7234
CA,Glenn,6021,Hamilton City,2113
CA,Glenn,6021,Artois,311
CA,Glenn,6021,Elk Creek,183
CA,Humboldt,6023,Eureka,44236
CA,Humboldt,6023,Arcata,34616
CA,Humboldt,6023,McKinleyville,17208
CA,Humboldt,6023,Fortuna,13449
CA,Humboldt,6023,Myrtletown,5222
CA,Humboldt,6023,Humboldt Hill,4315
CA,Humboldt,6023,Rio Dell,4056
CA,Humboldt,6023,Pine Hills,3375
CA,Humboldt,6023,Hoopa,3201
CA,Humboldt,6023,Cutten,2919
CA,Humboldt,6023,Bayview,2811
CA,Humboldt,6023,Willow Creek,1513
CA,Humboldt,6023,Redway,1358
CA,Humboldt,6023,Ferndale,1352
CA,Humboldt,6023,Blue Lake,1245
CA,Humboldt,6023,Westhaven-Moonstone,1110
CA,Humboldt,6023,Hydesville,1063
CA,Humboldt,6023,Garberville,913
CA,Humboldt,6023,Fieldbrook,880
CA,Humboldt,6023,Manila,793
CA,Humboldt,6023,Indianola,739
CA,Humboldt,6023,Loleta,632
CA,Humboldt,6023,Miranda,605
CA,Humboldt,6023,Shelter Cove,580
CA,Humboldt,6023,Scotia,546
CA,Humboldt,6023,Orick,389
CA,Humboldt,6023,Trinidad,355
CA,Humboldt,6023,Weott,304
CA,Humboldt,6023,Fields Landing,251
CA,Humboldt,6023,Samoa,212
CA,Humboldt,6023,Fairhaven,177
CA,Humboldt,6023,Alderpoint,156
CA,Humboldt,6023,Myers Flat,132
CA,Humboldt,6023,Benbow,118
CA,Humboldt,6023,Big Lagoon,100
CA,Humboldt,6023,Phillipsville,70
CA,Humboldt,6023,Redcrest,24
CA,Imperial,6025,El Centro,111425
CA,Imperial,6025,Calexico,39825
CA,Imperial,6025,Brawley,26309
CA,Imperial,6025,Imperial,18120
CA,Imperial,6025,Holtville,7664
CA,Imperial,6025,Calipatria,7114
CA,Imperial,6025,Salton City,6250
CA,Imperial,6025,Heber,3604
CA,Imperial,6025,Westmorland,2254
CA,Imperial,6025,Seeley,2010
CA,Imperial,6025,Niland,631
CA,Imperial,6025,Desert Shores,574
CA,Imperial,6025,Bombay Beach,297
CA,Imperial,6025,Salton Sea Beach,261
CA,Imperial,6025,Winterhaven,192
CA,Imperial,6025,Ocotillo,89
CA,Imperial,6025,Palo Verde,65
CA,Inyo,6027,Bishop,9597
CA,Inyo,6027,West Bishop,2734
CA,Inyo,6027,Dixon Lane-Meadow Creek,2664
CA,Inyo,6027,Lone Pine,1807
CA,Inyo,6027,Big Pine,1524
CA,Inyo,6027,Independence,603
CA,Inyo,6027,Wilkerson,519
CA,Inyo,6027,Round Valley,509
CA,Inyo,6027,Mesa,348
CA,Inyo,6027,Olancha,229
CA,Inyo,6027,Tecopa,168
CA,Inyo,6027,Furnace Creek,108
CA,Inyo,6027,Darwin,100
CA,Inyo,6027,Homewood Canyon,69
CA,Inyo,6027,Trona,40
CA,Inyo,6027,Shoshone,17
CA,Inyo,6027,Keeler,10
CA,Inyo,6027,Pearsonville,7
CA,Inyo,6027,Cartago,5
CA,Kern,6029,Bakersfield,579295
CA,Kern,6029,Delano,54917
CA,Kern,6029,Oildale,34763
CA,Kern,6029,Ridgecrest,32684
CA,Kern,6029,Wasco,28710
CA,Kern,6029,Arvin,22155
CA,Kern,6029,Shafter,21734
CA,Kern,6029,Rosamond,20851
CA,Kern,6029,Rosedale,16820
CA,Kern,6029,McFarland,15651
CA,Kern,6029,Tehachapi,14928
CA,Kern,6029,Taft,14898
CA,Kern,6029,Lamont,14799
CA,Kern,6029,California City,14198
CA,Kern,6029,Golden Hills,9351
CA,Kern,6029,Greenacres,5911
CA,Kern,6029,Bear Valley Springs,5292
CA,Kern,6029,Ford City,4753
CA,Kern,6029,Mojave,3855
CA,Kern,6029,Stallion Springs,3581
CA,Kern,6029,Lake Isabella,3495
CA,Kern,6029,Frazier Park,2587
CA,Kern,6029,Edwards AFB,2545
CA,Kern,6029,Wofford Heights,2336
CA,Kern,6029,Weldon,2321
CA,Kern,6029,Weedpatch,2291
CA,Kern,6029,Boron,2221
CA,Kern,6029,China Lake Acres,2136
CA,Kern,6029,Bodfish,2030
CA,Kern,6029,Taft Heights,1998
CA,Kern,6029,South Taft,1768
CA,Kern,6029,Pine Mountain Club,1751
CA,Kern,6029,Lost Hills,1726
CA,Kern,6029,Lebec,1472
CA,Kern,6029,Buttonwillow,1443
CA,Kern,6029,Mountain Mesa,1396
CA,Kern,6029,Maricopa,1192
CA,Kern,6029,Squirrel Mountain Valley,981
CA,Kern,6029,Lake of the Woods,931
CA,Kern,6029,Fuller Acres,885
CA,Kern,6029,North Edwards,880
CA,Kern,6029,Inyokern,696
CA,Kern,6029,Kernville,663
CA,Kern,6029,Valley Acres,656
CA,Kern,6029,Dustin Acres,641
CA,Kern,6029,Smith Corner,486
CA,Kern,6029,Onyx,478
CA,Kern,6029,Mexican Colony,423
CA,Kern,6029,Derby Acres,386
CA,Kern,6029,Edmundson Acres,357
CA,Kern,6029,Keene,228
CA,Kern,6029,Cherokee Strip,214
CA,Kern,6029,Mettler,157
CA,Kern,6029,Tupman,144
CA,Kern,6029,Randsburg,125
CA,Kern,6029,Johannesburg,119
CA,Kern,6029,McKittrick,116
CA,Kern,6029,Fellows,51
CA,Kings,6031,Hanford,94028
CA,Kings,6031,Lemoore,26725
CA,Kings,6031,Corcoran,22581
CA,Kings,6031,Avenal,13496
CA,Kings,6031,Lemoore Station,6858
CA,Kings,6031,Armona,4407
CA,Kings,6031,Home Garden,1521
CA,Kings,6031,Kettleman City,1136
CA,Kings,6031,Stratford,901
CA,Kings,6031,Grangeville,346
CA,Kings,6031,Hardwick,138
CA,Lake,6033,Lakeport,17466
CA,Lake,6033,Clearlake,15961
CA,Lake,6033,Hidden Valley Lake,5539
CA,Lake,6033,Clearlake Riviera,3930
CA,Lake,6033,Kelseyville,3560
CA,Lake,6033,North Lakeport,3351
CA,Lake,6033,Lucerne,2896
CA,Lake,6033,Nice,2527
CA,Lake,6033,Clearlake Oaks,2265
CA,Lake,6033,Lower Lake,1355
CA,Lake,6033,Cobb,1011
CA,Lake,6033,Upper Lake,896
CA,Lake,6033,Soda Bay,878
CA,Lake,6033,Middletown,739
CA,Lassen,6035,Susanville,15010
CA,Lassen,6035,Westwood,1645
CA,Lassen,6035,Janesville,1409
CA,Lassen,6035,Herlong,1295
CA,Lassen,6035,Johnstonville,1132
CA,Lassen,6035,Patton Village,630
CA,Lassen,6035,Doyle,622
CA,Lassen,6035,Clear Creek,210
CA,Lassen,6035,Milford,206
CA,Lassen,6035,Litchfield,205
CA,Lassen,6035,Bieber,156
CA,Lassen,6035,Spaulding,108
CA,Lassen,6035,Nubieber,35
CA,Lassen,6035,Little Valley,26
CA,Los Angeles,6037,Los Angeles,12750807
CA,Los Angeles,6037,Long Beach,462628
CA,Los Angeles,6037,Lancaster,343304
CA,Los Angeles,6037,Santa Clarita,312446
CA,Los Angeles,6037,Glendale,199303
CA,Los Angeles,6037,Palmdale,155079
CA,Los Angeles,6037,Pomona,151691
CA,Los Angeles,6037,Torrance,143592
CA,Los Angeles,6037,Pasadena,141029
CA,Los Angeles,6037,East Los Angeles,121187
CA,Los Angeles,6037,El Monte,115487
CA,Los Angeles,6037,Downey,111126
CA,Los Angeles,6037,Inglewood,108151
CA,Los Angeles,6037,West Covina,105101
CA,Los Angeles,6037,Norwalk,103949
CA,Los Angeles,6037,Burbank,102511
CA,Los Angeles,6037,Compton,95605
CA,Los Angeles,6037,South Gate,93444
CA,Los Angeles,6037,Carson,91394
CA,Los Angeles,6037,Santa Monica,90401
CA,Los Angeles,6037,Hawthorne,86068
CA,Los Angeles,6037,Whittier,85098
CA,Los Angeles,6037,Alhambra,83750
CA,Los Angeles,6037,Lakewood,79307
CA,Los Angeles,6037,Bellflower,76435
CA,Los Angeles,6037,Baldwin Park,75251
CA,Los Angeles,6037,Lynwood,69887
CA,Los Angeles,6037,Redondo Beach,66749
CA,Los Angeles,6037,Florence-Graham,65716
CA,Los Angeles,6037,Pico Rivera,62027
CA,Los Angeles,6037,Montebello,61954
CA,Los Angeles,6037,South Whittier,60357
CA,Los Angeles,6037,Monterey Park,59669
CA,Los Angeles,6037,Gardena,59329
CA,Los Angeles,6037,Arcadia,57939
CA,Los Angeles,6037,Huntington Park,57509
CA,Los Angeles,6037,Diamond Bar,55720
CA,Los Angeles,6037,Hacienda Heights,55188
CA,Los Angeles,6037,Rosemead,54058
CA,Los Angeles,6037,Paramount,53955
CA,Los Angeles,6037,Glendora,51544
CA,Los Angeles,6037,Rowland Heights,50347
CA,Los Angeles,6037,Azusa,49974
CA,Los Angeles,6037,Cerritos,49859
CA,Los Angeles,6037,La Mirada,48183
CA,Los Angeles,6037,Covina,47450
CA,Los Angeles,6037,Altadena,44850
CA,Los Angeles,6037,Bell Gardens,42012
CA,Los Angeles,6037,Rancho Palos Verdes,41530
CA,Los Angeles,6037,San Gabriel,39899
CA,Los Angeles,6037,La Puente,39614
CA,Los Angeles,6037,Culver City,39185
CA,Los Angeles,6037,West Hollywood,36475
CA,Los Angeles,6037,Monrovia,36331
CA,Los Angeles,6037,Claremont,36266
CA,Los Angeles,6037,Temple City,35811
CA,Los Angeles,6037,Bell,35521
CA,Los Angeles,6037,Westmont,35266
CA,Los Angeles,6037,Manhattan Beach,35183
CA,Los Angeles,6037,Beverly Hills,33792
CA,Los Angeles,6037,San Dimas,33621
CA,Los Angeles,6037,Lawndale,32389
CA,Los Angeles,6037,La Verne,31974
CA,Los Angeles,6037,Walnut,29685
CA,Los Angeles,6037,Maywood,26973
CA,Los Angeles,6037,West Whittier-Los Nietos,26654
CA,Los Angeles,6037,South Pasadena,25329
CA,Los Angeles,6037,San Fernando,24322
CA,Los Angeles,6037,Calabasas,23853
CA,Los Angeles,6037,Valinda,23705
CA,Los Angeles,6037,Cudahy,23569
CA,Los Angeles,6037,West Puente Valley,23382
CA,Los Angeles,6037,West Rancho Dominguez,22901
CA,Los Angeles,6037,Willowbrook,22811
CA,Los Angeles,6037,West Carson,22079
CA,Los Angeles,6037,Lennox,21818
CA,Los Angeles,6037,Duarte,21271
CA,Los Angeles,6037,South El Monte,20574
CA,Los Angeles,6037,Lomita,20320
CA,Los Angeles,6037,Agoura Hills,20222
CA,Los Angeles,6037,La Cañada Flintridge,20009
CA,Los Angeles,6037,South San Jose Hills,19977
CA,Los Angeles,6037,La Crescenta-Montrose,19689
CA,Los Angeles,6037,Castaic,19400
CA,Los Angeles,6037,Hermosa Beach,19320
CA,Los Angeles,6037,Stevenson Ranch,19179
CA,Los Angeles,6037,Santa Fe Springs,17630
CA,Los Angeles,6037,El Segundo,16610
CA,Los Angeles,6037,Artesia,16601
CA,Los Angeles,6037,East San Gabriel,16256
CA,Los Angeles,6037,Vincent,16225
CA,Los Angeles,6037,Walnut Park,15896
CA,Los Angeles,6037,East Rancho Dominguez,15792
CA,Los Angeles,6037,Avocado Heights,15426
CA,Los Angeles,6037,Hawaiian Gardens,14159
CA,Los Angeles,6037,Sun Village,13819
CA,Los Angeles,6037,Palos Verdes Estates,13273
CA,Los Angeles,6037,San Marino,13048
CA,Los Angeles,6037,Commerce,12661
CA,Los Angeles,6037,Malibu,11820
CA,Los Angeles,6037,View Park-Windsor Hills,11756
CA,Los Angeles,6037,Lake Los Angeles,11751
CA,Los Angeles,6037,Signal Hill,11421
CA,Los Angeles,6037,Sierra Madre,10793
CA,Los Angeles,6037,East Whittier,10356
CA,Los Angeles,6037,Citrus,10150
CA,Los Angeles,6037,Charter Oak,10048
CA,Los Angeles,6037,Quartz Hill,10003
CA,Los Angeles,6037,Del Aire,9990
CA,Los Angeles,6037,Marina del Rey,9852
CA,Los Angeles,6037,West Athens,9706
CA,Los Angeles,6037,Alondra Park,8272
CA,Los Angeles,6037,Westlake Village,8217
CA,Los Angeles,6037,South San Gabriel,8138
CA,Los Angeles,6037,Rolling Hills Estates,8058
CA,Los Angeles,6037,Topanga,7900
CA,Los Angeles,6037,Acton,7232
CA,Los Angeles,6037,Ladera Heights,6620
CA,Los Angeles,6037,South Monrovia Island,6572
CA,Los Angeles,6037,La Habra Heights,6492
CA,Los Angeles,6037,East Pasadena,6143
CA,Los Angeles,6037,Mayflower Village,5873
CA,Los Angeles,6037,North El Monte,3933
CA,Los Angeles,6037,Agua Dulce,3742
CA,Los Angeles,6037,Avalon,3681
CA,Los Angeles,6037,Rose Hills,2771
CA,Los Angeles,6037,Val Verde,2734
CA,Los Angeles,6037,Desert View Highlands,2668
CA,Los Angeles,6037,San Pasqual,1970
CA,Los Angeles,6037,Hidden Hills,1890
CA,Los Angeles,6037,Rolling Hills,1845
CA,Los Angeles,6037,Elizabeth Lake,1744
CA,Los Angeles,6037,Leona Valley,1571
CA,Los Angeles,6037,Irwindale,1446
CA,Los Angeles,6037,Hasley Canyon,1145
CA,Los Angeles,6037,Bradbury,1070
CA,Los Angeles,6037,Littlerock,786
CA,Los Angeles,6037,Lake Hughes,520
CA,Los Angeles,6037,Industry,202
CA,Los Angeles,6037,Vernon,110
CA,Madera,6039,Madera,84086
CA,Madera,6039,Chowchilla,18310
CA,Madera,6039,Madera Acres,9857
CA,Madera,6039,Yosemite Lakes,5524
CA,Madera,6039,Oakhurst,3446
CA,Madera,6039,Ahwahnee,2513
CA,Madera,6039,Parksdale,2451
CA,Madera,6039,Parkwood,2183
CA,Madera,6039,Coarsegold,1585
CA,Madera,6039,Fairmead,1105
CA,Madera,6039,Bass Lake,449
CA,Madera,6039,Nipinnawasee,349
CA,Madera,6039,La Vina,211
CA,Marin,6041,San Rafael,58440
CA,Marin,6041,Novato,55516
CA,Marin,6041,Mill Valley,14259
CA,Marin,6041,San Anselmo,12476
CA,Marin,6041,Larkspur,12254
CA,Marin,6041,Tamalpais-Homestead Valley,11689
CA,Marin,6041,Corte Madera,9751
CA,Marin,6041,Tiburon,9084
CA,Marin,6041,Fairfax,7522
CA,Marin,6041,Sausalito,7068
CA,Marin,6041,Kentfield,7020
CA,Marin,6041,Lucas Valley-Marinwood,6686
CA,Marin,6041,Strawberry,5527
CA,Marin,6041,Santa Venetia,4474
CA,Marin,6041,Marin City,3126
CA,Marin,6041,Ross,2451
CA,Marin,6041,Sleepy Hollow,2273
CA,Marin,6041,Belvedere,2104
CA,Marin,6041,Lagunitas-Forest Knolls,1771
CA,Marin,6041,Black Point-Green Point,1622
CA,Marin,6041,Woodacre,1171
CA,Marin,6041,Inverness,1097
CA,Marin,6041,Bolinas,1074
CA,Marin,6041,Alto,611
CA,Marin,6041,Stinson Beach,600
CA,Marin,6041,San Geronimo,399
CA,Marin,6041,Muir Beach,336
CA,Marin,6041,Point Reyes Station,288
CA,Marin,6041,Dillon Beach,254
CA,Marin,6041,Tomales,191
CA,Marin,6041,Nicasio,71
CA,Mariposa,6043,Midpines,1427
CA,Mariposa,6043,Mariposa,1186
CA,Mariposa,6043,Yosemite Valley,1169
CA,Mariposa,6043,Lake Don Pedro,901
CA,Mariposa,6043,Greeley Hill,747
CA,Mariposa,6043,Bootjack,743
CA,Mariposa,6043,Catheys Valley,604
CA,Mariposa,6043,El Portal,220
CA,Mariposa,6043,Bear Valley,197
CA,Mariposa,6043,Wawona,189
CA,Mariposa,6043,Fish Camp,93
CA,Mariposa,6043,Hornitos,66
CA,Mariposa,6043,Coulterville,60
CA,Mariposa,6043,Buck Meadows,10
CA,Mendocino,6045,Ukiah,29561
CA,Mendocino,6045,Fort Bragg,10374
CA,Mendocino,6045,Willits,8055
CA,Mendocino,6045,Brooktrails,3800
CA,Mendocino,6045,Redwood Valley,1713
CA,Mendocino,6045,Laytonville,1198
CA,Mendocino,6045,Covelo,1140
CA,Mendocino,6045,Talmage,1003
CA,Mendocino,6045,Cleone,968
CA,Mendocino,6045,Boonville,947
CA,Mendocino,6045,Hopland,920
CA,Mendocino,6045,Mendocino,855
CA,Mendocino,6045,Calpella,682
CA,Mendocino,6045,Caspar,608
CA,Mendocino,6045,Potter Valley,498
CA,Mendocino,6045,Point Arena,449
CA,Mendocino,6045,Anchor Bay,352
CA,Mendocino,6045,Albion,254
CA,Mendocino,6045,Manchester,218
CA,Mendocino,6045,Little River,212
CA,Mendocino,6045,Philo,175
CA,Mendocino,6045,Comptche,99
CA,Mendocino,6045,Leggett,83
CA,Merced,6047,Merced,145149
CA,Merced,6047,Los Banos,41036
CA,Merced,6047,Atwater,29559
CA,Merced,6047,Livingston,14896
CA,Merced,6047,Delhi,12301
CA,Merced,6047,Winton,11288
CA,Merced,6047,Dos Palos,7494
CA,Merced,6047,Franklin,6929
CA,Merced,6047,Gustine,5882
CA,Merced,6047,Hilmar-Irwin,5755
CA,Merced,6047,Planada,4418
CA,Merced,6047,McSwain,4399
CA,Merced,6047,Santa Nella,2135
CA,Merced,6047,South Dos Palos,1756
CA,Merced,6047,Le Grand,1739
CA,Merced,6047,Ballico,538
CA,Merced,6047,Cressey,340
CA,Merced,6047,El Nido,338
CA,Merced,6047,Dos Palos Y,229
CA,Merced,6047,Stevinson,177
CA,Merced,6047,Bear Creek,148
CA,Merced,6047,Volta,128
CA,Merced,6047,Snelling,119
CA,Merced,6047,Tuttle,94
CA,Modoc,6049,Alturas,2638
CA,Modoc,6049,Cedarville,606
CA,Modoc,6049,Newell,566
CA,Modoc,6049,California Pines,431
CA,Modoc,6049,Canby,282
CA,Modoc,6049,Daphnedale Park,209
CA,Modoc,6049,Fort Bidwell,192
CA,Modoc,6049,Adin,171
CA,Modoc,6049,New Pine Creek,88
CA,Modoc,6049,Lake City,56
CA,Modoc,6049,Eagleville,52
CA,Modoc,6049,Lookout,44
CA,Mono,6051,Mammoth Lakes,8235
CA,Mono,6051,Crowley Lake,1077
CA,Mono,6051,Chalfant,1005
CA,Mono,6051,Walker,858
CA,Mono,6051,Bridgeport,542
CA,Mono,6051,Coleville,464
CA,Mono,6051,June Lake,390
CA,Mono,6051,Benton,328
CA,Mono,6051,Swall Meadows,251
CA,Mono,6051,Topaz,126
CA,Mono,6051,Lee Vining,98
CA,Mono,6051,Mono City,96
CA,Mono,6051,Sunny Slopes,67
CA,Mono,6051,Aspen Springs,23
CA,Monterey,6053,Salinas,190972
CA,Monterey,6053,Seaside,116720
CA,Monterey,6053,Monterey,28178
CA,Monterey,6053,Soledad,26207
CA,Monterey,6053,Marina,22781
CA,Monterey,6053,Prunedale,20327
CA,Monterey,6053,Greenfield,17646
CA,Monterey,6053,King City,15887
CA,Monterey,6053,Pacific Grove,15413
CA,Monterey,6053,Gonzales,8306
CA,Monterey,6053,Castroville,6521
CA,Monterey,6053,Carmel Valley Village,4152
CA,Monterey,6053,Del Monte Forest,4105
CA,Monterey,6053,Carmel-by-the-Sea,3811
CA,Monterey,6053,Pajaro,3620
CA,Monterey,6053,Las Lomas,2924
CA,Monterey,6053,Pine Canyon,2369
CA,Monterey,6053,Boronda,1763
CA,Monterey,6053,Del Rey Oaks,1654
CA,Monterey,6053,Chualar,1512
CA,Monterey,6053,Elkhorn,1153
CA,Monterey,6053,San Lucas,543
CA,Monterey,6053,San Ardo,543
CA,Monterey,6053,Lockwood,516
CA,Monterey,6053,Spreckels,414
CA,Monterey,6053,Sand City,399
CA,Monterey,6053,Bradley,113
CA,Monterey,6053,Moss Landing,54
CA,Napa,6055,Napa,85239
CA,Napa,6055,American Canyon,20475
CA,Napa,6055,St. Helena,7059
CA,Napa,6055,Calistoga,5247
CA,Napa,6055,Angwin,3179
CA,Napa,6055,Yountville,2966
CA,Napa,6055,Silverado Resort,1018
CA,Napa,6055,Deer Park,869
CA,Napa,6055,Oakville,91
CA,Napa,6055,Rutherford,88
CA,Nevada,6057,Grass Valley,34196
CA,Nevada,6057,Truckee,16735
CA,Nevada,6057,Alta Sierra,7280
CA,Nevada,6057,Lake Wildwood,5232
CA,Nevada,6057,Lake of the Pines,3599
CA,Nevada,6057,Nevada City,3148
CA,Nevada,6057,Penn Valley,1341
CA,Nevada,6057,Rough and Ready,499
CA,Nevada,6057,North San Juan,178
CA,Nevada,6057,Kingvale,71
CA,Nevada,6057,Washington,56
CA,Nevada,6057,Soda Springs,46
CA,Nevada,6057,Graniteville,13
CA,Orange,6059,Mission Viejo,590249
CA,Orange,6059,Anaheim,350365
CA,Orange,6059,Santa Ana,332318
CA,Orange,6059,Irvine,287401
CA,Orange,6059,Huntington Beach,199223
CA,Orange,6059,Garden Grove,171644
CA,Orange,6059,Orange,138669
CA,Orange,6059,Fullerton,138632
CA,Orange,6059,Costa Mesa,113003
CA,Orange,6059,Westminster,90643
CA,Orange,6059,Lake Forest,85531
CA,Orange,6059,Newport Beach,84534
CA,Orange,6059,Buena Park,81788
CA,Orange,6059,Tustin,79348
CA,Orange,6059,Yorba Linda,67644
CA,Orange,6059,Laguna Niguel,66385
CA,Orange,6059,San Clemente,64558
CA,Orange,6059,La Habra,60513
CA,Orange,6059,Fountain Valley,55357
CA,Orange,6059,Placentia,51233
CA,Orange,6059,Aliso Viejo,50887
CA,Orange,6059,Cypress,49006
CA,Orange,6059,Rancho Santa Margarita,47896
CA,Orange,6059,Brea,43255
CA,Orange,6059,Stanton,38139
CA,Orange,6059,San Juan Capistrano,35911
CA,Orange,6059,Dana Point,33577
CA,Orange,6059,Laguna Hills,31207
CA,Orange,6059,Ladera Ranch,27277
CA,Orange,6059,North Tustin,24705
CA,Orange,6059,Seal Beach,23896
CA,Orange,6059,Laguna Beach,22827
CA,Orange,6059,Laguna Woods,15850
CA,Orange,6059,La Palma,15428
CA,Orange,6059,Coto de Caza,15056
CA,Orange,6059,Los Alamitos,11399
CA,Orange,6059,Rossmoor,11128
CA,Orange,6059,Midway City,8343
CA,Orange,6059,Las Flores,5861
CA,Orange,6059,Villa Park,5790
CA,Placer,6061,Roseville,141500
CA,Placer,6061,Rocklin,68823
CA,Placer,6061,Lincoln,48275
CA,Placer,6061,Auburn,35311
CA,Placer,6061,Granite Bay,23183
CA,Placer,6061,North Auburn,14269
CA,Placer,6061,Loomis,6866
CA,Placer,6061,Meadow Vista,3679
CA,Placer,6061,Colfax,3205
CA,Placer,6061,Kings Beach,3044
CA,Placer,6061,Foresthill,1856
CA,Placer,6061,Sheridan,1355
CA,Placer,6061,Newcastle,1208
CA,Placer,6061,Sunnyside-Tahoe City,1164
CA,Placer,6061,Tahoe Vista,1158
CA,Placer,6061,Tahoma,974
CA,Placer,6061,Penryn,818
CA,Placer,6061,Dollar Point,805
CA,Placer,6061,Alta,566
CA,Placer,6061,Carnelian Bay,451
CA,Placer,6061,Dutch Flat,178
CA,Plumas,6063,Portola,2313
CA,Plumas,6063,East Quincy,2210
CA,Plumas,6063,Chester,2145
CA,Plumas,6063,Quincy,1952
CA,Plumas,6063,Greenville,817
CA,Plumas,6063,Graeagle,538
CA,Plumas,6063,Hamilton Branch,495
CA,Plumas,6063,Delleker,477
CA,Plumas,6063,Chilcoot-Vinton,422
CA,Plumas,6063,Meadow Valley,420
CA,Plumas,6063,Beckwourth,414
CA,Plumas,6063,Lake Almanor Country Club,408
CA,Plumas,6063,Lake Almanor Peninsula,366
CA,Plumas,6063,Plumas Eureka,364
CA,Plumas,6063,Twain,327
CA,Plumas,6063,Cromberg,316
CA,Plumas,6063,Greenhorn,255
CA,Plumas,6063,Lake Almanor West,224
CA,Plumas,6063,Taylorsville,198
CA,Plumas,6063,Iron Horse,191
CA,Plumas,6063,C-Road,140
CA,Plumas,6063,East Shore,128
CA,Plumas,6063,Crescent Mills,93
CA,Plumas,6063,Keddie,76
CA,Plumas,6063,Clio,59
CA,Plumas,6063,Mohawk Vista,54
CA,Plumas,6063,Indian Falls,53
CA,Plumas,6063,Lake Davis,52
CA,Plumas,6063,Whitehawk,49
CA,Plumas,6063,Prattville,28
CA,Plumas,6063,Mabie,25
CA,Plumas,6063,Spring Garden,20
CA,Plumas,6063,Blairsden,18
CA,Riverside,6065,Riverside,2107852
CA,Riverside,6065,Murrieta,496046
CA,Riverside,6065,Indio,417059
CA,Riverside,6065,Moreno Valley,213055
CA,Riverside,6065,Hemet,177253
CA,Riverside,6065,Corona,169868
CA,Riverside,6065,Temecula,114761
CA,Riverside,6065,Jurupa Valley,109527
CA,Riverside,6065,Menifee,94756
CA,Riverside,6065,Perris,79291
CA,Riverside,6065,Lake Elsinore,69283
CA,Riverside,6065,Eastvale,64157
CA,Riverside,6065,Cathedral City,55007
CA,Riverside,6065,Palm Desert,53275
CA,Riverside,6065,Beaumont,51063
CA,Riverside,6065,San Jacinto,49215
CA,Riverside,6065,Palm Springs,48518
CA,Riverside,6065,Coachella,45743
CA,Riverside,6065,Desert Hot Springs,43914
CA,Riverside,6065,La Quinta,41748
CA,Riverside,6065,Wildomar,37229
CA,Riverside,6065,French Valley,36126
CA,Riverside,6065,Banning,31221
CA,Riverside,6065,Temescal Valley,27630
CA,Riverside,6065,Norco,26604
CA,Riverside,6065,East Hemet,20211
CA,Riverside,6065,Mead Valley,20145
CA,Riverside,6065,Blythe,19682
CA,Riverside,6065,Rancho Mirage,18528
CA,Riverside,6065,Woodcrest,17859
CA,Riverside,6065,Valle Vista,17663
CA,Riverside,6065,El Sobrante,13881
CA,Riverside,6065,Lakeland Village,13002
CA,Riverside,6065,Home Gardens,12153
CA,Riverside,6065,Canyon Lake,11280
CA,Riverside,6065,Good Hope,9195
CA,Riverside,6065,Calimesa,9160
CA,Riverside,6065,Cherry Valley,8115
CA,Riverside,6065,Nuevo,7182
CA,Riverside,6065,Homeland,7086
CA,Riverside,6065,Thousand Palms,6794
CA,Riverside,6065,Lake Mathews,6792
CA,Riverside,6065,Desert Palms,6755
CA,Riverside,6065,Bermuda Dunes,6704
CA,Riverside,6065,Mecca,6635
CA,Riverside,6065,Highgrove,5786
CA,Riverside,6065,Indian Wells,5470
CA,Riverside,6065,Garnet,5285
CA,Riverside,6065,Meadowbrook,3414
CA,Riverside,6065,Coronita,3383
CA,Riverside,6065,Winchester,3322
CA,Riverside,6065,Desert Edge,3319
CA,Riverside,6065,Anza,3076
CA,Riverside,6065,Oasis,2857
CA,Riverside,6065,North Shore,2756
CA,Riverside,6065,Vista Santa Rosa,2739
CA,Riverside,6065,Lakeview,2638
CA,Riverside,6065,Cabazon,2588
CA,Riverside,6065,Idyllwild-Pine Cove,2510
CA,Riverside,6065,Romoland,2295
CA,Riverside,6065,Sky Valley,2227
CA,Riverside,6065,Warm Springs,1874
CA,Riverside,6065,Lake Riverside,1354
CA,Riverside,6065,Thermal,1333
CA,Riverside,6065,March ARB,989
CA,Riverside,6065,Mesa Verde,913
CA,Riverside,6065,Whitewater,890
CA,Riverside,6065,Aguanga,805
CA,Riverside,6065,Indio Hills,782
CA,Riverside,6065,Ripley,444
CA,Riverside,6065,Desert Center,216
CA,Riverside,6065,Moskowite Corner,121
CA,Sacramento,6067,Sacramento,1898019
CA,Sacramento,6067,Elk Grove,174775
CA,Sacramento,6067,Arden-Arcade,102864
CA,Sacramento,6067,Citrus Heights,87796
CA,Sacramento,6067,Folsom,81328
CA,Sacramento,6067,Rancho Cordova,75087
CA,Sacramento,6067,Carmichael,64454
CA,Sacramento,6067,Antelope,48398
CA,Sacramento,6067,North Highlands,47661
CA,Sacramento,6067,Florin,47555
CA,Sacramento,6067,Foothill Farms,35881
CA,Sacramento,6067,Orangevale,34824
CA,Sacramento,6067,Fair Oaks,31032
CA,Sacramento,6067,Vineyard,28386
CA,Sacramento,6067,Galt,27954
CA,Sacramento,6067,Rosemont,23602
CA,Sacramento,6067,Rio Linda,16359
CA,Sacramento,6067,Parkway,15818
CA,Sacramento,6067,Lemon Hill,14733
CA,Sacramento,6067,La Riviera,10840
CA,Sacramento,6067,Gold River,7538
CA,Sacramento,6067,Fruitridge Pocket,6116
CA,Sacramento,6067,Rancho Murieta,5744
CA,Sacramento,6067,Wilton,5665
CA,Sacramento,6067,Elverta,5606
CA,Sacramento,6067,Mather,4272
CA,Sacramento,6067,Walnut Grove,1364
CA,Sacramento,6067,Clay,1187
CA,Sacramento,6067,McClellan Park,1046
CA,Sacramento,6067,Herald,967
CA,Sacramento,6067,Isleton,844
CA,Sacramento,6067,Hood,313
CA,Sacramento,6067,Courtland,179
CA,Sacramento,6067,Freeport,70
CA,San Benito,6069,Hollister,48992
CA,San Benito,6069,Ridgemark,2872
CA,San Benito,6069,Aromas,2479
CA,San Benito,6069,San Juan Bautista,2104
CA,San Benito,6069,Tres Pinos,683
CA,San Bernardino,6071,Victorville,346789
CA,San Bernardino,6071,San Bernardino,215784
CA,San Bernardino,6071,Fontana,214547
CA,San Bernardino,6071,Ontario,185010
CA,San Bernardino,6071,Rancho Cucamonga,177603
CA,San Bernardino,6071,Rialto,103526
CA,San Bernardino,6071,Hesperia,95750
CA,San Bernardino,6071,Chino,94371
CA,San Bernardino,6071,Chino Hills,83853
CA,San Bernardino,6071,Upland,77140
CA,San Bernardino,6071,Apple Valley,73453
CA,San Bernardino,6071,Redlands,71513
CA,San Bernardino,6071,Highland,55417
CA,San Bernardino,6071,Colton,54824
CA,San Bernardino,6071,Yucaipa,53921
CA,San Bernardino,6071,Montclair,40083
CA,San Bernardino,6071,Adelanto,34049
CA,San Bernardino,6071,Barstow,30605
CA,San Bernardino,6071,Twentynine Palms,26073
CA,San Bernardino,6071,Yucca Valley,25042
CA,San Bernardino,6071,Loma Linda,24482
CA,San Bernardino,6071,Bloomington,21847
CA,San Bernardino,6071,Phelan,15987
CA,San Bernardino,6071,Big Bear City,13463
CA,San Bernardino,6071,Grand Terrace,12584
CA,San Bernardino,6071,Muscoy,12562
CA,San Bernardino,6071,Oak Hills,10444
CA,San Bernardino,6071,Fort Irwin,9872
CA,San Bernardino,6071,Mentone,9793
CA,San Bernardino,6071,Lake Arrowhead,8940
CA,San Bernardino,6071,Needles,8752
CA,San Bernardino,6071,Crestline,8709
CA,San Bernardino,6071,Spring Valley Lake,8403
CA,San Bernardino,6071,Piñon Hills,7661
CA,San Bernardino,6071,Joshua Tree,7581
CA,San Bernardino,6071,Lucerne Valley,5956
CA,San Bernardino,6071,Silver Lakes,5849
CA,San Bernardino,6071,Big Bear Lake,5279
CA,San Bernardino,6071,Mountain View Acres,4447
CA,San Bernardino,6071,Lenwood,4122
CA,San Bernardino,6071,Running Springs,4071
CA,San Bernardino,6071,Wrightwood,3984
CA,San Bernardino,6071,San Antonio Heights,3191
CA,San Bernardino,6071,Morongo Valley,3090
CA,San Bernardino,6071,Homestead Valley,2865
CA,San Bernardino,6071,Searles Valley,1689
CA,San Bernardino,6071,Big River,1149
CA,San Bernardino,6071,Lytle Creek,673
CA,San Bernardino,6071,Baker,541
CA,San Bernardino,6071,Oak Glen,430
CA,San Bernardino,6071,Bluewater,163
CA,San Diego,6073,San Diego,3220118
CA,San Diego,6073,Chula Vista,274492
CA,San Diego,6073,Oceanside,175742
CA,San Diego,6073,Escondido,151625
CA,San Diego,6073,Carlsbad,115382
CA,San Diego,6073,El Cajon,102708
CA,San Diego,6073,Vista,101638
CA,San Diego,6073,San Marcos,96664
CA,San Diego,6073,Encinitas,62709
CA,San Diego,6073,National City,61394
CA,San Diego,6073,La Mesa,59249
CA,San Diego,6073,Santee,58081
CA,San Diego,6073,Poway,49323
CA,San Diego,6073,La Presa,38227
CA,San Diego,6073,Fallbrook,31701
CA,San Diego,6073,Spring Valley,31650
CA,San Diego,6073,Imperial Beach,27440
CA,San Diego,6073,Lemon Grove,26811
CA,San Diego,6073,Coronado,23731
CA,San Diego,6073,Winter Gardens,23545
CA,San Diego,6073,Lakeside,21917
CA,San Diego,6073,Rancho San Diego,21799
CA,San Diego,6073,Ramona,21323
CA,San Diego,6073,Casa de Oro-Mount Helix,19804
CA,San Diego,6073,Bostonia,16603
CA,San Diego,6073,Alpine,14878
CA,San Diego,6073,Solana Beach,13296
CA,San Diego,6073,Bonita,12706
CA,San Diego,6073,Camp Pendleton South,11936
CA,San Diego,6073,Valley Center,11077
CA,San Diego,6073,San Diego Country Estates,10514
CA,San Diego,6073,Camp Pendleton North,7367
CA,San Diego,6073,Eucalyptus Hills,6129
CA,San Diego,6073,Jamul,5445
CA,San Diego,6073,Lake San Marcos,4713
CA,San Diego,6073,Bonsall,4458
CA,San Diego,6073,Del Mar,4319
CA,San Diego,6073,Harbison Canyon,4155
CA,San Diego,6073,Granite Hills,3500
CA,San Diego,6073,Hidden Meadows,3462
CA,San Diego,6073,Campo,3408
CA,San Diego,6073,Crest,2765
CA,San Diego,6073,Rancho Santa Fe,2510
CA,San Diego,6073,Rainbow,2360
CA,San Diego,6073,Borrego Springs,2145
CA,San Diego,6073,Fairbanks Ranch,2085
CA,San Diego,6073,Descanso,1568
CA,San Diego,6073,Pine Valley,1477
CA,San Diego,6073,Julian,1019
CA,San Diego,6073,Pala,1005
CA,San Diego,6073,Potrero,841
CA,San Diego,6073,Boulevard,405
CA,San Diego,6073,Jacumba,307
CA,San Diego,6073,Mount Laguna,117
CA,San Francisco,6075,San Francisco,3592294
CA,San Joaquin,6077,Stockton,397264
CA,San Joaquin,6077,Manteca,103420
CA,San Joaquin,6077,Tracy,100049
CA,San Joaquin,6077,Lodi,74773
CA,San Joaquin,6077,Lathrop,24483
CA,San Joaquin,6077,Mountain House,17966
CA,San Joaquin,6077,Ripon,16386
CA,San Joaquin,6077,Country Club,9977
CA,San Joaquin,6077,Garden Acres,9972
CA,San Joaquin,6077,August,8405
CA,San Joaquin,6077,Escalon,7601
CA,San Joaquin,6077,Lincoln Village,4859
CA,San Joaquin,6077,French Camp,3841
CA,San Joaquin,6077,Woodbridge,3582
CA,San Joaquin,6077,Lockeford,3521
CA,San Joaquin,6077,Kennedy,3356
CA,San Joaquin,6077,Morada,3166
CA,San Joaquin,6077,Collierville,2698
CA,San Joaquin,6077,Dogtown,2643
CA,San Joaquin,6077,Linden,1547
CA,San Joaquin,6077,Taft Mosswood,1104
CA,San Joaquin,6077,Thornton,1033
CA,San Joaquin,6077,Waterloo,670
CA,San Joaquin,6077,Peters,623
CA,San Joaquin,6077,Terminous,446
CA,San Joaquin,6077,Victor,215
CA,San Joaquin,6077,Acampo,204
CA,San Joaquin,6077,Farmington,172
CA,San Luis Obispo,6079,El Paso de Robles,70248
CA,San Luis Obispo,6079,San Luis Obispo,62290
CA,San Luis Obispo,6079,Arroyo Grande,54177
CA,San Luis Obispo,6079,Atascadero,30075
CA,San Luis Obispo,6079,Nipomo,17601
CA,San Luis Obispo,6079,Los Osos,16533
CA,San Luis Obispo,6079,Grover Beach,13459
CA,San Luis Obispo,6079,Morro Bay,10543
CA,San Luis Obispo,6079,Pismo Beach,8168
CA,San Luis Obispo,6079,Templeton,7838
CA,San Luis Obispo,6079,Oceano,7487
CA,San Luis Obispo,6079,Cambria,5647
CA,San Luis Obispo,6079,Lake Nacimiento,2981
CA,San Luis Obispo,6079,Cayucos,2630
CA,San Luis Obispo,6079,Woodlands,2028
CA,San Luis Obispo,6079,Los Ranchos,1639
CA,San Luis Obispo,6079,Avila Beach,1311
CA,San Luis Obispo,6079,Callender,1215
CA,San Luis Obispo,6079,Santa Margarita,1122
CA,San Luis Obispo,6079,Shandon,1085
CA,San Luis Obispo,6079,Blacklake,850
CA,San Luis Obispo,6079,San Simeon,658
CA,San Luis Obispo,6079,Los Berros,528
CA,San Luis Obispo,6079,Garden Farms,403
CA,San Luis Obispo,6079,Oak Shores,348
CA,San Luis Obispo,6079,Whitley Gardens,224
CA,San Luis Obispo,6079,Edna,172
CA,San Luis Obispo,6079,Creston,33
CA,San Mateo,6081,Daly City,106280
CA,San Mateo,6081,San Mateo,104430
CA,San Mateo,6081,Redwood City,85925
CA,San Mateo,6081,South San Francisco,67789
CA,San Mateo,6081,San Bruno,42807
CA,San Mateo,6081,Pacifica,38546
CA,San Mateo,6081,Menlo Park,34698
CA,San Mateo,6081,Foster City,33901
CA,San Mateo,6081,Burlingame,30889
CA,San Mateo,6081,San Carlos,30185
CA,San Mateo,6081,East Palo Alto,29314
CA,San Mateo,6081,Belmont,26941
CA,San Mateo,6081,Half Moon Bay,23653
CA,San Mateo,6081,Millbrae,22394
CA,San Mateo,6081,North Fair Oaks,14372
CA,San Mateo,6081,Hillsborough,11387
CA,San Mateo,6081,Atherton,7137
CA,San Mateo,6081,El Granada,6102
CA,San Mateo,6081,Woodside,5458
CA,San Mateo,6081,Broadmoor,5170
CA,San Mateo,6081,Emerald Lake Hills,4721
CA,San Mateo,6081,Brisbane,4671
CA,San Mateo,6081,Portola Valley,4568
CA,San Mateo,6081,West Menlo Park,4160
CA,San Mateo,6081,Moss Beach,3604
CA,San Mateo,6081,Montara,2504
CA,San Mateo,6081,Ladera,1607
CA,San Mateo,6081,Colma,1489
CA,San Mateo,6081,La Honda,960
CA,San Mateo,6081,Pescadero,219
CA,San Mateo,6081,Loma Mar,172
CA,Santa Barbara,6083,Santa Barbara,202401
CA,Santa Barbara,6083,Santa Maria,140545
CA,Santa Barbara,6083,Lompoc,52020
CA,Santa Barbara,6083,Orcutt,31118
CA,Santa Barbara,6083,Goleta,30911
CA,Santa Barbara,6083,Isla Vista,27707
CA,Santa Barbara,6083,Solvang,16540
CA,Santa Barbara,6083,Carpinteria,13385
CA,Santa Barbara,6083,Montecito,8245
CA,Santa Barbara,6083,Vandenberg Village,8114
CA,Santa Barbara,6083,Guadalupe,7783
CA,Santa Barbara,6083,Buellton,5102
CA,Santa Barbara,6083,Santa Ynez,4546
CA,Santa Barbara,6083,Mission Hills,3842
CA,Santa Barbara,6083,Vandenberg AFB,3387
CA,Santa Barbara,6083,Mission Canyon,2508
CA,Santa Barbara,6083,Toro Canyon,1728
CA,Santa Barbara,6083,Los Alamos,1634
CA,Santa Barbara,6083,Summerland,844
CA,Santa Barbara,6083,Los Olivos,791
CA,Santa Barbara,6083,New Cuyama,660
CA,Santa Barbara,6083,Ballard,529
CA,Santa Barbara,6083,Garey,191
CA,Santa Barbara,6083,Sisquoc,169
CA,Santa Barbara,6083,Casmalia,144
CA,Santa Barbara,6083,Cuyama,17
CA,Santa Clara,6085,San Jose,1798103
CA,Santa Clara,6085,Sunnyvale,152703
CA,Santa Clara,6085,Santa Clara,130365
CA,Santa Clara,6085,Gilroy,118993
CA,Santa Clara,6085,Milpitas,84196
CA,Santa Clara,6085,Mountain View,82739
CA,Santa Clara,6085,Palo Alto,65364
CA,Santa Clara,6085,Cupertino,59276
CA,Santa Clara,6085,Morgan Hill,45952
CA,Santa Clara,6085,Campbell,41793
CA,Santa Clara,6085,Los Gatos,30222
CA,Santa Clara,6085,Saratoga,30153
CA,Santa Clara,6085,Los Altos,30089
CA,Santa Clara,6085,Stanford,16326
CA,Santa Clara,6085,Alum Rock,11551
CA,Santa Clara,6085,Los Altos Hills,8423
CA,Santa Clara,6085,San Martin,6803
CA,Santa Clara,6085,East Foothills,6233
CA,Santa Clara,6085,Monte Sereno,3427
CA,Santa Clara,6085,Loyola,3367
CA,Santa Clara,6085,Cambrian Park,3258
CA,Santa Clara,6085,Lexington Hills,2685
CA,Santa Clara,6085,Fruitdale,961
CA,Santa Cruz,6087,Santa Cruz,176428
CA,Santa Cruz,6087,Watsonville,77352
CA,Santa Cruz,6087,Live Oak,16837
CA,Santa Cruz,6087,Scotts Valley,11757
CA,Santa Cruz,6087,Soquel,10883
CA,Santa Cruz,6087,Capitola,10010
CA,Santa Cruz,6087,Rio del Mar,9657
CA,Santa Cruz,6087,Interlaken,7817
CA,Santa Cruz,6087,Ben Lomond,6890
CA,Santa Cruz,6087,Aptos,6387
CA,Santa Cruz,6087,Pleasure Point,6076
CA,Santa Cruz,6087,Twin Lakes,5196
CA,Santa Cruz,6087,Boulder Creek,5182
CA,Santa Cruz,6087,Freedom,3777
CA,Santa Cruz,6087,Felton,3633
CA,Santa Cruz,6087,Seacliff,3286
CA,Santa Cruz,6087,Amesti,3163
CA,Santa Cruz,6087,Bonny Doon,3096
CA,Santa Cruz,6087,Day Valley,3033
CA,Santa Cruz,6087,La Selva Beach,2679
CA,Santa Cruz,6087,Aptos Hills-Larkin Valley,2251
CA,Santa Cruz,6087,Corralitos,2160
CA,Santa Cruz,6087,Brookdale,1939
CA,Santa Cruz,6087,Mount Hermon,1259
CA,Santa Cruz,6087,Pasatiempo,1206
CA,Santa Cruz,6087,Lompico,1035
CA,Santa Cruz,6087,Zayante,794
CA,Santa Cruz,6087,Paradise Park,550
CA,Santa Cruz,6087,Davenport,368
CA,Santa Cruz,6087,Pajaro Dunes,284
CA,Shasta,6089,Redding,121313
CA,Shasta,6089,Anderson,10630
CA,Shasta,6089,Shasta Lake,10413
CA,Shasta,6089,Burney,3965
CA,Shasta,6089,Cottonwood,3243
CA,Shasta,6089,Bella Vista,2427
CA,Shasta,6089,Shingletown,2246
CA,Shasta,6089,Shasta,1573
CA,Shasta,6089,Palo Cedro,1143
CA,Shasta,6089,Mountain Gate,952
CA,Shasta,6089,Millville,678
CA,Shasta,6089,Lakehead,670
CA,Shasta,6089,McArthur,446
CA,Shasta,6089,French Gulch,433
CA,Shasta,6089,Keswick,289
CA,Shasta,6089,Fall River Mills,274
CA,Shasta,6089,Cassel,247
CA,Shasta,6089,Montgomery Creek,145
CA,Shasta,6089,Big Bend,132
CA,Shasta,6089,Hat Creek,129
CA,Shasta,6089,Round Mountain,89
CA,Shasta,6089,Old Station,31
CA,Sierra,6091,Loyalton,702
CA,Sierra,6091,Sierra Brooks,292
CA,Sierra,6091,Verdi,188
CA,Sierra,6091,Calpine,182
CA,Sierra,6091,Pike,159
CA,Sierra,6091,Downieville,158
CA,Sierra,6091,Sierra City,126
CA,Sierra,6091,Sattley,86
CA,Sierra,6091,Sierraville,85
CA,Sierra,6091,Alleghany,78
CA,Sierra,6091,Goodyears Bar,26
CA,Siskiyou,6093,Yreka,7518
CA,Siskiyou,6093,Mount Shasta,7472
CA,Siskiyou,6093,Weed,2725
CA,Siskiyou,6093,Dunsmuir,1564
CA,Siskiyou,6093,Montague,1398
CA,Siskiyou,6093,McCloud,1020
CA,Siskiyou,6093,Tulelake,978
CA,Siskiyou,6093,Dorris,897
CA,Siskiyou,6093,Happy Camp,844
CA,Siskiyou,6093,Etna,718
CA,Siskiyou,6093,Fort Jones,692
CA,Siskiyou,6093,Grenada,398
CA,Siskiyou,6093,Greenview,229
CA,Siskiyou,6093,Hornbrook,211
CA,Siskiyou,6093,Carrick,92
CA,Siskiyou,6093,Mount Hebron,72
CA,Siskiyou,6093,Gazelle,56
CA,Siskiyou,6093,Macdoel,54
CA,Siskiyou,6093,Edgewood,37
CA,Siskiyou,6093,Tennant,26
CA,Solano,6095,Vallejo,173256
CA,Solano,6095,Fairfield,148683
CA,Solano,6095,Vacaville,101444
CA,Solano,6095,Suisun City,29663
CA,Solano,6095,Benicia,28240
CA,Solano,6095,Dixon,20803
CA,Solano,6095,Rio Vista,9718
CA,Solano,6095,Hartley,2960
CA,Solano,6095,Green Valley,1472
CA,Solano,6095,Allendale,1388
CA,Solano,6095,Elmira,244
CA,Sonoma,6097,Santa Rosa,324634
CA,Sonoma,6097,Petaluma,66929
CA,Sonoma,6097,Rohnert Park,43291
CA,Sonoma,6097,Sonoma,33831
CA,Sonoma,6097,Windsor,27128
CA,Sonoma,6097,Healdsburg,11845
CA,Sonoma,6097,Cloverdale,9205
CA,Sonoma,6097,Larkfield-Wikiup,8312
CA,Sonoma,6097,Boyes Hot Springs,7728
CA,Sonoma,6097,Sebastopol,7674
CA,Sonoma,6097,Cotati,7410
CA,Sonoma,6097,Guerneville,5014
CA,Sonoma,6097,Fetters Hot Springs-Agua Caliente,4374
CA,Sonoma,6097,Forestville,3761
CA,Sonoma,6097,El Verano,3295
CA,Sonoma,6097,Penngrove,2808
CA,Sonoma,6097,Graton,1889
CA,Sonoma,6097,Temelec,1620
CA,Sonoma,6097,Eldridge,1422
CA,Sonoma,6097,Sea Ranch,1134
CA,Sonoma,6097,Monte Rio,977
CA,Sonoma,6097,Bodega,892
CA,Sonoma,6097,Occidental,823
CA,Sonoma,6097,Geyserville,765
CA,Sonoma,6097,Glen Ellen,734
CA,Sonoma,6097,Kenwood,716
CA,Sonoma,6097,Bodega Bay,665
CA,Sonoma,6097,Fulton,655
CA,Sonoma,6097,Cazadero,340
CA,Sonoma,6097,Bloomfield,292
CA,Sonoma,6097,Timber Cove,141
CA,Sonoma,6097,Sereno del Mar,80
CA,Sonoma,6097,Valley Ford,34
CA,Sonoma,6097,Jenner,30
CA,Sonoma,6097,Salmon Creek,20
CA,Stanislaus,6099,Modesto,383134
CA,Stanislaus,6099,Turlock,107317
CA,Stanislaus,6099,Ceres,48706
CA,Stanislaus,6099,Riverbank,24881
CA,Stanislaus,6099,Oakdale,23596
CA,Stanislaus,6099,Patterson,22930
CA,Stanislaus,6099,Salida,14229
CA,Stanislaus,6099,Newman,11784
CA,Stanislaus,6099,Waterford,9648
CA,Stanislaus,6099,Hughson,7565
CA,Stanislaus,6099,Keyes,6548
CA,Stanislaus,6099,West Modesto,5762
CA,Stanislaus,6099,Bret Harte,5148
CA,Stanislaus,6099,Denair,5101
CA,Stanislaus,6099,Empire,4051
CA,Stanislaus,6099,Bystrom,3759
CA,Stanislaus,6099,East Oakdale,2839
CA,Stanislaus,6099,Rouse,2031
CA,Stanislaus,6099,Del Rio,1592
CA,Stanislaus,6099,Airport,1479
CA,Stanislaus,6099,Grayson,1364
CA,Stanislaus,6099,Parklawn,1040
CA,Stanislaus,6099,Riverdale Park,1033
CA,Stanislaus,6099,Westley,968
CA,Stanislaus,6099,Diablo Grande,889
CA,Stanislaus,6099,Hickman,712
CA,Stanislaus,6099,Cowan,498
CA,Stanislaus,6099,Crows Landing,305
CA,Stanislaus,6099,Monterey Park Tract,272
CA,Stanislaus,6099,Valley Home,185
CA,Sutter,6101,Yuba City,120456
CA,Sutter,6101,Sutter,3005
CA,Sutter,6101,Robbins,421
CA,Sutter,6101,Meridian,371
CA,Sutter,6101,Rio Oso,350
CA,Sutter,6101,East Nicolaus,273
CA,Sutter,6101,Trowbridge,254
CA,Sutter,6101,Nicolaus,148
CA,Tehama,6103,Red Bluff,19039
CA,Tehama,6103,Corning,8604
CA,Tehama,6103,Lake California,3329
CA,Tehama,6103,Los Molinos,1746
CA,Tehama,6103,Rancho Tehama Reserve,1682
CA,Tehama,6103,Gerber,1140
CA,Tehama,6103,Bend,498
CA,Tehama,6103,Tehama,373
CA,Tehama,6103,Mineral,359
CA,Tehama,6103,Manton,350
CA,Tehama,6103,Richfield,300
CA,Tehama,6103,Vina,230
CA,Tehama,6103,Proberta,182
CA,Tehama,6103,Flournoy,155
CA,Tehama,6103,Paskenta,102
CA,Tehama,6103,Paynes Creek,78
CA,Trinity,6105,Weaverville,3158
CA,Trinity,6105,Hayfork,2711
CA,Trinity,6105,Lewiston,1383
CA,Trinity,6105,Junction City,682
CA,Trinity,6105,Douglas City,625
CA,Trinity,6105,Mad River,458
CA,Trinity,6105,Burnt Ranch,299
CA,Trinity,6105,Trinity Village,253
CA,Trinity,6105,Coffee Creek,197
CA,Trinity,6105,Ruth,170
CA,Trinity,6105,Trinity Center,154
CA,Trinity,6105,Hyampom,115
CA,Tulare,6107,Visalia,237386
CA,Tulare,6107,Porterville,77318
CA,Tulare,6107,Tulare,65496
CA,Tulare,6107,Dinuba,24461
CA,Tulare,6107,Lindsay,16713
CA,Tulare,6107,Farmersville,10703
CA,Tulare,6107,Exeter,10485
CA,Tulare,6107,Earlimart,8668
CA,Tulare,6107,Orosi,8300
CA,Tulare,6107,Woodlake,7854
CA,Tulare,6107,East Porterville,6291
CA,Tulare,6107,Cutler,5214
CA,Tulare,6107,Ivanhoe,4215
CA,Tulare,6107,Pixley,3347
CA,Tulare,6107,Goshen,3304
CA,Tulare,6107,Tipton,3238
CA,Tulare,6107,Terra Bella,3182
CA,Tulare,6107,Strathmore,3033
CA,Tulare,6107,Three Rivers,2424
CA,Tulare,6107,Richgrove,2316
CA,Tulare,6107,Poplar-Cotton Center,2259
CA,Tulare,6107,Patterson Tract,2085
CA,Tulare,6107,Woodville,1763
CA,Tulare,6107,London,1690
CA,Tulare,6107,Alpaugh,1145
CA,Tulare,6107,Matheny,1137
CA,Tulare,6107,Sultana,1002
CA,Tulare,6107,Springville,965
CA,Tulare,6107,Linnell Camp,928
CA,Tulare,6107,Plainview,887
CA,Tulare,6107,Teviston,881
CA,Tulare,6107,East Tulare Villa,853
CA,Tulare,6107,East Orosi,798
CA,Tulare,6107,Traver,754
CA,Tulare,6107,Delft Colony,715
CA,Tulare,6107,Ducor,636
CA,Tulare,6107,Seville,614
CA,Tulare,6107,Allensworth,575
CA,Tulare,6107,Yettem,516
CA,Tulare,6107,West Goshen,427
CA,Tulare,6107,Tonyville,388
CA,Tulare,6107,Lindcove,287
CA,Tulare,6107,Monson,283
CA,Tulare,6107,Lemon Cove,232
CA,Tulare,6107,Tooleville,167
CA,Tulare,6107,Waukena,149
CA,Tulare,6107,Pine Flat,146
CA,Tulare,6107,Rodriguez Camp,101
CA,Tulare,6107,El Rancho,59
CA,Tulare,6107,Panorama Heights,49
CA,Tulare,6107,McClenney Tract,47
CA,Tulare,6107,California Hot Springs,47
CA,Tulare,6107,Pierpoint,39
CA,Tulare,6107,Sequoia Crest,38
CA,Tulare,6107,Ponderosa,18
CA,Tulare,6107,Sugarloaf Village,9
CA,Tulare,6107,Poso Park,3
CA,Tuolumne,6109,Sonora,28035
CA,Tuolumne,6109,Phoenix Lake,4511
CA,Tuolumne,6109,Mono Vista,3446
CA,Tuolumne,6109,Jamestown,3107
CA,Tuolumne,6109,Pine Mountain Lake,2772
CA,Tuolumne,6109,Twain Harte,2311
CA,Tuolumne,6109,East Sonora,2278
CA,Tuolumne,6109,Columbia,2226
CA,Tuolumne,6109,Soulsbyville,2216
CA,Tuolumne,6109,Tuolumne City,1583
CA,Tuolumne,6109,Cedar Ridge,1015
CA,Tuolumne,6109,Tuttletown,1003
CA,Tuolumne,6109,Mi-Wuk Village,880
CA,Tuolumne,6109,Groveland,247
CA,Tuolumne,6109,Chinese Camp,174
CA,Tuolumne,6109,Sierra Village,169
CA,Tuolumne,6109,Long Barn,102
CA,Ventura,6111,Oxnard,387647
CA,Ventura,6111,Thousand Oaks,215029
CA,Ventura,6111,Simi Valley,126589
CA,Ventura,6111,San Buenaventura,109106
CA,Ventura,6111,Camarillo,76931
CA,Ventura,6111,Moorpark,36375
CA,Ventura,6111,Santa Paula,30233
CA,Ventura,6111,Port Hueneme,21926
CA,Ventura,6111,Fillmore,15954
CA,Ventura,6111,Oak Park,13853
CA,Ventura,6111,Ojai,7470
CA,Ventura,6111,Mira Monte,6633
CA,Ventura,6111,El Rio,6297
CA,Ventura,6111,Oak View,4598
CA,Ventura,6111,Meiners Oaks,3569
CA,Ventura,6111,Casa Conejo,3372
CA,Ventura,6111,Santa Rosa Valley,3016
CA,Ventura,6111,Channel Islands Beach,2904
CA,Ventura,6111,Bell Canyon,2109
CA,Ventura,6111,Piru,1805
CA,Ventura,6111,Lake Sherwood,1677
CA,Ventura,6111,Saticoy,1242
CA,Ventura,6111,Santa Susana,935
CA,Yolo,6113,Davis,76997
CA,Yolo,6113,Woodland,60598
CA,Yolo,6113,West Sacramento,53519
CA,Yolo,6113,Winters,7820
CA,Yolo,6113,University of California-Davis,7311
CA,Yolo,6113,Esparto,3272
CA,Yolo,6113,Monument Hills,1466
CA,Yolo,6113,Dunnigan,1459
CA,Yolo,6113,Knights Landing,1036
CA,Yolo,6113,Madison,581
CA,Yolo,6113,Clarksburg,456
CA,Yolo,6113,Guinda,237
CA,Yolo,6113,Yolo,193
CA,Yuba,6115,Linda,20228
CA,Yuba,6115,Olivehurst,13464
CA,Yuba,6115,Marysville,12476
CA,Yuba,6115,Plumas Lake,7573
CA,Yuba,6115,Wheatland,3873
CA,Yuba,6115,Loma Rica,3178
CA,Yuba,6115,Beale AFB,1020
CA,Yuba,6115,Challenge-Brownsville,719
CA,Yuba,6115,Dobbins,346
CA,Yuba,6115,Camptonville,339
CA,Yuba,6115,Smartsville,267
CO,Adams,8001,Aurora,379289
CO,Adams,8001,Thornton,141464
CO,Adams,8001,Westminster,113166
CO,Adams,8001,Commerce City,60336
CO,Adams,8001,Brighton,41554
CO,Adams,8001,Northglenn,38819
CO,Adams,8001,Sherrelwood,19208
CO,Adams,8001,Welby,16018
CO,Adams,8001,Federal Heights,12827
CO,Adams,8001,Berkley,11879
CO,Adams,8001,Derby,8962
CO,Adams,8001,Twin Lakes,8196
CO,Adams,8001,Shaw Heights,5529
CO,Adams,8001,Todd Creek,4365
CO,Adams,8001,Bennett,2798
CO,Adams,8001,North Washington,606
CO,Alamosa,8003,Alamosa,10652
CO,Alamosa,8003,Alamosa East,1295
CO,Alamosa,8003,Hooper,100
CO,Arapahoe,8005,Centennial,110937
CO,Arapahoe,8005,Littleton,48065
CO,Arapahoe,8005,Englewood,34917
CO,Arapahoe,8005,Greenwood Village,15735
CO,Arapahoe,8005,Cherry Creek,12496
CO,Arapahoe,8005,Cherry Hills Village,6647
CO,Arapahoe,8005,Sheridan,6183
CO,Arapahoe,8005,Dove Valley,5673
CO,Arapahoe,8005,Glendale,5141
CO,Arapahoe,8005,Strasburg,3013
CO,Arapahoe,8005,Holly Hills,2835
CO,Arapahoe,8005,Inverness,1567
CO,Arapahoe,8005,Columbine Valley,1499
CO,Arapahoe,8005,Aetna Estates,1398
CO,Arapahoe,8005,Byers,1344
CO,Arapahoe,8005,Bow Mar,942
CO,Arapahoe,8005,Deer Trail,800
CO,Arapahoe,8005,Foxfield,782
CO,Arapahoe,8005,Watkins,670
CO,Arapahoe,8005,Peoria,236
CO,Arapahoe,8005,Comanche Creek,182
CO,Arapahoe,8005,Brick Center,138
CO,Archuleta,8007,Pagosa Springs,5927
CO,Archuleta,8007,Arboles,326
CO,Baca,8009,Springfield,1375
CO,Baca,8009,Walsh,516
CO,Baca,8009,Pritchett,131
CO,Baca,8009,Vilas,107
CO,Baca,8009,Campo,102
CO,Baca,8009,Two Buttes,40
CO,Bent,8011,Las Animas,3622
CO,Bent,8011,Hasty,129
CO,Boulder,8013,Boulder,124345
CO,Boulder,8013,Longmont,102474
CO,Boulder,8013,Lafayette,99645
CO,Boulder,8013,Erie,27003
CO,Boulder,8013,Louisville,20816
CO,Boulder,8013,Superior,13087
CO,Boulder,8013,Gunbarrel,10202
CO,Boulder,8013,Niwot,3870
CO,Boulder,8013,Lyons,2189
CO,Boulder,8013,Nederland,1533
CO,Boulder,8013,Lazy Acres,979
CO,Boulder,8013,Pine Brook Hill,925
CO,Boulder,8013,Paragon Estates,802
CO,Boulder,8013,Eldorado Springs,654
CO,Boulder,8013,St. Ann Highlands,583
CO,Boulder,8013,Altona,513
CO,Boulder,8013,Allenspark,433
CO,Boulder,8013,Sugarloaf,353
CO,Boulder,8013,Jamestown,249
CO,Boulder,8013,Bonanza Mountain Estates,226
CO,Boulder,8013,Mountain Meadows,222
CO,Boulder,8013,Gold Hill,204
CO,Boulder,8013,Sunshine,168
CO,Boulder,8013,Ward,161
CO,Boulder,8013,Tall Timber,156
CO,Boulder,8013,Seven Hills,120
CO,Boulder,8013,Crisman,110
CO,Boulder,8013,Valmont,96
CO,Boulder,8013,Bark Ranch,75
CO,Boulder,8013,Eldora,14
CO,Broomfield,8014,Broomfield,70465
CO,Chaffee,8015,Salida,7740
CO,Chaffee,8015,Buena Vista,4910
CO,Chaffee,8015,Poncha Springs,956
CO,Chaffee,8015,Johnson Village,386
CO,Chaffee,8015,Smeltertown,135
CO,Chaffee,8015,Maysville,122
CO,Cheyenne,8017,Cheyenne Wells,828
CO,Cheyenne,8017,Kit Carson,231
CO,Clear Creek,8019,Idaho Springs,1786
CO,Clear Creek,8019,Georgetown,1112
CO,Clear Creek,8019,Floyd Hill,1102
CO,Clear Creek,8019,Upper Bear Creek,925
CO,Clear Creek,8019,St. Mary's,620
CO,Clear Creek,8019,Downieville-Lawson-Dumont,543
CO,Clear Creek,8019,Empire,304
CO,Clear Creek,8019,Silver Plume,177
CO,Conejos,8021,Manassa,1001
CO,Conejos,8021,Sanford,887
CO,Conejos,8021,La Jara,817
CO,Conejos,8021,Antonito,747
CO,Conejos,8021,Romeo,411
CO,Conejos,8021,Capulin,202
CO,Conejos,8021,Conejos,23
CO,Costilla,8023,San Luis,658
CO,Costilla,8023,Fort Garland,481
CO,Costilla,8023,Blanca,406
CO,Costilla,8023,San Acacio,117
CO,Crowley,8025,Ordway,1054
CO,Crowley,8025,Olney Springs,340
CO,Crowley,8025,Sugar City,253
CO,Crowley,8025,Crowley,175
CO,Custer,8027,Silver Cliff,667
CO,Custer,8027,Westcliffe,628
CO,Delta,8029,Delta,8995
CO,Delta,8029,Cedaredge,3616
CO,Delta,8029,Orchard City,3212
CO,Delta,8029,Paonia,1469
CO,Delta,8029,Hotchkiss,928
CO,Delta,8029,Crawford,433
CO,Denver,8031,Denver,2876625
CO,Dolores,8033,Dove Creek,634
CO,Dolores,8033,Rico,231
CO,Douglas,8035,Highlands Ranch,105631
CO,Douglas,8035,Castle Rock,68484
CO,Douglas,8035,Parker,57706
CO,Douglas,8035,Lone Tree,13082
CO,Douglas,8035,The Pinery,10806
CO,Douglas,8035,Castle Pines,10763
CO,Douglas,8035,Stonegate,9847
CO,Douglas,8035,Roxborough Park,9523
CO,Douglas,8035,Castle Pines Village,4553
CO,Douglas,8035,Meridian,3640
CO,Douglas,8035,Acres Green,3100
CO,Douglas,8035,Perry Park,1972
CO,Douglas,8035,Grand View Estates,738
CO,Douglas,8035,Louviers,378
CO,Douglas,8035,Larkspur,212
CO,Douglas,8035,Westcreek,200
CO,Douglas,8035,Franktown,186
CO,Douglas,8035,Sedalia,133
CO,Eagle,8037,Edwards,9350
CO,Eagle,8037,Basalt,9193
CO,Eagle,8037,Gypsum,7375
CO,Eagle,8037,Eagle,6986
CO,Eagle,8037,Avon,6511
CO,Eagle,8037,Vail,5964
CO,Eagle,8037,El Jebel,4725
CO,Eagle,8037,Minturn,1145
CO,Eagle,8037,Dotsero,899
CO,Eagle,8037,Red Cliff,282
CO,Eagle,8037,McCoy,43
CO,El Paso,8041,Colorado Springs,642413
CO,El Paso,8041,Security-Widefield,39612
CO,El Paso,8041,Fountain,30735
CO,El Paso,8041,Cimarron Hills,18727
CO,El Paso,8041,Fort Carson,14951
CO,El Paso,8041,Black Forest,14081
CO,El Paso,8041,Woodmoor,9345
CO,El Paso,8041,Monument,8097
CO,El Paso,8041,Gleneagle,6885
CO,El Paso,8041,Air Force Academy,6512
CO,El Paso,8041,Stratmoor,6484
CO,El Paso,8041,Manitou Springs,5390
CO,El Paso,8041,Palmer Lake,2993
CO,El Paso,8041,Cascade-Chipita Park,1233
CO,El Paso,8041,Ellicott,955
CO,El Paso,8041,Calhan,834
CO,El Paso,8041,Ramah,130
CO,El Paso,8041,Rock Creek Park,128
CO,El Paso,8041,Peyton,17
CO,Elbert,8039,Ponderosa Park,3636
CO,Elbert,8039,Elizabeth,1566
CO,Elbert,8039,Kiowa,761
CO,Elbert,8039,Simla,640
CO,Elbert,8039,Elbert,202
CO,Fremont,8043,Cañon City,27676
CO,Fremont,8043,Florence,7433
CO,Fremont,8043,Lincoln Park,3283
CO,Fremont,8043,Penrose,3034
CO,Fremont,8043,Howard,906
CO,Fremont,8043,Williamsburg,713
CO,Fremont,8043,Rockvale,519
CO,Fremont,8043,Coaldale,350
CO,Fremont,8043,Brookside,262
CO,Fremont,8043,Cotopaxi,9
CO,Garfield,8045,Glenwood Springs,11962
CO,Garfield,8045,Rifle,11089
CO,Garfield,8045,Carbondale,7684
CO,Garfield,8045,New Castle,6275
CO,Garfield,8045,Battlement Mesa,5116
CO,Garfield,8045,Silt,3228
CO,Garfield,8045,Parachute,1116
CO,Garfield,8045,Cattle Creek,604
CO,Garfield,8045,Mulford,510
CO,Garfield,8045,Chacra,372
CO,Garfield,8045,Catherine,320
CO,Garfield,8045,No Name,29
CO,Gilpin,8047,Central City,770
CO,Gilpin,8047,Rollinsville,271
CO,Gilpin,8047,Black Hawk,128
CO,Grand,8049,Fraser,2798
CO,Grand,8049,Granby,2139
CO,Grand,8049,Kremmling,1524
CO,Grand,8049,Winter Park,1090
CO,Grand,8049,Hot Sulphur Springs,733
CO,Grand,8049,Grand Lake,506
CO,Grand,8049,Tabernash,482
CO,Grand,8049,Parshall,83
CO,Gunnison,8051,Gunnison,7195
CO,Gunnison,8051,Crested Butte,1723
CO,Gunnison,8051,Mount Crested Butte,876
CO,Gunnison,8051,Marble,134
CO,Gunnison,8051,Pitkin,69
CO,Hinsdale,8053,Lake City,394
CO,Hinsdale,8053,Piedra,21
CO,Hinsdale,8053,Cathedral,13
CO,Huerfano,8055,Walsenburg,3029
CO,Huerfano,8055,La Veta,811
CO,Jackson,8057,Walden,599
CO,Jefferson,8059,Lakewood,157935
CO,Jefferson,8059,Arvada,121272
CO,Jefferson,8059,Dakota Ridge,34659
CO,Jefferson,8059,Ken Caryl,34040
CO,Jefferson,8059,Wheat Ridge,31324
CO,Jefferson,8059,Columbine,25332
CO,Jefferson,8059,Golden,20767
CO,Jefferson,8059,Evergreen,8885
CO,Jefferson,8059,Fairmount,8606
CO,Jefferson,8059,Applewood,8081
CO,Jefferson,8059,Edgewater,5335
CO,Jefferson,8059,West Pleasant View,5173
CO,Jefferson,8059,Genesee,3910
CO,Jefferson,8059,Coal Creek,2313
CO,Jefferson,8059,Indian Hills,1398
CO,Jefferson,8059,Aspen Park,994
CO,Jefferson,8059,Kittredge,964
CO,Jefferson,8059,Mountain View,537
CO,Jefferson,8059,Morrison,424
CO,Jefferson,8059,East Pleasant View,226
CO,Jefferson,8059,Idledale,168
CO,Jefferson,8059,Lakeside,8
CO,Kiowa,8061,Eads,602
CO,Kiowa,8061,Sheridan Lake,83
CO,Kiowa,8061,Haswell,68
CO,Kiowa,8061,Towner,19
CO,Kiowa,8061,Brandon,6
CO,Kit Carson,8063,Burlington,3140
CO,Kit Carson,8063,Stratton,639
CO,Kit Carson,8063,Flagler,549
CO,Kit Carson,8063,Bethune,235
CO,Kit Carson,8063,Seibert,213
CO,Kit Carson,8063,Vona,104
CO,La Plata,8067,Durango,20203
CO,La Plata,8067,Bayfield,2970
CO,La Plata,8067,Ignacio,908
CO,La Plata,8067,Southern Ute,215
CO,Lake,8065,Leadville,5554
CO,Lake,8065,Leadville North,2244
CO,Larimer,8069,Fort Collins,312666
CO,Larimer,8069,Loveland,78877
CO,Larimer,8069,Wellington,10437
CO,Larimer,8069,Berthoud,9094
CO,Larimer,8069,Estes Park,7769
CO,Larimer,8069,Timnath,4998
CO,Larimer,8069,Laporte,2413
CO,Larimer,8069,Red Feather Lakes,385
CO,Las Animas,8071,Trinidad,8276
CO,Las Animas,8071,Aguilar,480
CO,Las Animas,8071,Jansen,285
CO,Las Animas,8071,El Moro,261
CO,Las Animas,8071,Hoehne,130
CO,Las Animas,8071,Cokedale,120
CO,Las Animas,8071,Segundo,116
CO,Las Animas,8071,Branson,72
CO,Las Animas,8071,Kim,70
CO,Las Animas,8071,Lynn,61
CO,Las Animas,8071,Starkville,54
CO,Las Animas,8071,Stonewall Gap,43
CO,Las Animas,8071,Weston,32
CO,Las Animas,8071,Valdez,17
CO,Lincoln,8073,Limon,1952
CO,Lincoln,8073,Hugo,777
CO,Lincoln,8073,Arriba,207
CO,Lincoln,8073,Genoa,148
CO,Logan,8075,Sterling,15780
CO,Logan,8075,Fleming,404
CO,Logan,8075,Merino,281
CO,Logan,8075,Iliff,268
CO,Logan,8075,Peetz,235
CO,Logan,8075,Atwood,193
CO,Logan,8075,Crook,109
CO,Logan,8075,Padroni,69
CO,Mesa,8077,Grand Junction,139143
CO,Mesa,8077,Clifton,20748
CO,Mesa,8077,Fruita,13478
CO,Mesa,8077,Redlands,8765
CO,Mesa,8077,Fruitvale,7874
CO,Mesa,8077,Orchard Mesa,6719
CO,Mesa,8077,Palisade,2736
CO,Mesa,8077,Loma,941
CO,Mesa,8077,Collbran,698
CO,Mesa,8077,De Beque,518
CO,Mineral,8079,City of Creede,313
CO,Moffat,8081,Craig,9553
CO,Moffat,8081,Dinosaur,332
CO,Moffat,8081,Maybell,41
CO,Montezuma,8083,Cortez,8736
CO,Montezuma,8083,Mancos,1430
CO,Montezuma,8083,Towaoc,1153
CO,Montezuma,8083,Dolores,955
CO,Montezuma,8083,Lewis,149
CO,Montrose,8085,Montrose,23478
CO,Montrose,8085,Olathe,1837
CO,Montrose,8085,Nucla,714
CO,Montrose,8085,Naturita,532
CO,Montrose,8085,Redvale,276
CO,Morgan,8087,Fort Morgan,13349
CO,Morgan,8087,Brush,5769
CO,Morgan,8087,Wiggins,1163
CO,Morgan,8087,Log Lane Village,849
CO,Morgan,8087,Hillrose,260
CO,Morgan,8087,Trail Side,202
CO,Morgan,8087,Weldona,182
CO,Morgan,8087,Jackson Lake,174
CO,Morgan,8087,Morgan Heights,169
CO,Morgan,8087,Blue Sky,154
CO,Morgan,8087,Snyder,145
CO,Morgan,8087,Orchard,119
CO,Morgan,8087,Saddle Ridge,76
CO,Otero,8089,La Junta,7963
CO,Otero,8089,Rocky Ford,4011
CO,Otero,8089,Fowler,1141
CO,Otero,8089,Swink,592
CO,Otero,8089,Manzanola,417
CO,Otero,8089,North La Junta,337
CO,Otero,8089,Cheraw,249
CO,Otero,8089,La Junta Gardens,119
CO,Ouray,8091,Ridgway,1039
CO,Ouray,8091,Ouray,1034
CO,Ouray,8091,Loghill Village,661
CO,Ouray,8091,Portland,93
CO,Ouray,8091,Colona,56
CO,Park,8093,Fairplay,787
CO,Park,8093,Alma,313
CO,Park,8093,Guffey,10
CO,Phillips,8095,Holyoke,2208
CO,Phillips,8095,Haxtun,904
CO,Phillips,8095,Amherst,178
CO,Phillips,8095,Paoli,34
CO,Pitkin,8097,Aspen,8569
CO,Pitkin,8097,Snowmass Village,2732
CO,Pitkin,8097,Woody Creek,192
CO,Pitkin,8097,Redstone,63
CO,Prowers,8099,Lamar,7655
CO,Prowers,8099,Holly,774
CO,Prowers,8099,Granada,503
CO,Prowers,8099,Wiley,393
CO,Prowers,8099,Hartman,75
CO,Pueblo,8101,Pueblo,143932
CO,Pueblo,8101,Pueblo West,31849
CO,Pueblo,8101,Colorado City,2347
CO,Pueblo,8101,Blende,879
CO,Pueblo,8101,Beulah Valley,780
CO,Pueblo,8101,Avondale,708
CO,Pueblo,8101,Salt Creek,572
CO,Pueblo,8101,Boone,367
CO,Pueblo,8101,Vineland,314
CO,Pueblo,8101,Rye,165
CO,Rio Blanco,8103,Rangely,2263
CO,Rio Blanco,8103,Meeker,2252
CO,Rio Grande,8105,Monte Vista,4179
CO,Rio Grande,8105,Del Norte,1568
CO,Rio Grande,8105,South Fork,425
CO,Rio Grande,8105,Alpine,258
CO,Rio Grande,8105,Gerrard,180
CO,Routt,8107,Steamboat Springs,14087
CO,Routt,8107,Hayden,1979
CO,Routt,8107,Oak Creek,959
CO,Routt,8107,Yampa,464
CO,Routt,8107,Phippsburg,227
CO,Saguache,8109,Center,2264
CO,Saguache,8109,Saguache,505
CO,Saguache,8109,Crestone,140
CO,Saguache,8109,Moffat,119
CO,Saguache,8109,Bonanza,19
CO,San Juan,8111,Silverton,663
CO,San Miguel,8113,Telluride,2479
CO,San Miguel,8113,Mountain Village,1426
CO,San Miguel,8113,Norwood,579
CO,San Miguel,8113,Ophir,184
CO,San Miguel,8113,Sawpit,39
CO,Sedgwick,8115,Julesburg,1152
CO,Sedgwick,8115,Ovid,300
CO,Sedgwick,8115,Sedgwick,137
CO,Summit,8117,Silverthorne,19344
CO,Summit,8117,Breckenridge,7818
CO,Summit,8117,Frisco,3174
CO,Summit,8117,Dillon,967
CO,Summit,8117,Blue River,921
CO,Summit,8117,Keystone,908
CO,Summit,8117,Copper Mountain,571
CO,Summit,8117,Heeney,441
CO,Summit,8117,Montezuma,74
CO,Teller,8119,Woodland Park,11530
CO,Teller,8119,Cripple Creek,1258
CO,Teller,8119,Green Mountain Falls,722
CO,Teller,8119,Victor,426
CO,Teller,8119,Midland,380
CO,Teller,8119,Florissant,166
CO,Teller,8119,Divide,67
CO,Teller,8119,Goldfield,36
CO,Washington,8121,Akron,1723
CO,Washington,8121,Otis,486
CO,Weld,8123,Greeley,137810
CO,Weld,8123,Firestone,34230
CO,Weld,8123,Windsor,30477
CO,Weld,8123,Evans,21205
CO,Weld,8123,Johnstown,21048
CO,Weld,8123,Frederick,13960
CO,Weld,8123,Fort Lupton,10208
CO,Weld,8123,Milliken,8164
CO,Weld,8123,Lochbuie,7304
CO,Weld,8123,Severance,6494
CO,Weld,8123,Dacono,6034
CO,Weld,8123,Eaton,5773
CO,Weld,8123,Mead,4731
CO,Weld,8123,Hudson,2767
CO,Weld,8123,Platteville,2760
CO,Weld,8123,La Salle,2342
CO,Weld,8123,Ault,1871
CO,Weld,8123,Kersey,1681
CO,Weld,8123,Aristocrat Ranchettes,1416
CO,Weld,8123,Keenesburg,1237
CO,Weld,8123,Pierce,1133
CO,Weld,8123,Gilcrest,1106
CO,Weld,8123,Nunn,464
CO,Weld,8123,Garden City,267
CO,Weld,8123,Grover,153
CO,Weld,8123,Raymer,112
CO,Yuma,8125,Yuma,3479
CO,Yuma,8125,Wray,2349
CO,Yuma,8125,Eckley,258
CO,Yuma,8125,Joes,83
CO,Yuma,8125,Kirk,80
CO,Yuma,8125,Laird,49
CO,Yuma,8125,Idalia,37
CT,Fairfield,9001,Bridgeport,924449
CT,Fairfield,9001,Danbury,176030
CT,Fairfield,9001,Stamford,129638
CT,Fairfield,9001,Norwalk,88816
CT,Fairfield,9001,Shelton,41129
CT,Fairfield,9001,Riverside,8604
CT,Fairfield,9001,Cos Cob,6990
CT,Fairfield,9001,Old Greenwich,6844
CT,Fairfield,9001,Byram,4560
CT,Fairfield,9001,Pemberwick,4083
CT,Fairfield,9001,Glenville,2538
CT,Fairfield,9001,Southport,1661
CT,Fairfield,9001,Georgetown,1630
CT,Fairfield,9001,Wilton Center,788
CT,Fairfield,9001,Cannondale,8
CT,Hartford,9003,Hartford,905152
CT,Hartford,9003,New Britain,72495
CT,Hartford,9003,Bristol,59947
CT,Hartford,9003,Thompsonville,8701
CT,Hartford,9003,Kensington,7971
CT,Hartford,9003,Glastonbury Center,7929
CT,Hartford,9003,Southwood Acres,7473
CT,Hartford,9003,Simsbury Center,6154
CT,Hartford,9003,Sherwood Manor,5513
CT,Hartford,9003,Broad Brook,4695
CT,Hartford,9003,Hazardville,4615
CT,Hartford,9003,Collinsville,3328
CT,Hartford,9003,Blue Hills,2913
CT,Hartford,9003,West Simsbury,2764
CT,Hartford,9003,Weatogue,2738
CT,Hartford,9003,Salmon Brook,2294
CT,Hartford,9003,Plantsville,1692
CT,Hartford,9003,Canton Valley,1651
CT,Hartford,9003,Tariffville,1529
CT,Hartford,9003,North Granby,1485
CT,Hartford,9003,Suffield Depot,1227
CT,Hartford,9003,Terramuggus,956
CT,Litchfield,9005,Torrington,40003
CT,Litchfield,9005,Oakville,8799
CT,Litchfield,9005,Winsted,7121
CT,Litchfield,9005,Terryville,5030
CT,Litchfield,9005,Northwest Harwinton,3011
CT,Litchfield,9005,Bethlehem Village,1995
CT,Litchfield,9005,Woodbury Center,1194
CT,Litchfield,9005,Canaan,1050
CT,Litchfield,9005,New Hartford Center,1047
CT,Litchfield,9005,Lakeville,1040
CT,Litchfield,9005,New Preston,856
CT,Litchfield,9005,Bantam,727
CT,Litchfield,9005,Falls Village,451
CT,Middlesex,9007,Middletown,46258
CT,Middlesex,9007,Lake Pocotopaug,3117
CT,Middlesex,9007,Essex Village,2480
CT,Middlesex,9007,Deep River Center,2354
CT,Middlesex,9007,Old Saybrook Center,2296
CT,Middlesex,9007,Westbrook Center,2237
CT,Middlesex,9007,Chester Center,1566
CT,Middlesex,9007,Moodus,1391
CT,Middlesex,9007,Higganum,1285
CT,Middlesex,9007,Saybrook Manor,933
CT,Middlesex,9007,Fenwick,45
CT,New Haven,9009,New Haven,564830
CT,New Haven,9009,Waterbury,189614
CT,New Haven,9009,Meriden,59395
CT,New Haven,9009,West Haven,54620
CT,New Haven,9009,Milford,54328
CT,New Haven,9009,Milford city ,53195
CT,New Haven,9009,Naugatuck,31108
CT,New Haven,9009,Ansonia,18654
CT,New Haven,9009,Wallingford Center,18360
CT,New Haven,9009,Derby,12339
CT,New Haven,9009,Branford Center,6163
CT,New Haven,9009,Cheshire Village,6082
CT,New Haven,9009,Heritage Village,4156
CT,New Haven,9009,Guilford Center,2689
CT,New Haven,9009,Madison Center,2197
CT,New Haven,9009,Woodmont,1552
CT,New London,9011,Norwich,200289
CT,New London,9011,New London,26858
CT,New London,9011,Conning Towers Nautilus Park,9785
CT,New London,9011,Jewett City,9749
CT,New London,9011,Pawcatuck,5305
CT,New London,9011,Long Hill,4369
CT,New London,9011,Mystic,4249
CT,New London,9011,Old Mystic,3383
CT,New London,9011,Niantic,2935
CT,New London,9011,Oxoboxo River,2825
CT,New London,9011,Poquonock Bridge,2098
CT,New London,9011,Noank,1432
CT,New London,9011,Baltic,1237
CT,New London,9011,Gales Ferry,899
CT,New London,9011,Groton Long Point,507
CT,New London,9011,Mashantucket,247
CT,Tolland,9013,Storrs,16352
CT,Tolland,9013,Rockville,7115
CT,Tolland,9013,Stafford Springs,5023
CT,Tolland,9013,Coventry Lake,2530
CT,Tolland,9013,Crystal Lake,2188
CT,Tolland,9013,South Coventry,1224
CT,Tolland,9013,Mansfield Center,939
CT,Windham,9015,Willimantic,17358
CT,Windham,9015,Moosup,4173
CT,Windham,9015,Danielson,4012
CT,Windham,9015,Plainfield Village,1920
CT,Windham,9015,East Brooklyn,1521
CT,Windham,9015,Quinebaug,1484
CT,Windham,9015,South Windham,1459
CT,Windham,9015,Wauregan,1458
CT,Windham,9015,South Woodstock,1408
CT,Windham,9015,North Grosvenor Dale,1130
DC,District of Columbia,11001,Washington,5379184
DE,Kent,10001,Dover,117282
DE,Kent,10001,Smyrna,11813
DE,Kent,10001,Harrington,4543
DE,Kent,10001,Rising Sun-Lebanon,4065
DE,Kent,10001,Dover Base Housing,3614
DE,Kent,10001,Camden,3551
DE,Kent,10001,Clayton,3508
DE,Kent,10001,Highland Acres,3446
DE,Kent,10001,Kent Acres,2519
DE,Kent,10001,Woodside East,2427
DE,Kent,10001,Riverview,2314
DE,Kent,10001,Cheswold,1695
DE,Kent,10001,Wyoming,1549
DE,Kent,10001,Felton,1414
DE,Kent,10001,Rodney Village,1304
DE,Kent,10001,Frederica,849
DE,Kent,10001,Houston,405
DE,Kent,10001,Bowers,374
DE,Kent,10001,Magnolia,289
DE,Kent,10001,Kenton,271
DE,Kent,10001,Little Creek,235
DE,Kent,10001,Leipsic,205
DE,Kent,10001,Woodside,193
DE,Kent,10001,Viola,165
DE,Kent,10001,Farmington,122
DE,Kent,10001,Hartly,76
DE,New Castle,10003,Wilmington,70166
DE,New Castle,10003,Middletown,35695
DE,New Castle,10003,Newark,33515
DE,New Castle,10003,Bear,20850
DE,New Castle,10003,Glasgow,14359
DE,New Castle,10003,Brookside,13396
DE,New Castle,10003,Hockessin,13157
DE,New Castle,10003,Pike Creek Valley,10989
DE,New Castle,10003,Claymont,9330
DE,New Castle,10003,Wilmington Manor,7903
DE,New Castle,10003,Pike Creek,7613
DE,New Castle,10003,North Star,7503
DE,New Castle,10003,Edgemoor,6934
DE,New Castle,10003,Elsmere,5872
DE,New Castle,10003,New Castle,5392
DE,New Castle,10003,Townsend,2659
DE,New Castle,10003,Greenville,2467
DE,New Castle,10003,Delaware City,1837
DE,New Castle,10003,Bellefonte,1164
DE,New Castle,10003,Newport,1039
DE,New Castle,10003,St. Georges,767
DE,New Castle,10003,Arden,440
DE,New Castle,10003,Odessa,360
DE,New Castle,10003,Ardentown,270
DE,New Castle,10003,Ardencroft,216
DE,Sussex,10005,Lewes,29187
DE,Sussex,10005,Milford,22102
DE,Sussex,10005,Ocean View,14360
DE,Sussex,10005,Millsboro,10985
DE,Sussex,10005,Georgetown,10638
DE,Sussex,10005,Seaford,8013
DE,Sussex,10005,Laurel,4356
DE,Sussex,10005,Bridgeville,3862
DE,Sussex,10005,Milton,3012
DE,Sussex,10005,Selbyville,2540
DE,Sussex,10005,Long Neck,2487
DE,Sussex,10005,Delmar,1822
DE,Sussex,10005,Rehoboth Beach,1546
DE,Sussex,10005,Blades,1454
DE,Sussex,10005,Bethany Beach,1245
DE,Sussex,10005,Greenwood,1139
DE,Sussex,10005,Frankford,987
DE,Sussex,10005,Dagsboro,927
DE,Sussex,10005,Millville,626
DE,Sussex,10005,South Bethany,530
DE,Sussex,10005,Fenwick Island,445
DE,Sussex,10005,Ellendale,434
DE,Sussex,10005,Dewey Beach,400
DE,Sussex,10005,Slaughter Beach,241
DE,Sussex,10005,Bethel,201
DE,Sussex,10005,Henlopen Acres,144
FL,Alachua,12001,Gainesville,202335
FL,Alachua,12001,Alachua,9899
FL,Alachua,12001,Newberry,6231
FL,Alachua,12001,High Springs,6178
FL,Alachua,12001,Hawthorne,1522
FL,Alachua,12001,Archer,1198
FL,Alachua,12001,Waldo,1008
FL,Alachua,12001,Micanopy,635
FL,Alachua,12001,La Crosse,397
FL,Baker,12003,Macclenny,11958
FL,Baker,12003,Glen St. Mary,460
FL,Bay,12005,Panama City,136133
FL,Bay,12005,Lynn Haven,20525
FL,Bay,12005,Upper Grand Lagoon,17550
FL,Bay,12005,Callaway,14060
FL,Bay,12005,Panama City Beach,12583
FL,Bay,12005,Springfield,8577
FL,Bay,12005,Lower Grand Lagoon,4584
FL,Bay,12005,Laguna Beach,4504
FL,Bay,12005,Parker,4249
FL,Bay,12005,Cedar Grove,3464
FL,Bay,12005,Pretty Bayou,3293
FL,Bay,12005,Tyndall AFB,2779
FL,Bay,12005,Mexico Beach,1114
FL,Bradford,12007,Starke,5647
FL,Bradford,12007,Lawtey,725
FL,Bradford,12007,Hampton,502
FL,Bradford,12007,Brooker,336
FL,Brevard,12009,Palm Bay,507002
FL,Brevard,12009,Melbourne,83029
FL,Brevard,12009,Titusville,57891
FL,Brevard,12009,Merritt Island,36532
FL,Brevard,12009,Rockledge,28227
FL,Brevard,12009,West Melbourne,24259
FL,Brevard,12009,Cocoa,18603
FL,Brevard,12009,Viera East,11796
FL,Brevard,12009,Cocoa Beach,11705
FL,Brevard,12009,Port St. John,11684
FL,Brevard,12009,Viera West,11369
FL,Brevard,12009,Satellite Beach,11130
FL,Brevard,12009,Cape Canaveral,10470
FL,Brevard,12009,Micco,9047
FL,Brevard,12009,Indian Harbour Beach,8557
FL,Brevard,12009,South Patrick Shores,6842
FL,Brevard,12009,Cocoa West,6595
FL,Brevard,12009,Mims,6375
FL,Brevard,12009,June Park,4669
FL,Brevard,12009,Grant-Valkaria,4286
FL,Brevard,12009,Melbourne Beach,3298
FL,Brevard,12009,Sharpes,3221
FL,Brevard,12009,Malabar,3185
FL,Brevard,12009,Indialantic,2908
FL,Brevard,12009,Patrick AFB,1533
FL,Brevard,12009,Palm Shores,1157
FL,Brevard,12009,Melbourne Village,694
FL,Broward,12011,Fort Lauderdale,182437
FL,Broward,12011,Pembroke Pines,173591
FL,Broward,12011,Hollywood,154817
FL,Broward,12011,Miramar,141191
FL,Broward,12011,Coral Springs,133759
FL,Broward,12011,Pompano Beach,112118
FL,Broward,12011,Davie,106306
FL,Broward,12011,Sunrise,95166
FL,Broward,12011,Plantation,94580
FL,Broward,12011,Deerfield Beach,81066
FL,Broward,12011,Lauderhill,71868
FL,Broward,12011,Weston,71166
FL,Broward,12011,Tamarac,66721
FL,Broward,12011,Coconut Creek,61248
FL,Broward,12011,Margate,58796
FL,Broward,12011,Oakland Park,45202
FL,Broward,12011,North Lauderdale,44262
FL,Broward,12011,Hallandale Beach,39847
FL,Broward,12011,Lauderdale Lakes,36194
FL,Broward,12011,Cooper City,35800
FL,Broward,12011,Parkland,34170
FL,Broward,12011,Dania Beach,32271
FL,Broward,12011,West Park,15089
FL,Broward,12011,Wilton Manors,12756
FL,Broward,12011,Lighthouse Point,11270
FL,Broward,12011,Broadview Park,8169
FL,Broward,12011,Southwest Ranches,7957
FL,Broward,12011,Pembroke Park,6749
FL,Broward,12011,Lauderdale-by-the-Sea,6664
FL,Broward,12011,Roosevelt Gardens,3034
FL,Broward,12011,Hillsboro Beach,2012
FL,Broward,12011,Washington Park,1685
FL,Broward,12011,Boulevard Gardens,1632
FL,Broward,12011,Franklin Park,1056
FL,Broward,12011,Sea Ranch Lakes,619
FL,Broward,12011,Hillsboro Pines,572
FL,Broward,12011,Lazy Lake,26
FL,Calhoun,12013,Blountstown,4617
FL,Calhoun,12013,Altha,492
FL,Charlotte,12015,Port Charlotte,62327
FL,Charlotte,12015,Punta Gorda,20369
FL,Charlotte,12015,Rotonda,9325
FL,Charlotte,12015,Charlotte Harbor,4082
FL,Charlotte,12015,Harbour Heights,3752
FL,Charlotte,12015,Cleveland,3077
FL,Charlotte,12015,Charlotte Park,2401
FL,Charlotte,12015,Grove City,2253
FL,Charlotte,12015,Manasota Key,1282
FL,Charlotte,12015,Solana,894
FL,Citrus,12017,Homosassa Springs,13478
FL,Citrus,12017,Pine Ridge,10278
FL,Citrus,12017,Beverly Hills,9360
FL,Citrus,12017,Hernando,9261
FL,Citrus,12017,Sugarmill Woods,9082
FL,Citrus,12017,Citrus Springs,8779
FL,Citrus,12017,Citrus Hills,7739
FL,Citrus,12017,Inverness,7414
FL,Citrus,12017,Lecanto,6847
FL,Citrus,12017,Inverness Highlands South,6441
FL,Citrus,12017,Floral City,5395
FL,Citrus,12017,Crystal River,4498
FL,Citrus,12017,Inverness Highlands North,2587
FL,Citrus,12017,Homosassa,2037
FL,Citrus,12017,Black Diamond,867
FL,Clay,12019,Lakeside,30458
FL,Clay,12019,Fleming Island,28676
FL,Clay,12019,Oakleaf Plantation,28237
FL,Clay,12019,Bellair-Meadowbrook Terrace,14800
FL,Clay,12019,Middleburg,14111
FL,Clay,12019,Asbury Lake,10160
FL,Clay,12019,Orange Park,8824
FL,Clay,12019,Green Cove Springs,8577
FL,Clay,12019,Keystone Heights,7449
FL,Clay,12019,Penney Farms,833
FL,Collier,12021,Golden Gate,29552
FL,Collier,12021,Immokalee,26597
FL,Collier,12021,Naples,22088
FL,Collier,12021,Marco Island,17947
FL,Collier,12021,Naples Manor,6507
FL,Collier,12021,Lely Resort,6295
FL,Collier,12021,Pelican Bay,6140
FL,Collier,12021,Naples Park,5733
FL,Collier,12021,Orangetree,4989
FL,Collier,12021,Vineyards,3891
FL,Collier,12021,Lely,3675
FL,Collier,12021,Island Walk,3112
FL,Collier,12021,Verona Walk,2612
FL,Collier,12021,Everglades,421
FL,Collier,12021,Chokoloskee,340
FL,Collier,12021,Goodland,337
FL,Collier,12021,Plantation Island,14
FL,Columbia,12023,Lake City,26271
FL,Columbia,12023,Watertown,3082
FL,Columbia,12023,Five Points,1393
FL,Columbia,12023,Fort White,600
FL,DeSoto,12027,Arcadia,19038
FL,DeSoto,12027,Southeast Arcadia,8272
FL,Dixie,12029,Cross City,3739
FL,Dixie,12029,Horseshoe Beach,168
FL,Duval,12031,Jacksonville,1181496
FL,Duval,12031,Jacksonville Beach,23628
FL,Duval,12031,Atlantic Beach,13872
FL,Duval,12031,Neptune Beach,7259
FL,Duval,12031,Baldwin,1489
FL,Escambia,12033,Pensacola,346921
FL,Escambia,12033,Ferry Pass,32376
FL,Escambia,12033,Brent,22337
FL,Escambia,12033,Ensley,22194
FL,Escambia,12033,Bellview,21515
FL,Escambia,12033,West Pensacola,21056
FL,Escambia,12033,Myrtle Grove,16875
FL,Escambia,12033,Gonzalez,14598
FL,Escambia,12033,Warrington,14351
FL,Escambia,12033,Goulding,4036
FL,Escambia,12033,Century,3610
FL,Escambia,12033,Molino,1202
FL,Flagler,12035,Palm Coast,417007
FL,Flagler,12035,Flagler Beach,5123
FL,Flagler,12035,Bunnell,2943
FL,Flagler,12035,Beverly Beach,430
FL,Flagler,12035,Marineland,11
FL,Franklin,12037,Apalachicola,3893
FL,Franklin,12037,Carrabelle,2820
FL,Franklin,12037,Eastpoint,2336
FL,Franklin,12037,St. George Island,863
FL,Gadsden,12039,Quincy,7957
FL,Gadsden,12039,Chattahoochee,4823
FL,Gadsden,12039,Midway,3000
FL,Gadsden,12039,Havana,2698
FL,Gadsden,12039,Gretna,1436
FL,Gadsden,12039,Greensboro,615
FL,Gilchrist,12041,Trenton,2942
FL,Gilchrist,12041,Fanning Springs,1030
FL,Gilchrist,12041,Bell,498
FL,Gilchrist,12041,Spring Ridge,371
FL,Glades,12043,Moore Haven,3446
FL,Glades,12043,Buckhead Ridge,1634
FL,Gulf,12045,Port St. Joe,3763
FL,Gulf,12045,Wewahitchka,2133
FL,Hamilton,12047,Jasper,4941
FL,Hamilton,12047,Jennings,862
FL,Hamilton,12047,White Springs,766
FL,Hardee,12049,Wauchula,13992
FL,Hardee,12049,Bowling Green,2887
FL,Hardee,12049,Zolfo Springs,1773
FL,Hardee,12049,Ona,658
FL,Hardee,12049,Lemon Grove,501
FL,Hardee,12049,Gardner,340
FL,Hardee,12049,Fort Green,226
FL,Hardee,12049,Limestone,217
FL,Hardee,12049,Fort Green Springs,159
FL,Hendry,12051,Clewiston,14383
FL,Hendry,12051,LaBelle,13563
FL,Hendry,12051,Port LaBelle,5348
FL,Hendry,12051,Montura,3425
FL,Hendry,12051,Harlem,2377
FL,Hendry,12051,Fort Denaud,1769
FL,Hendry,12051,Pioneer,420
FL,Hernando,12053,Spring Hill,111076
FL,Hernando,12053,Brooksville,8564
FL,Hernando,12053,North Weeki Wachee,8238
FL,Hernando,12053,Timber Pines,5198
FL,Hernando,12053,Ridge Manor,4820
FL,Hernando,12053,Brookridge,4412
FL,Hernando,12053,South Brooksville,4200
FL,Hernando,12053,High Point,3974
FL,Hernando,12053,North Brooksville,3161
FL,Hernando,12053,Hill 'n Dale,3045
FL,Hernando,12053,Hernando Beach,2675
FL,Hernando,12053,Weeki Wachee Gardens,1138
FL,Hernando,12053,Masaryktown,1006
FL,Hernando,12053,Garden Grove,911
FL,Hernando,12053,Wiscon,700
FL,Hernando,12053,Spring Lake,554
FL,Hernando,12053,Istachatta,163
FL,Hernando,12053,Nobleton,104
FL,Hernando,12053,Bayport,58
FL,Hernando,12053,Pine Island,49
FL,Hernando,12053,Weeki Wachee,13
FL,Hernando,12053,Lake Lindsey,8
FL,Highlands,12055,Sebring,62250
FL,Highlands,12055,Lake Placid,18227
FL,Highlands,12055,Avon Park,10689
FL,Hillsborough,12057,Tampa,2908063
FL,Hillsborough,12057,Brandon,115911
FL,Hillsborough,12057,Riverview,95338
FL,Hillsborough,12057,Town 'n' Country,87338
FL,Hillsborough,12057,University,48436
FL,Hillsborough,12057,Plant City,39744
FL,Hillsborough,12057,Valrico,37980
FL,Hillsborough,12057,Egypt Lake-Leto,37704
FL,Hillsborough,12057,Carrollwood,35686
FL,Hillsborough,12057,Lake Magdalene,30805
FL,Hillsborough,12057,East Lake-Orient Park,29346
FL,Hillsborough,12057,Citrus Park,27026
FL,Hillsborough,12057,Temple Terrace,26639
FL,Hillsborough,12057,Ruskin,25530
FL,Hillsborough,12057,Keystone,25493
FL,Hillsborough,12057,Bloomingdale,24446
FL,Hillsborough,12057,Sun City Center,24286
FL,Hillsborough,12057,Westchase,23923
FL,Hillsborough,12057,Palm River-Clair Mel,23844
FL,Hillsborough,12057,Northdale,23510
FL,Hillsborough,12057,Lutz,22235
FL,Hillsborough,12057,Fish Hawk,21929
FL,Hillsborough,12057,Apollo Beach,20947
FL,Hillsborough,12057,Gibsonton,18515
FL,Hillsborough,12057,Thonotosassa,14460
FL,Hillsborough,12057,Mango,11137
FL,Hillsborough,12057,Cheval,10808
FL,Hillsborough,12057,Pebble Creek,10249
FL,Hillsborough,12057,Progress Village,10020
FL,Hillsborough,12057,Seffner,8362
FL,Hillsborough,12057,Wimauma,8358
FL,Hillsborough,12057,Balm,4362
FL,Hillsborough,12057,Dover,2938
FL,Holmes,12059,Bonifay,4094
FL,Holmes,12059,Ponce de Leon,567
FL,Holmes,12059,Esto,356
FL,Holmes,12059,Westville,281
FL,Holmes,12059,Noma,205
FL,Indian River,12061,Sebastian,26118
FL,Indian River,12061,Vero Beach South,23333
FL,Indian River,12061,Florida Ridge,22372
FL,Indian River,12061,Vero Beach,17503
FL,Indian River,12061,Gifford,10479
FL,Indian River,12061,West Vero Corridor,8292
FL,Indian River,12061,Fellsmere,5800
FL,Indian River,12061,Indian River Shores,4311
FL,Indian River,12061,South Beach,3429
FL,Indian River,12061,Winter Beach,2570
FL,Indian River,12061,Wabasso Beach,1775
FL,Indian River,12061,Roseland,1514
FL,Indian River,12061,Wabasso,530
FL,Indian River,12061,Orchid,454
FL,Indian River,12061,Windsor,218
FL,Jackson,12063,Marianna,5803
FL,Jackson,12063,Graceville,3766
FL,Jackson,12063,Malone,2092
FL,Jackson,12063,Sneads,1779
FL,Jackson,12063,Cottondale,895
FL,Jackson,12063,Grand Ridge,872
FL,Jackson,12063,Greenwood,662
FL,Jackson,12063,Alford,463
FL,Jackson,12063,Jacob City,246
FL,Jackson,12063,Campbellton,221
FL,Jackson,12063,Bascom,115
FL,Jefferson,12065,Monticello,2409
FL,Jefferson,12065,Wacissa,447
FL,Jefferson,12065,Waukeenah,280
FL,Jefferson,12065,Aucilla,198
FL,Jefferson,12065,Lloyd,140
FL,Jefferson,12065,Lamont,50
FL,Lafayette,12067,Mayo,1269
FL,Lafayette,12067,Day,97
FL,Lake,12069,Leesburg,154574
FL,Lake,12069,Clermont,38654
FL,Lake,12069,Eustis,21303
FL,Lake,12069,Tavares,17749
FL,Lake,12069,Groveland,16423
FL,Lake,12069,Lady Lake,16020
FL,Lake,12069,Mount Dora,14516
FL,Lake,12069,Minneola,12595
FL,Lake,12069,Fruitland Park,10730
FL,Lake,12069,Mascotte,6315
FL,Lake,12069,Mount Plymouth,4757
FL,Lake,12069,Umatilla,3861
FL,Lake,12069,Astatula,2085
FL,Lake,12069,Silver Lake,1954
FL,Lake,12069,Montverde,1705
FL,Lake,12069,Astor,1595
FL,Lake,12069,Paisley,1479
FL,Lake,12069,Howey-in-the-Hills,1181
FL,Lake,12069,Yalaha,1129
FL,Lake,12069,Lake Kathryn,954
FL,Lake,12069,Lake Mack-Forest Hills,899
FL,Lake,12069,Pine Lakes,540
FL,Lake,12069,Ferndale,462
FL,Lake,12069,Lisbon,406
FL,Lake,12069,Sorrento,366
FL,Lake,12069,Pittman,315
FL,Lake,12069,Okahumpka,193
FL,Lake,12069,Altoona,85
FL,Lee,12071,Cape Coral,668382
FL,Lee,12071,Bonita Springs,421291
FL,Lee,12071,Lehigh Acres,123378
FL,Lee,12071,Fort Myers,87103
FL,Lee,12071,North Fort Myers,42770
FL,Lee,12071,Estero,33871
FL,Lee,12071,San Carlos Park,17961
FL,Lee,12071,Iona,14118
FL,Lee,12071,Villas,13072
FL,Lee,12071,Cypress Lake,12978
FL,Lee,12071,Gateway,10702
FL,Lee,12071,McGregor,7760
FL,Lee,12071,Sanibel,7401
FL,Lee,12071,Fort Myers Beach,7094
FL,Lee,12071,Fort Myers Shores,6813
FL,Lee,12071,Tice,5092
FL,Lee,12071,Whiskey Creek,5022
FL,Lee,12071,Pine Manor,4993
FL,Lee,12071,Suncoast Estates,4592
FL,Lee,12071,Three Oaks,4281
FL,Lee,12071,Lochmoor Waterway Estates,4163
FL,Lee,12071,Buckingham,3958
FL,Lee,12071,St. James City,3489
FL,Lee,12071,Alva,2952
FL,Lee,12071,Olga,2333
FL,Lee,12071,Pine Island Center,2175
FL,Lee,12071,Burnt Store Marina,2057
FL,Lee,12071,Harlem Heights,1957
FL,Lee,12071,Punta Rassa,1697
FL,Lee,12071,Bokeelia,1613
FL,Lee,12071,Palmona Park,1209
FL,Lee,12071,Matlacha,537
FL,Lee,12071,Page Park,490
FL,Lee,12071,Pineland,320
FL,Lee,12071,Matlacha Isles-Matlacha Shores,256
FL,Lee,12071,Charleston Park,254
FL,Lee,12071,Captiva,175
FL,Leon,12073,Tallahassee,257601
FL,Leon,12073,Woodville,2754
FL,Levy,12075,Williston,3205
FL,Levy,12075,Manatee Road,2670
FL,Levy,12075,Chiefland,2186
FL,Levy,12075,Williston Highlands,2106
FL,Levy,12075,East Bronson,1825
FL,Levy,12075,Inglis,1347
FL,Levy,12075,Bronson,1147
FL,Levy,12075,Raleigh,766
FL,Levy,12075,Cedar Key,720
FL,Levy,12075,East Williston,697
FL,Levy,12075,Andrews,675
FL,Levy,12075,Yankeetown,529
FL,Levy,12075,Otter Creek,134
FL,Levy,12075,Morriston,126
FL,Liberty,12077,Bristol,980
FL,Liberty,12077,Hosford,704
FL,Liberty,12077,Lake Mystic,547
FL,Liberty,12077,Sumatra,131
FL,Madison,12079,Madison,3734
FL,Madison,12079,Greenville,824
FL,Madison,12079,Lee,328
FL,Manatee,12081,Bradenton,59439
FL,Manatee,12081,South Bradenton,25227
FL,Manatee,12081,Bayshore Gardens,20287
FL,Manatee,12081,Palmetto,13748
FL,Manatee,12081,Memphis,9647
FL,Manatee,12081,Longboat Key,7296
FL,Manatee,12081,West Samoset,6921
FL,Manatee,12081,Samoset,4399
FL,Manatee,12081,Cortez,4377
FL,Manatee,12081,Holmes Beach,4305
FL,Manatee,12081,Ellenton,4192
FL,Manatee,12081,West Bradenton,4065
FL,Manatee,12081,Whitfield,3743
FL,Manatee,12081,Anna Maria,1762
FL,Manatee,12081,Bradenton Beach,1279
FL,Marion,12083,Ocala,169383
FL,Marion,12083,Silver Springs Shores,9031
FL,Marion,12083,Belleview,5101
FL,Marion,12083,Dunnellon,1840
FL,Marion,12083,Reddick,551
FL,Marion,12083,McIntosh,496
FL,Martin,12085,Palm City,24840
FL,Martin,12085,Stuart,16237
FL,Martin,12085,Hobe Sound,14003
FL,Martin,12085,Jensen Beach,13479
FL,Martin,12085,Port Salerno,11486
FL,Martin,12085,Indiantown,7669
FL,Martin,12085,North River Shores,3874
FL,Martin,12085,Sewall's Point,2226
FL,Martin,12085,Jupiter Island,929
FL,Martin,12085,Rio,853
FL,Martin,12085,Ocean Breeze,381
FL,Miami-Dade,12086,Miami,6445545
FL,Miami-Dade,12086,Hialeah,233339
FL,Miami-Dade,12086,Miami Gardens,110001
FL,Miami-Dade,12086,Miami Beach,88885
FL,Miami-Dade,12086,Kendall,75312
FL,Miami-Dade,12086,Homestead,69523
FL,Miami-Dade,12086,Doral,65741
FL,Miami-Dade,12086,North Miami,62822
FL,Miami-Dade,12086,The Hammocks,61516
FL,Miami-Dade,12086,Fountainebleau,60547
FL,Miami-Dade,12086,Tamiami,56225
FL,Miami-Dade,12086,Kendale Lakes,56182
FL,Miami-Dade,12086,Country Club,50431
FL,Miami-Dade,12086,Coral Gables,49700
FL,Miami-Dade,12086,Cutler Bay,43718
FL,Miami-Dade,12086,North Miami Beach,43041
FL,Miami-Dade,12086,Kendall West,38433
FL,Miami-Dade,12086,Richmond West,37486
FL,Miami-Dade,12086,South Miami Heights,37119
FL,Miami-Dade,12086,Aventura,36987
FL,Miami-Dade,12086,Golden Glades,34109
FL,Miami-Dade,12086,West Little River,32897
FL,Miami-Dade,12086,Princeton,32299
FL,Miami-Dade,12086,Miami Lakes,31367
FL,Miami-Dade,12086,Westchester,29778
FL,Miami-Dade,12086,Leisure City,26652
FL,Miami-Dade,12086,University Park,26620
FL,Miami-Dade,12086,Coral Terrace,25387
FL,Miami-Dade,12086,Palmetto Bay,24523
FL,Miami-Dade,12086,Hialeah Gardens,23474
FL,Miami-Dade,12086,Ives Estates,22707
FL,Miami-Dade,12086,The Crossings,22441
FL,Miami-Dade,12086,Sunny Isles Beach,21804
FL,Miami-Dade,12086,Sweetwater,20994
FL,Miami-Dade,12086,Pinecrest,19155
FL,Miami-Dade,12086,Pinewood,17542
FL,Miami-Dade,12086,Country Walk,17496
FL,Miami-Dade,12086,Glenvar Heights,17065
FL,Miami-Dade,12086,Brownsville,17051
FL,Miami-Dade,12086,Ojus,16417
FL,Miami-Dade,12086,Opa-locka,15887
FL,Miami-Dade,12086,Sunset,15871
FL,Miami-Dade,12086,Palmetto Estates,15640
FL,Miami-Dade,12086,Three Lakes,15614
FL,Miami-Dade,12086,Olympia Heights,13958
FL,Miami-Dade,12086,Miami Springs,13917
FL,Miami-Dade,12086,Gladeview,12977
FL,Miami-Dade,12086,Key Biscayne,12846
FL,Miami-Dade,12086,Goulds,11984
FL,Miami-Dade,12086,South Miami,11911
FL,Miami-Dade,12086,Naranja,11778
FL,Miami-Dade,12086,Florida City,11771
FL,Miami-Dade,12086,Westwood Lakes,11510
FL,Miami-Dade,12086,Westview,11247
FL,Miami-Dade,12086,Richmond Heights,10524
FL,Miami-Dade,12086,Miami Shores,10365
FL,Miami-Dade,12086,West Perrine,9826
FL,Miami-Dade,12086,West Miami,8767
FL,Miami-Dade,12086,North Bay Village,8057
FL,Miami-Dade,12086,Bay Harbor Islands,5793
FL,Miami-Dade,12086,Surfside,5651
FL,Miami-Dade,12086,Palm Springs North,5525
FL,Miami-Dade,12086,Biscayne Park,3065
FL,Miami-Dade,12086,Bal Harbour,2961
FL,Miami-Dade,12086,El Portal,2398
FL,Miami-Dade,12086,Virginia Gardens,2380
FL,Miami-Dade,12086,Homestead Base,1054
FL,Miami-Dade,12086,Golden Beach,933
FL,Miami-Dade,12086,Medley,883
FL,Miami-Dade,12086,Fisher Island,383
FL,Miami-Dade,12086,Indian Creek,89
FL,Monroe,12087,Key West,31401
FL,Monroe,12087,Key Largo,9952
FL,Monroe,12087,Marathon,9271
FL,Monroe,12087,"Islamorada, Village of Islands",6317
FL,Monroe,12087,Big Pine Key,4896
FL,Monroe,12087,Stock Island,4416
FL,Monroe,12087,Big Coppitt Key,2825
FL,Monroe,12087,Tavernier,2132
FL,Monroe,12087,Cudjoe Key,2105
FL,Monroe,12087,North Key Largo,886
FL,Monroe,12087,Key Colony Beach,803
FL,Monroe,12087,Duck Key,741
FL,Monroe,12087,Layton,182
FL,Nassau,12089,Fernandina Beach,28931
FL,Nassau,12089,Yulee,12754
FL,Nassau,12089,Nassau Village-Ratliff,4801
FL,Nassau,12089,Hilliard,3263
FL,Nassau,12089,Callahan,1360
FL,Okaloosa,12091,Crestview,39072
FL,Okaloosa,12091,Wright,23965
FL,Okaloosa,12091,Fort Walton Beach,22521
FL,Okaloosa,12091,Niceville,15972
FL,Okaloosa,12091,Destin,14247
FL,Okaloosa,12091,Lake Lorraine,7217
FL,Okaloosa,12091,Ocean City,6249
FL,Okaloosa,12091,Valparaiso,5401
FL,Okaloosa,12091,Mary Esther,4434
FL,Okaloosa,12091,Eglin AFB,2152
FL,Okaloosa,12091,Shalimar,836
FL,Okaloosa,12091,Laurel Hill,627
FL,Okaloosa,12091,Cinco Bayou,445
FL,Okeechobee,12093,Okeechobee,26256
FL,Okeechobee,12093,Taylor Creek,4010
FL,Okeechobee,12093,Cypress Quarters,1373
FL,Orange,12095,Orlando,1822394
FL,Orange,12095,Alafaya,91068
FL,Orange,12095,Pine Hills,78995
FL,Orange,12095,Apopka,53447
FL,Orange,12095,Ocoee,48263
FL,Orange,12095,Winter Garden,46051
FL,Orange,12095,Horizon West,39065
FL,Orange,12095,Meadow Woods,35726
FL,Orange,12095,Winter Park,30825
FL,Orange,12095,Oak Ridge,24004
FL,Orange,12095,Hunters Creek,20817
FL,Orange,12095,Lake Butler,19499
FL,Orange,12095,Maitland,17652
FL,Orange,12095,Southchase,15314
FL,Orange,12095,Azalea Park,14700
FL,Orange,12095,Lockhart,14430
FL,Orange,12095,Conway,13528
FL,Orange,12095,Union Park,12052
FL,Orange,12095,Doctor Phillips,10488
FL,Orange,12095,Pine Castle,10474
FL,Orange,12095,Fairview Shores,10467
FL,Orange,12095,Bithlo,9627
FL,Orange,12095,Wedgefield,8180
FL,Orange,12095,Williamsburg,7823
FL,Orange,12095,South Apopka,7381
FL,Orange,12095,Sky Lake,7331
FL,Orange,12095,Belle Isle,7240
FL,Orange,12095,Orlovista,6416
FL,Orange,12095,Rio Pinar,5713
FL,Orange,12095,Bay Hill,4909
FL,Orange,12095,Clarcona,3691
FL,Orange,12095,Windermere,3544
FL,Orange,12095,Holden Heights,3521
FL,Orange,12095,Zellwood,3166
FL,Orange,12095,Oakland,3123
FL,Orange,12095,Edgewood,3003
FL,Orange,12095,Tangelo Park,2975
FL,Orange,12095,Tangerine,2722
FL,Orange,12095,Lake Mary Jane,2572
FL,Orange,12095,Eatonville,2213
FL,Orange,12095,Gotha,2041
FL,Orange,12095,Christmas,1832
FL,Orange,12095,Taft,1263
FL,Orange,12095,Paradise Heights,609
FL,Orange,12095,Lake Hart,451
FL,Orange,12095,Tildenville,447
FL,Orange,12095,Bay Lake,53
FL,Orange,12095,Lake Buena Vista,27
FL,Osceola,12097,Kissimmee,382720
FL,Osceola,12097,St. Cloud,54579
FL,Osceola,12097,Buenaventura Lakes,34784
FL,Osceola,12097,Celebration,9923
FL,Osceola,12097,Campbell,2323
FL,Osceola,12097,Yeehaw Junction,203
FL,Palm Beach,12099,West Palm Beach,111955
FL,Palm Beach,12099,Boca Raton,99805
FL,Palm Beach,12099,Boynton Beach,78679
FL,Palm Beach,12099,Delray Beach,69451
FL,Palm Beach,12099,Jupiter,65791
FL,Palm Beach,12099,Wellington,65398
FL,Palm Beach,12099,Palm Beach Gardens,57704
FL,Palm Beach,12099,Greenacres,41117
FL,Palm Beach,12099,Royal Palm Beach,40396
FL,Palm Beach,12099,The Acreage,40177
FL,Palm Beach,12099,Lake Worth,38526
FL,Palm Beach,12099,Riviera Beach,35463
FL,Palm Beach,12099,Belle Glade,28665
FL,Palm Beach,12099,Palm Springs,25216
FL,Palm Beach,12099,North Palm Beach,13127
FL,Palm Beach,12099,Jupiter Farms,12750
FL,Palm Beach,12099,Lantana,12581
FL,Palm Beach,12099,Westgate,9783
FL,Palm Beach,12099,Palm Beach,8816
FL,Palm Beach,12099,Lake Park,8556
FL,Palm Beach,12099,Pahokee,8025
FL,Palm Beach,12099,Tequesta,6138
FL,Palm Beach,12099,South Bay,5200
FL,Palm Beach,12099,Lake Belvedere Estates,4046
FL,Palm Beach,12099,Highland Beach,3916
FL,Palm Beach,12099,San Castle,3756
FL,Palm Beach,12099,Royal Palm Estates,3663
FL,Palm Beach,12099,Juno Beach,3655
FL,Palm Beach,12099,Lake Clarke Shores,3627
FL,Palm Beach,12099,Loxahatchee Groves,3593
FL,Palm Beach,12099,Watergate,3216
FL,Palm Beach,12099,Cabana Colony,2914
FL,Palm Beach,12099,Hypoluxo,2839
FL,Palm Beach,12099,Seminole Manor,2688
FL,Palm Beach,12099,Pine Air,2317
FL,Palm Beach,12099,Haverhill,2143
FL,Palm Beach,12099,Atlantis,2129
FL,Palm Beach,12099,Mangonia Park,2018
FL,Palm Beach,12099,Ocean Ridge,1956
FL,Palm Beach,12099,South Palm Beach,1470
FL,Palm Beach,12099,Westlake,1447
FL,Palm Beach,12099,Limestone Creek,1285
FL,Palm Beach,12099,Schall Circle,1284
FL,Palm Beach,12099,Kenwood Estates,1282
FL,Palm Beach,12099,Palm Beach Shores,1262
FL,Palm Beach,12099,Gulf Stream,985
FL,Palm Beach,12099,Gun Club Estates,927
FL,Palm Beach,12099,Juno Ridge,815
FL,Palm Beach,12099,Briny Breezes,578
FL,Palm Beach,12099,Stacey Street,568
FL,Palm Beach,12099,Canal Point,563
FL,Palm Beach,12099,Manalapan,466
FL,Palm Beach,12099,Jupiter Inlet Colony,453
FL,Palm Beach,12099,Acacia Villas,381
FL,Palm Beach,12099,Golf,269
FL,Palm Beach,12099,Glen Ridge,243
FL,Palm Beach,12099,Cloud Lake,144
FL,Palm Beach,12099,Lake Harbor,26
FL,Pasco,12101,Zephyrhills,82476
FL,Pasco,12101,Wesley Chapel,58208
FL,Pasco,12101,Land O' Lakes,38410
FL,Pasco,12101,Bayonet Point,27418
FL,Pasco,12101,Jasmine Estates,21865
FL,Pasco,12101,Holiday,20816
FL,Pasco,12101,New Port Richey,16737
FL,Pasco,12101,Elfers,12600
FL,Pasco,12101,Shady Hills,12252
FL,Pasco,12101,Hudson,11936
FL,Pasco,12101,Trinity,11493
FL,Pasco,12101,Pasadena Hills,10530
FL,Pasco,12101,New Port Richey East,10398
FL,Pasco,12101,Odessa,8036
FL,Pasco,12101,Dade City,7338
FL,Pasco,12101,Beacon Square,6976
FL,Pasco,12101,Zephyrhills South,5637
FL,Pasco,12101,Zephyrhills West,5287
FL,Pasco,12101,River Ridge,5157
FL,Pasco,12101,Connerton,4673
FL,Pasco,12101,Moon Lake,4312
FL,Pasco,12101,Dade City North,3335
FL,Pasco,12101,Port Richey,2933
FL,Pasco,12101,Zephyrhills North,2859
FL,Pasco,12101,Meadow Oaks,2604
FL,Pasco,12101,Quail Ridge,2267
FL,Pasco,12101,Heritage Pines,1945
FL,Pasco,12101,Key Vista,1616
FL,Pasco,12101,Lacoochee,1485
FL,Pasco,12101,San Antonio,1475
FL,Pasco,12101,St. Leo,1370
FL,Pasco,12101,Crystal Springs,841
FL,Pasco,12101,Trilby,336
FL,Pasco,12101,Aripeka,109
FL,Pinellas,12103,St. Petersburg,265351
FL,Pinellas,12103,Clearwater,116946
FL,Pinellas,12103,Largo,84948
FL,Pinellas,12103,Palm Harbor,62310
FL,Pinellas,12103,Pinellas Park,53637
FL,Pinellas,12103,Dunedin,36537
FL,Pinellas,12103,East Lake,32169
FL,Pinellas,12103,Tarpon Springs,25577
FL,Pinellas,12103,Lealman,22034
FL,Pinellas,12103,Seminole,18838
FL,Pinellas,12103,Safety Harbor,18016
FL,Pinellas,12103,Oldsmar,15061
FL,Pinellas,12103,West Lealman,14891
FL,Pinellas,12103,Gulfport,12342
FL,Pinellas,12103,St. Pete Beach,9587
FL,Pinellas,12103,Bardmoor,9373
FL,Pinellas,12103,Treasure Island,6921
FL,Pinellas,12103,South Highpoint,5435
FL,Pinellas,12103,Kenneth City,5121
FL,Pinellas,12103,South Pasadena,5095
FL,Pinellas,12103,Madeira Beach,4301
FL,Pinellas,12103,Indian Rocks Beach,4285
FL,Pinellas,12103,Belleair,4260
FL,Pinellas,12103,Feather Sound,3671
FL,Pinellas,12103,Ridgecrest,3602
FL,Pinellas,12103,Tierra Verde,3437
FL,Pinellas,12103,Bay Pines,3238
FL,Pinellas,12103,Greenbriar,3234
FL,Pinellas,12103,Harbor Bluffs,2866
FL,Pinellas,12103,Redington Shores,2293
FL,Pinellas,12103,Belleair Bluffs,2187
FL,Pinellas,12103,Bear Creek,1709
FL,Pinellas,12103,Belleair Beach,1603
FL,Pinellas,12103,North Redington Beach,1476
FL,Pinellas,12103,Redington Beach,1471
FL,Pinellas,12103,Indian Shores,1468
FL,Pinellas,12103,Belleair Shore,114
FL,Polk,12105,Lakeland,302284
FL,Polk,12105,Winter Haven,267069
FL,Polk,12105,Poinciana,69955
FL,Polk,12105,Haines City,26009
FL,Polk,12105,Bartow,20147
FL,Polk,12105,Lake Wales,16759
FL,Polk,12105,Auburndale,16650
FL,Polk,12105,Lakeland Highlands,12332
FL,Polk,12105,Fuller Heights,11143
FL,Polk,12105,Highland City,10602
FL,Polk,12105,Medulla,10275
FL,Polk,12105,Cypress Gardens,10252
FL,Polk,12105,Frostproof,8312
FL,Polk,12105,Inwood,7575
FL,Polk,12105,Willow Oak,7236
FL,Polk,12105,Fort Meade,6932
FL,Polk,12105,Crystal Lake,6431
FL,Polk,12105,Kathleen,6358
FL,Polk,12105,Combee Settlement,6357
FL,Polk,12105,Jan Phyl Village,6346
FL,Polk,12105,Lake Alfred,6257
FL,Polk,12105,Davenport,6005
FL,Polk,12105,Loughman,5674
FL,Polk,12105,Dundee,5044
FL,Polk,12105,Wahneta,4862
FL,Polk,12105,Fussels Corner,4477
FL,Polk,12105,Mulberry,4257
FL,Polk,12105,Alturas,3475
FL,Polk,12105,Eagle Lake,2904
FL,Polk,12105,Polk City,2724
FL,Polk,12105,Grenelefe,2220
FL,Polk,12105,Crooked Lake Park,1592
FL,Polk,12105,Lake Hamilton,1496
FL,Polk,12105,Babson Park,1313
FL,Polk,12105,Waverly,997
FL,Polk,12105,Bradley Junction,623
FL,Polk,12105,Hillcrest Heights,298
FL,Polk,12105,Homeland,269
FL,Polk,12105,Highland Park,220
FL,Putnam,12107,Palatka,23738
FL,Putnam,12107,Crescent City,2737
FL,Putnam,12107,East Palatka,1713
FL,Putnam,12107,Interlachen,1471
FL,Putnam,12107,Pomona Park,920
FL,Putnam,12107,Welaka,717
FL,Santa Rosa,12113,Navarre,37362
FL,Santa Rosa,12113,Pace,22860
FL,Santa Rosa,12113,Midway,17760
FL,Santa Rosa,12113,East Milton,13697
FL,Santa Rosa,12113,Milton,10523
FL,Santa Rosa,12113,Gulf Breeze,6900
FL,Santa Rosa,12113,Pea Ridge,4641
FL,Santa Rosa,12113,Bagdad,3728
FL,Santa Rosa,12113,Point Baker,3441
FL,Santa Rosa,12113,Tiger Point,3360
FL,Santa Rosa,12113,Woodlawn Beach,2977
FL,Santa Rosa,12113,Wallace,2467
FL,Santa Rosa,12113,Oriole Beach,1815
FL,Santa Rosa,12113,Holley,1720
FL,Santa Rosa,12113,Harold,1308
FL,Santa Rosa,12113,Navarre Beach,1150
FL,Santa Rosa,12113,Chumuckla,994
FL,Santa Rosa,12113,Allentown,781
FL,Santa Rosa,12113,Jay,634
FL,Santa Rosa,12113,Roeville,568
FL,Santa Rosa,12113,Avalon,556
FL,Santa Rosa,12113,Brownsdale,446
FL,Santa Rosa,12113,Garcon Point,377
FL,Santa Rosa,12113,Berrydale,325
FL,Santa Rosa,12113,Floridatown,257
FL,Santa Rosa,12113,Mulat,243
FL,Santa Rosa,12113,Munson,225
FL,Santa Rosa,12113,Fidelis,162
FL,Santa Rosa,12113,Mount Carmel,161
FL,Santa Rosa,12113,Dickerson City,153
FL,Santa Rosa,12113,Pine Level,141
FL,Santa Rosa,12113,Dixonville,94
FL,Santa Rosa,12113,Cobbtown,77
FL,Sarasota,12115,Sarasota,722243
FL,Sarasota,12115,North Port,209070
FL,Sarasota,12115,Venice,23985
FL,Sarasota,12115,Sarasota Springs,15854
FL,Sarasota,12115,Englewood,15095
FL,Sarasota,12115,Fruitville,14068
FL,Sarasota,12115,South Venice,13907
FL,Sarasota,12115,Gulf Gate Estates,11118
FL,Sarasota,12115,Bee Ridge,9958
FL,Sarasota,12115,Laurel,9518
FL,Sarasota,12115,North Sarasota,8806
FL,Sarasota,12115,Venice Gardens,8171
FL,Sarasota,12115,Southgate,7817
FL,Sarasota,12115,Osprey,6931
FL,Sarasota,12115,South Gate Ridge,6232
FL,Sarasota,12115,Siesta Key,5573
FL,Sarasota,12115,Warm Mineral Springs,5390
FL,Sarasota,12115,South Sarasota,5283
FL,Sarasota,12115,Lake Sarasota,4749
FL,Sarasota,12115,Vamo,4564
FL,Sarasota,12115,The Meadows,4430
FL,Sarasota,12115,Kensington Park,4407
FL,Sarasota,12115,Ridge Wood Heights,4287
FL,Sarasota,12115,Desoto Lakes,4061
FL,Sarasota,12115,Nokomis,3355
FL,Seminole,12117,Sanford,61448
FL,Seminole,12117,Altamonte Springs,44143
FL,Seminole,12117,Oviedo,41860
FL,Seminole,12117,Winter Springs,37312
FL,Seminole,12117,Casselberry,28757
FL,Seminole,12117,Wekiwa Springs,23512
FL,Seminole,12117,Lake Mary,17479
FL,Seminole,12117,Longwood,15561
FL,Seminole,12117,Forest City,14592
FL,Seminole,12117,Goldenrod,12384
FL,Seminole,12117,Fern Park,8694
FL,Seminole,12117,Heathrow,6987
FL,Seminole,12117,Chuluota,2629
FL,Seminole,12117,Geneva,2496
FL,Seminole,12117,Midway,1592
FL,Seminole,12117,Black Hammock,928
FL,St. Johns,12109,St. Augustine,82180
FL,St. Johns,12109,Fruit Cove,31314
FL,St. Johns,12109,Palm Valley,21292
FL,St. Johns,12109,World Golf Village,18327
FL,St. Johns,12109,Nocatee,14747
FL,St. Johns,12109,St. Augustine Shores,9340
FL,St. Johns,12109,St. Augustine Beach,7004
FL,St. Johns,12109,St. Augustine South,5431
FL,St. Johns,12109,Sawgrass,4841
FL,St. Johns,12109,Butler Beach,4716
FL,St. Johns,12109,Flagler Estates,3707
FL,St. Johns,12109,Villano Beach,2564
FL,St. Johns,12109,Hastings,1464
FL,St. Johns,12109,Crescent Beach,1118
FL,St. Lucie,12111,Port St. Lucie,461152
FL,St. Lucie,12111,Fort Pierce,46103
FL,St. Lucie,12111,Lakewood Park,14064
FL,St. Lucie,12111,River Park,7071
FL,St. Lucie,12111,Fort Pierce North,6926
FL,St. Lucie,12111,Indian River Estates,6754
FL,St. Lucie,12111,Hutchinson Island South,5204
FL,St. Lucie,12111,White City,4464
FL,St. Lucie,12111,Fort Pierce South,4235
FL,St. Lucie,12111,St. Lucie Village,638
FL,Sumter,12119,The Villages,79372
FL,Sumter,12119,Wildwood,7276
FL,Sumter,12119,Bushnell,4607
FL,Sumter,12119,Lake Panasoffkee,3197
FL,Sumter,12119,Center Hill,1460
FL,Sumter,12119,Webster,1151
FL,Sumter,12119,Coleman,911
FL,Suwannee,12121,Live Oak,7118
FL,Suwannee,12121,Branford,732
FL,Taylor,12123,Perry,6879
FL,Taylor,12123,Steinhatchee,782
FL,Union,12125,Worthington Springs,387
FL,Union,12125,Raiford,239
FL,Volusia,12127,Deltona,198361
FL,Volusia,12127,Daytona Beach,69186
FL,Volusia,12127,Port Orange,64842
FL,Volusia,12127,Ormond Beach,43759
FL,Volusia,12127,DeLand,34851
FL,Volusia,12127,New Smyrna Beach,27843
FL,Volusia,12127,Edgewater,23918
FL,Volusia,12127,DeBary,21305
FL,Volusia,12127,South Daytona,13080
FL,Volusia,12127,Holly Hill,12357
FL,Volusia,12127,Orange City,12335
FL,Volusia,12127,Ormond-by-the-Sea,7268
FL,Volusia,12127,Samsula-Spruce Creek,5637
FL,Volusia,12127,Daytona Beach Shores,4614
FL,Volusia,12127,West DeLand,3970
FL,Volusia,12127,Ponce Inlet,3308
FL,Volusia,12127,De Leon Springs,2840
FL,Volusia,12127,Lake Helen,2801
FL,Volusia,12127,Oak Hill,2214
FL,Volusia,12127,Pierson,1893
FL,Volusia,12127,Glencoe,1773
FL,Volusia,12127,North DeLand,1400
FL,Volusia,12127,DeLand Southwest,923
FL,Volusia,12127,Seville,897
FL,Wakulla,12129,Crawfordville,5164
FL,Wakulla,12129,Panacea,910
FL,Wakulla,12129,Sopchoppy,492
FL,Wakulla,12129,St. Marks,324
FL,Walton,12131,Miramar Beach,8356
FL,Walton,12131,DeFuniak Springs,7823
FL,Walton,12131,Freeport,2566
FL,Walton,12131,Paxton,856
FL,Washington,12133,Chipley,3849
FL,Washington,12133,Vernon,706
FL,Washington,12133,Wausau,399
FL,Washington,12133,Caryville,291
FL,Washington,12133,Ebro,280
GA,Appling,13001,Baxley,5515
GA,Appling,13001,Graham,290
GA,Appling,13001,Surrency,202
GA,Atkinson,13003,Pearson,2042
GA,Atkinson,13003,Willacoochee,1354
GA,Bacon,13005,Alma,3380
GA,Bacon,13005,Rockingham,70
GA,Baker,13007,Newton,575
GA,Baldwin,13009,Milledgeville,31471
GA,Baldwin,13009,Hardwick,3329
GA,Banks,13011,Maysville,2103
GA,Banks,13011,Homer,1220
GA,Banks,13011,Alto,1198
GA,Banks,13011,Gillsville,240
GA,Barrow,13013,Winder,48125
GA,Barrow,13013,Auburn,7660
GA,Barrow,13013,Statham,2839
GA,Barrow,13013,Russell,1497
GA,Barrow,13013,Bethlehem,725
GA,Barrow,13013,Carl,235
GA,Bartow,13015,Cartersville,57873
GA,Bartow,13015,Adairsville,4963
GA,Bartow,13015,Euharlee,4367
GA,Bartow,13015,Emerson,1596
GA,Bartow,13015,White,725
GA,Bartow,13015,Kingston,679
GA,Bartow,13015,Taylorsville,224
GA,Ben Hill,13017,Fitzgerald,11135
GA,Berrien,13019,Nashville,4851
GA,Berrien,13019,Enigma,1350
GA,Berrien,13019,Ray City,1094
GA,Berrien,13019,Alapaha,675
GA,Bibb,13021,Macon,153159
GA,Bleckley,13023,Cochran,6131
GA,Brantley,13025,Nahunta,1141
GA,Brantley,13025,Hoboken,536
GA,Brooks,13027,Quitman,3652
GA,Brooks,13027,Pavo,604
GA,Brooks,13027,Morven,549
GA,Bryan,13029,Richmond Hill,13839
GA,Bryan,13029,Pembroke,2626
GA,Bulloch,13031,Statesboro,42102
GA,Bulloch,13031,Brooklet,1815
GA,Bulloch,13031,Portal,692
GA,Bulloch,13031,Register,189
GA,Burke,13033,Waynesboro,5422
GA,Burke,13033,Sardis,960
GA,Burke,13033,Keysville,332
GA,Burke,13033,Midville,254
GA,Burke,13033,Girard,148
GA,Burke,13033,Vidette,107
GA,Butts,13035,Jackson,5418
GA,Butts,13035,Flovilla,660
GA,Butts,13035,Jenkinsburg,376
GA,Calhoun,13037,Morgan,1835
GA,Calhoun,13037,Edison,1396
GA,Calhoun,13037,Arlington,1326
GA,Calhoun,13037,Leary,559
GA,Camden,13039,St. Marys,37556
GA,Camden,13039,Kingsland,17949
GA,Camden,13039,Kings Bay Base,3158
GA,Camden,13039,Woodbine,1352
GA,Candler,13043,Metter,3942
GA,Candler,13043,Pulaski,263
GA,Carroll,13045,Carrollton,47920
GA,Carroll,13045,Villa Rica,16058
GA,Carroll,13045,Temple,4795
GA,Carroll,13045,Bowdon,2100
GA,Carroll,13045,Mount Zion,1813
GA,Carroll,13045,Whitesburg,611
GA,Carroll,13045,Roopville,229
GA,Catoosa,13047,Fort Oglethorpe,9994
GA,Catoosa,13047,Lakeview,5089
GA,Catoosa,13047,Ringgold,3630
GA,Catoosa,13047,Indian Springs,2509
GA,Charlton,13049,Folkston,12001
GA,Charlton,13049,Homeland,941
GA,Chatham,13051,Savannah,276295
GA,Chatham,13051,Pooler,25694
GA,Chatham,13051,Wilmington Island,15834
GA,Chatham,13051,Georgetown,12951
GA,Chatham,13051,Port Wentworth,9641
GA,Chatham,13051,Skidaway Island,8986
GA,Chatham,13051,Garden City,8713
GA,Chatham,13051,Whitemarsh Island,6893
GA,Chatham,13051,Montgomery,4584
GA,Chatham,13051,Tybee Island,3279
GA,Chatham,13051,Bloomingdale,2686
GA,Chatham,13051,Thunderbolt,2623
GA,Chatham,13051,Isle of Hope,2487
GA,Chatham,13051,Henderson,2219
GA,Chatham,13051,Talahi Island,1472
GA,Chatham,13051,Dutch Island,1162
GA,Chatham,13051,Vernonburg,124
GA,Chattahoochee,13053,Cusseta,10907
GA,Chattooga,13055,Summerville,10331
GA,Chattooga,13055,Trion,1893
GA,Chattooga,13055,Lyerly,514
GA,Chattooga,13055,Menlo,456
GA,Cherokee,13057,Woodstock,33039
GA,Cherokee,13057,Canton,30528
GA,Cherokee,13057,Holly Springs,15442
GA,Cherokee,13057,Ball Ground,2195
GA,Cherokee,13057,Waleska,964
GA,Clarke,13059,Athens,141532
GA,Clarke,13059,Winterville,1237
GA,Clay,13061,Fort Gaines,963
GA,Clay,13061,Bluffton,92
GA,Clayton,13063,Forest Park,20020
GA,Clayton,13063,Riverdale,15594
GA,Clayton,13063,Irondale,8224
GA,Clayton,13063,Morrow,7192
GA,Clayton,13063,Lovejoy,6840
GA,Clayton,13063,Conley,5783
GA,Clayton,13063,Jonesboro,4962
GA,Clayton,13063,Bonanza,3603
GA,Clayton,13063,Lake City,2829
GA,Clinch,13065,Homerville,2573
GA,Clinch,13065,Fargo,316
GA,Clinch,13065,Argyle,208
GA,Clinch,13065,Du Pont,117
GA,Cobb,13067,Marietta,60867
GA,Cobb,13067,Smyrna,56666
GA,Cobb,13067,Mableton,41487
GA,Cobb,13067,Kennesaw,34077
GA,Cobb,13067,Acworth,22818
GA,Cobb,13067,Powder Springs,15758
GA,Cobb,13067,Vinings,12934
GA,Cobb,13067,Fair Oaks,9518
GA,Cobb,13067,Austell,7170
GA,Coffee,13069,Douglas,14283
GA,Coffee,13069,Nicholls,3333
GA,Coffee,13069,Broxton,1196
GA,Coffee,13069,Ambrose,379
GA,Colquitt,13071,Moultrie,18602
GA,Colquitt,13071,Norman Park,962
GA,Colquitt,13071,Doerun,736
GA,Colquitt,13071,Berlin,554
GA,Colquitt,13071,Funston,450
GA,Colquitt,13071,Ellenton,282
GA,Columbia,13073,Evans,37114
GA,Columbia,13073,Martinez,34844
GA,Columbia,13073,Grovetown,15152
GA,Columbia,13073,Harlem,3420
GA,Columbia,13073,Appling,921
GA,Cook,13075,Adel,6989
GA,Cook,13075,Sparks,2013
GA,Cook,13075,Lenox,850
GA,Cook,13075,Cecil,283
GA,Coweta,13077,Newnan,41581
GA,Coweta,13077,Senoia,4412
GA,Coweta,13077,Grantville,3296
GA,Coweta,13077,East Newnan,810
GA,Coweta,13077,Moreland,444
GA,Coweta,13077,Sharpsburg,361
GA,Coweta,13077,Turin,347
GA,Coweta,13077,Haralson,192
GA,Crawford,13079,Roberta,973
GA,Crawford,13079,Knoxville,77
GA,Crisp,13081,Cordele,11719
GA,Crisp,13081,Arabi,564
GA,Dade,13083,Trenton,2664
GA,Dawson,13085,Dawsonville,3246
GA,DeKalb,13089,Brookhaven,55554
GA,DeKalb,13089,Stonecrest,54903
GA,DeKalb,13089,Dunwoody,49356
GA,DeKalb,13089,Tucker,36395
GA,DeKalb,13089,Redan,31873
GA,DeKalb,13089,Chamblee,30307
GA,DeKalb,13089,Decatur,25696
GA,DeKalb,13089,Candler-McAfee,24011
GA,DeKalb,13089,North Druid Hills,18002
GA,DeKalb,13089,North Decatur,16701
GA,DeKalb,13089,Belvedere Park,15441
GA,DeKalb,13089,Clarkston,12637
GA,DeKalb,13089,Scottdale,11568
GA,DeKalb,13089,Panthersville,10800
GA,DeKalb,13089,Doraville,10265
GA,DeKalb,13089,Gresham Park,8877
GA,DeKalb,13089,Druid Hills,8365
GA,DeKalb,13089,Stone Mountain,6281
GA,DeKalb,13089,Avondale Estates,3129
GA,DeKalb,13089,Lithonia,2331
GA,DeKalb,13089,Pine Lake,754
GA,Decatur,13087,Bainbridge,12081
GA,Decatur,13087,Attapulgus,425
GA,Decatur,13087,Climax,262
GA,Decatur,13087,Brinson,202
GA,Dodge,13091,Eastman,6180
GA,Dodge,13091,Chester,1564
GA,Dodge,13091,Empire,376
GA,Dodge,13091,Rhine,375
GA,Dodge,13091,Chauncey,326
GA,Dooly,13093,Vienna,3549
GA,Dooly,13093,Unadilla,3525
GA,Dooly,13093,Byromville,500
GA,Dooly,13093,Pinehurst,355
GA,Dooly,13093,Lilly,197
GA,Dooly,13093,Dooling,136
GA,Dougherty,13095,Albany,89217
GA,Dougherty,13095,Putney,2549
GA,Douglas,13097,Douglasville,33992
GA,Douglas,13097,Lithia Springs,18054
GA,Early,13099,Blakely,4571
GA,Early,13099,Damascus,224
GA,Early,13099,Jakin,146
GA,Early,13099,Cedar Springs,90
GA,Effingham,13103,Rincon,14201
GA,Effingham,13103,Springfield,5224
GA,Effingham,13103,Guyton,2226
GA,Elbert,13105,Elberton,5512
GA,Elbert,13105,Bowman,808
GA,Elbert,13105,Dewy Rose,185
GA,Emanuel,13107,Swainsboro,7757
GA,Emanuel,13107,Twin City,1701
GA,Emanuel,13107,Adrian,668
GA,Emanuel,13107,Stillmore,518
GA,Emanuel,13107,Oak Park,470
GA,Emanuel,13107,Garfield,201
GA,Emanuel,13107,Summertown,158
GA,Emanuel,13107,Nunez,145
GA,Emanuel,13107,Canoochee,48
GA,Emanuel,13107,Norristown,8
GA,Evans,13109,Claxton,3418
GA,Evans,13109,Hagan,965
GA,Evans,13109,Daisy,141
GA,Evans,13109,Bellville,118
GA,Fannin,13111,Blue Ridge,1461
GA,Fannin,13111,McCaysville,1204
GA,Fannin,13111,Mineral Bluff,380
GA,Fannin,13111,Morganton,323
GA,Fannin,13111,Epworth,195
GA,Fayette,13113,Peachtree City,36223
GA,Fayette,13113,Fayetteville,17991
GA,Fayette,13113,Tyrone,7506
GA,Fayette,13113,Brooks,559
GA,Fayette,13113,Woolsey,167
GA,Floyd,13115,Rome,61537
GA,Floyd,13115,Lindale,4789
GA,Floyd,13115,Shannon,1870
GA,Floyd,13115,Cave Spring,1070
GA,Forsyth,13117,Cumming,6547
GA,Franklin,13119,Gumlog,2287
GA,Franklin,13119,Lavonia,2200
GA,Franklin,13119,Franklin Springs,1192
GA,Franklin,13119,Carnesville,601
GA,Fulton,13121,Atlanta,5449398
GA,Fulton,13121,Sandy Springs,109452
GA,Fulton,13121,South Fulton,99155
GA,Fulton,13121,Roswell,94763
GA,Fulton,13121,Johns Creek,84579
GA,Fulton,13121,Alpharetta,67213
GA,Fulton,13121,Milton,39587
GA,Fulton,13121,East Point,34875
GA,Fulton,13121,Union City,22399
GA,Fulton,13121,Fairburn,16768
GA,Fulton,13121,College Park,15159
GA,Fulton,13121,Hapeville,6534
GA,Fulton,13121,Palmetto,4851
GA,Fulton,13121,Chattahoochee Hills,3318
GA,Gilmer,13123,Ellijay,3701
GA,Gilmer,13123,East Ellijay,569
GA,Gilmer,13123,Cherry Log,40
GA,Glascock,13125,Gibson,631
GA,Glascock,13125,Mitchell,189
GA,Glascock,13125,Edge Hill,23
GA,Glynn,13127,Brunswick,53914
GA,Glynn,13127,St. Simons,14778
GA,Glynn,13127,Country Club Estates,8194
GA,Glynn,13127,Dock Junction,7454
GA,Gordon,13129,Calhoun,34754
GA,Gordon,13129,Resaca,803
GA,Gordon,13129,Fairmount,736
GA,Gordon,13129,Plainville,318
GA,Gordon,13129,Ranger,136
GA,Grady,13131,Cairo,9369
GA,Grady,13131,Whigham,464
GA,Grady,13131,Calvary,113
GA,Greene,13133,Greensboro,3304
GA,Greene,13133,Union Point,1899
GA,Greene,13133,Woodville,382
GA,Greene,13133,White Plains,342
GA,Greene,13133,Siloam,277
GA,Gwinnett,13135,Peachtree Corners,43905
GA,Gwinnett,13135,Lawrenceville,30834
GA,Gwinnett,13135,Duluth,29609
GA,Gwinnett,13135,Sugar Hill,24617
GA,Gwinnett,13135,Suwanee,20907
GA,Gwinnett,13135,Snellville,20077
GA,Gwinnett,13135,Norcross,16592
GA,Gwinnett,13135,Buford,15522
GA,Gwinnett,13135,Mountain Park,13392
GA,Gwinnett,13135,Lilburn,12810
GA,Gwinnett,13135,Dacula,6350
GA,Gwinnett,13135,Grayson,4452
GA,Gwinnett,13135,Berkeley Lake,2147
GA,Gwinnett,13135,Rest Haven,63
GA,Habersham,13137,Cornelia,20913
GA,Habersham,13137,Baldwin,3414
GA,Habersham,13137,Raoul,2492
GA,Habersham,13137,Demorest,2125
GA,Habersham,13137,Clarkesville,1821
GA,Habersham,13137,Mount Airy,1265
GA,Habersham,13137,Tallulah Falls,171
GA,Hall,13139,Gainesville,167371
GA,Hall,13139,Flowery Branch,8325
GA,Hall,13139,Oakwood,4156
GA,Hall,13139,Lula,2961
GA,Hall,13139,Clermont,1039
GA,Hancock,13141,Sparta,3181
GA,Haralson,13143,Bremen,6945
GA,Haralson,13143,Tallapoosa,3185
GA,Haralson,13143,Buchanan,1176
GA,Haralson,13143,Waco,524
GA,Harris,13145,Pine Mountain,1417
GA,Harris,13145,Hamilton,1117
GA,Harris,13145,Waverly Hall,807
GA,Harris,13145,Shiloh,486
GA,Hart,13147,Hartwell,5841
GA,Hart,13147,Royston,2988
GA,Hart,13147,Reed Creek,2155
GA,Hart,13147,Canon,785
GA,Hart,13147,Bowersville,485
GA,Heard,13149,Franklin,971
GA,Heard,13149,Ephesus,461
GA,Heard,13149,Centralhatchee,377
GA,Henry,13151,Stockbridge,29904
GA,Henry,13151,McDonough,26768
GA,Henry,13151,Locust Grove,8243
GA,Henry,13151,Hampton,8073
GA,Henry,13151,Heron Bay,3130
GA,Houston,13153,Warner Robins,155140
GA,Houston,13153,Perry,17894
GA,Houston,13153,Centerville,7884
GA,Houston,13153,Robins AFB,1339
GA,Irwin,13155,Ocilla,3732
GA,Jackson,13157,Jefferson,13322
GA,Jackson,13157,Braselton,12961
GA,Jackson,13157,Commerce,7172
GA,Jackson,13157,Hoschton,2180
GA,Jackson,13157,Arcade,1972
GA,Jackson,13157,Nicholson,1869
GA,Jackson,13157,Pendergrass,562
GA,Jackson,13157,Talmo,257
GA,Jasper,13159,Monticello,2719
GA,Jasper,13159,Shady Dale,236
GA,Jeff Davis,13161,Hazlehurst,4497
GA,Jeff Davis,13161,Satilla,356
GA,Jeff Davis,13161,Denton,248
GA,Jefferson,13163,Louisville,2907
GA,Jefferson,13163,Wrens,1939
GA,Jefferson,13163,Wadley,1858
GA,Jefferson,13163,Stapleton,393
GA,Jefferson,13163,Bartow,250
GA,Jefferson,13163,Avera,225
GA,Jefferson,13163,Matthews,118
GA,Jenkins,13165,Millen,2766
GA,Jenkins,13165,Perkins,129
GA,Johnson,13167,Wrightsville,5688
GA,Johnson,13167,Kite,227
GA,Jones,13169,Gray,4563
GA,Lamar,13171,Barnesville,7064
GA,Lamar,13171,Milner,654
GA,Lamar,13171,Aldora,109
GA,Lanier,13173,Lakeland,3282
GA,Laurens,13175,Dublin,20583
GA,Laurens,13175,East Dublin,2398
GA,Laurens,13175,Dexter,562
GA,Laurens,13175,Dudley,561
GA,Laurens,13175,Cadwell,540
GA,Laurens,13175,Rentz,285
GA,Laurens,13175,Montrose,212
GA,Lee,13177,Leesburg,3829
GA,Lee,13177,Smithville,636
GA,Liberty,13179,Hinesville,51206
GA,Liberty,13179,Fort Stewart,9643
GA,Liberty,13179,Walthourville,4115
GA,Liberty,13179,Midway,2061
GA,Liberty,13179,Riceboro,778
GA,Liberty,13179,Flemington,717
GA,Liberty,13179,Allenhurst,716
GA,Liberty,13179,Gumbranch,265
GA,Lincoln,13181,Lincolnton,1503
GA,Long,13183,Ludowici,2283
GA,Lowndes,13185,Valdosta,79820
GA,Lowndes,13185,Lake Park,5544
GA,Lowndes,13185,Hahira,3029
GA,Lowndes,13185,Moody AFB,1232
GA,Lowndes,13185,Remerton,1079
GA,Lowndes,13185,Dasher,1015
GA,Lumpkin,13187,Dahlonega,7294
GA,Macon,13193,Montezuma,5887
GA,Macon,13193,Marshallville,1227
GA,Macon,13193,Oglethorpe,1156
GA,Macon,13193,Ideal,439
GA,Madison,13195,Comer,1178
GA,Madison,13195,Colbert,598
GA,Madison,13195,Danielsville,594
GA,Madison,13195,Ila,359
GA,Madison,13195,Carlton,260
GA,Madison,13195,Hull,201
GA,Marion,13197,Buena Vista,2053
GA,McDuffie,13189,Thomson,8225
GA,McDuffie,13189,Dearing,532
GA,McIntosh,13191,Darien,3580
GA,Meriwether,13199,Manchester,3970
GA,Meriwether,13199,Woodbury,902
GA,Meriwether,13199,Greenville,845
GA,Meriwether,13199,Luthersville,831
GA,Meriwether,13199,Warm Springs,405
GA,Meriwether,13199,Lone Oak,91
GA,Meriwether,13199,Gay,81
GA,Miller,13201,Colquitt,1834
GA,Miller,13201,Boykin,39
GA,Mitchell,13205,Camilla,6488
GA,Mitchell,13205,Pelham,3466
GA,Mitchell,13205,Baconton,827
GA,Mitchell,13205,Sale City,344
GA,Monroe,13207,Forsyth,5270
GA,Monroe,13207,Culloden,186
GA,Montgomery,13209,Mount Vernon,2371
GA,Montgomery,13209,Uvalda,582
GA,Montgomery,13209,Ailey,536
GA,Montgomery,13209,Higgston,312
GA,Montgomery,13209,Alston,159
GA,Montgomery,13209,Tarrytown,85
GA,Morgan,13211,Madison,4656
GA,Morgan,13211,Rutledge,842
GA,Morgan,13211,Bostwick,395
GA,Morgan,13211,Buckhead,183
GA,Murray,13213,Chatsworth,4290
GA,Murray,13213,Eton,902
GA,Muscogee,13215,Columbus,261445
GA,Newton,13217,Covington,14206
GA,Newton,13217,Oxford,2346
GA,Newton,13217,Porterdale,1478
GA,Newton,13217,Newborn,783
GA,Newton,13217,Mansfield,442
GA,Oconee,13219,Watkinsville,2936
GA,Oconee,13219,Bogart,1206
GA,Oconee,13219,North High Shoals,721
GA,Oconee,13219,Bishop,274
GA,Oglethorpe,13221,Crawford,836
GA,Oglethorpe,13221,Arnoldsville,366
GA,Oglethorpe,13221,Lexington,228
GA,Oglethorpe,13221,Maxeys,225
GA,Paulding,13223,Dallas,13981
GA,Paulding,13223,Hiram,4223
GA,Paulding,13223,Braswell,383
GA,Peach,13225,Fort Valley,9683
GA,Peach,13225,Byron,5226
GA,Pickens,13227,Jasper,6374
GA,Pickens,13227,Nelson,4287
GA,Pickens,13227,Talking Rock,71
GA,Pierce,13229,Blackshear,3965
GA,Pierce,13229,Patterson,755
GA,Pierce,13229,Offerman,441
GA,Pike,13231,Zebulon,1228
GA,Pike,13231,Williamson,514
GA,Pike,13231,Molena,400
GA,Pike,13231,Concord,384
GA,Pike,13231,Meansville,214
GA,Pike,13231,Hilltop,124
GA,Polk,13233,Cedartown,12819
GA,Polk,13233,Rockmart,8071
GA,Polk,13233,Aragon,1336
GA,Pulaski,13235,Hawkinsville,5270
GA,Putnam,13237,Eatonton,6725
GA,Putnam,13237,Crooked Creek,452
GA,Rabun,13241,Clayton,3613
GA,Rabun,13241,Mountain City,1108
GA,Rabun,13241,Tiger,415
GA,Rabun,13241,Dillard,377
GA,Rabun,13241,Sky Valley,273
GA,Randolph,13243,Cuthbert,3417
GA,Randolph,13243,Shellman,933
GA,Randolph,13243,Coleman,22
GA,Richmond,13245,Augusta,390809
GA,Richmond,13245,Hephzibah,3944
GA,Richmond,13245,Blythe,711
GA,Rockdale,13247,Conyers,16256
GA,Rockdale,13247,Lakeview Estates,2446
GA,Schley,13249,Ellaville,1867
GA,Screven,13251,Sylvania,2562
GA,Screven,13251,Hiltonia,324
GA,Screven,13251,Newington,262
GA,Screven,13251,Oliver,230
GA,Screven,13251,Rocky Ford,137
GA,Seminole,13253,Donalsonville,2553
GA,Seminole,13253,Iron City,289
GA,Spalding,13255,Griffin,22813
GA,Spalding,13255,Experiment,3352
GA,Spalding,13255,East Griffin,1386
GA,Spalding,13255,Orchard Hill,232
GA,Stephens,13257,Toccoa,10647
GA,Stephens,13257,Martin,383
GA,Stephens,13257,Avalon,215
GA,Stewart,13259,Richland,1643
GA,Stewart,13259,Lumpkin,1266
GA,Sumter,13261,Americus,16939
GA,Sumter,13261,Plains,716
GA,Sumter,13261,Leslie,371
GA,Sumter,13261,Andersonville,221
GA,Sumter,13261,De Soto,173
GA,Talbot,13263,Talbotton,848
GA,Talbot,13263,Woodland,353
GA,Talbot,13263,Junction City,161
GA,Talbot,13263,Geneva,96
GA,Taliaferro,13265,Crawfordville,473
GA,Taliaferro,13265,Sharon,126
GA,Tattnall,13267,Glennville,5020
GA,Tattnall,13267,Reidsville,2645
GA,Tattnall,13267,Collins,571
GA,Tattnall,13267,Cobbtown,357
GA,Tattnall,13267,Manassas,85
GA,Tattnall,13267,Mendes,77
GA,Taylor,13269,Butler,1759
GA,Taylor,13269,Reynolds,960
GA,Telfair,13271,McRae-Helena,8277
GA,Telfair,13271,Lumber City,1257
GA,Telfair,13271,Milan,657
GA,Telfair,13271,Scotland,337
GA,Telfair,13271,Jacksonville,133
GA,Terrell,13273,Dawson,4126
GA,Terrell,13273,Bronwood,367
GA,Terrell,13273,Sasser,255
GA,Terrell,13273,Parrott,136
GA,Thomas,13275,Thomasville,24275
GA,Thomas,13275,Boston,1317
GA,Thomas,13275,Meigs,1031
GA,Thomas,13275,Ochlocknee,680
GA,Thomas,13275,Coolidge,529
GA,Thomas,13275,Barwick,372
GA,Tift,13277,Tifton,24466
GA,Tift,13277,Unionville,1904
GA,Tift,13277,Omega,1230
GA,Tift,13277,Phillipsburg,1115
GA,Tift,13277,Ty Ty,737
GA,Toombs,13279,Vidalia,13350
GA,Toombs,13279,Lyons,4233
GA,Toombs,13279,Santa Claus,159
GA,Towns,13281,Young Harris,1661
GA,Towns,13281,Hiawassee,911
GA,Treutlen,13283,Soperton,3148
GA,Troup,13285,LaGrange,35721
GA,Troup,13285,West Point,3737
GA,Troup,13285,Hogansville,3128
GA,Turner,13287,Ashburn,4005
GA,Turner,13287,Sycamore,664
GA,Turner,13287,Rebecca,165
GA,Twiggs,13289,Jeffersonville,939
GA,Twiggs,13289,Danville,212
GA,Twiggs,13289,Allentown,154
GA,Union,13291,Blairsville,643
GA,Upson,13293,Thomaston,13759
GA,Upson,13293,Hannahs Mill,3448
GA,Upson,13293,Sunset Village,672
GA,Upson,13293,Lincoln Park,524
GA,Upson,13293,Salem,382
GA,Upson,13293,Yatesville,360
GA,Upson,13293,The Rock,179
GA,Walker,13295,LaFayette,7589
GA,Walker,13295,Fairview,6540
GA,Walker,13295,Rossville,4009
GA,Walker,13295,Chickamauga,3256
GA,Walker,13295,Chattanooga Valley,3186
GA,Walker,13295,Lookout Mountain,1574
GA,Walton,13297,Monroe,16380
GA,Walton,13297,Loganville,12880
GA,Walton,13297,Social Circle,4544
GA,Walton,13297,Walnut Grove,1357
GA,Walton,13297,Between,373
GA,Walton,13297,Good Hope,300
GA,Walton,13297,Jersey,146
GA,Ware,13299,Waycross,23671
GA,Ware,13299,Deenwood,2579
GA,Ware,13299,Sunnyside,968
GA,Warren,13301,Warrenton,1720
GA,Warren,13301,Norwood,222
GA,Warren,13301,Camak,126
GA,Washington,13303,Sandersville,6655
GA,Washington,13303,Tennille,2123
GA,Washington,13303,Davisboro,1958
GA,Washington,13303,Harrison,442
GA,Washington,13303,Oconee,243
GA,Washington,13303,Deepstep,120
GA,Washington,13303,Riddleville,88
GA,Wayne,13305,Jesup,12198
GA,Wayne,13305,Screven,771
GA,Wayne,13305,Odum,503
GA,Wheeler,13309,Alamo,3317
GA,Wheeler,13309,Glenwood,651
GA,White,13311,Cleveland,5372
GA,White,13311,Helen,560
GA,White,13311,Yonah,496
GA,White,13311,Sautee-Nacoochee,279
GA,Whitfield,13313,Dalton,86628
GA,Whitfield,13313,Varnell,2139
GA,Whitfield,13313,Tunnel Hill,910
GA,Whitfield,13313,Cohutta,637
GA,Wilcox,13315,Abbeville,2684
GA,Wilcox,13315,Rochelle,1103
GA,Wilcox,13315,Pineview,489
GA,Wilcox,13315,Pitts,293
GA,Wilcox,13315,Seville,108
GA,Wilkes,13317,Washington,3963
GA,Wilkes,13317,Tignall,496
GA,Wilkes,13317,Rayle,185
GA,Wilkinson,13319,Gordon,1857
GA,Wilkinson,13319,Ivey,914
GA,Wilkinson,13319,McIntyre,605
GA,Wilkinson,13319,Irwinton,555
GA,Wilkinson,13319,Toomsboro,486
GA,Worth,13321,Sylvester,6240
GA,Worth,13321,Poulan,870
GA,Worth,13321,Sumner,424
GA,Worth,13321,Warwick,386
HI,Hawaii,15001,Hilo,45056
HI,Hawaii,15001,Waimea,11908
HI,Hawaii,15001,Kalaoa,11729
HI,Hawaii,15001,Hawaiian Paradise Park,11202
HI,Hawaii,15001,Holualoa,9688
HI,Hawaii,15001,Waikoloa Village,6549
HI,Hawaii,15001,Hawaiian Beaches,5320
HI,Hawaii,15001,Kahaluu-Keauhou,5291
HI,Hawaii,15001,Hawaiian Ocean View,5011
HI,Hawaii,15001,Captain Cook,4171
HI,Hawaii,15001,Volcano,3570
HI,Hawaii,15001,Mountain View,3381
HI,Hawaii,15001,Ainaloa,3279
HI,Hawaii,15001,Orchidlands Estates,3139
HI,Hawaii,15001,Hawaiian Acres,2976
HI,Hawaii,15001,Keaau,2613
HI,Hawaii,15001,Honaunau-Napoopoo,2300
HI,Hawaii,15001,Honalo,2254
HI,Hawaii,15001,Honokaa,2079
HI,Hawaii,15001,Fern Acres,1997
HI,Hawaii,15001,Kealakekua,1923
HI,Hawaii,15001,Pahala,1827
HI,Hawaii,15001,Kapaau,1801
HI,Hawaii,15001,Nanawale Estates,1707
HI,Hawaii,15001,Leilani Estates,1576
HI,Hawaii,15001,Pepeekeo,1518
HI,Hawaii,15001,Discovery Harbour,1304
HI,Hawaii,15001,Wainaku,1301
HI,Hawaii,15001,Kurtistown,1199
HI,Hawaii,15001,Hawi,1166
HI,Hawaii,15001,Papaikou,971
HI,Hawaii,15001,Naalehu,962
HI,Hawaii,15001,Puako,908
HI,Hawaii,15001,Pahoa,805
HI,Hawaii,15001,Fern Forest,787
HI,Hawaii,15001,Eden Roc,764
HI,Hawaii,15001,Halaula,640
HI,Hawaii,15001,Paukaa,637
HI,Hawaii,15001,Paauilo,586
HI,Hawaii,15001,Laupahoehoe,528
HI,Hawaii,15001,Honomu,488
HI,Hawaii,15001,Kukuihaele,347
HI,Hawaii,15001,Waiohinu,278
HI,Honolulu,15003,Honolulu,820987
HI,Honolulu,15003,East Honolulu,47540
HI,Honolulu,15003,Pearl City,45605
HI,Honolulu,15003,Waipahu,39469
HI,Honolulu,15003,Kailua,37586
HI,Honolulu,15003,Kaneohe,33841
HI,Honolulu,15003,Mililani Town,27562
HI,Honolulu,15003,Ewa Gentry,25641
HI,Honolulu,15003,Kapolei,21674
HI,Honolulu,15003,Mililani Mauka,20090
HI,Honolulu,15003,Makakilo,19775
HI,Honolulu,15003,Schofield Barracks,19499
HI,Honolulu,15003,Wahiawa,17122
HI,Honolulu,15003,Ocean Pointe,14989
HI,Honolulu,15003,Royal Kunia,14565
HI,Honolulu,15003,Ewa Beach,14479
HI,Honolulu,15003,Halawa,14453
HI,Honolulu,15003,Waimalu,14043
HI,Honolulu,15003,Waianae,13609
HI,Honolulu,15003,Waipio,11469
HI,Honolulu,15003,Nanakuli,11461
HI,Honolulu,15003,Maili,11437
HI,Honolulu,15003,Kaneohe Station,11289
HI,Honolulu,15003,Aiea,9638
HI,Honolulu,15003,Hickam Housing,9387
HI,Honolulu,15003,Makaha,8404
HI,Honolulu,15003,Ahuimanu,8023
HI,Honolulu,15003,Waikele,7442
HI,Honolulu,15003,Ewa Villages,6585
HI,Honolulu,15003,West Loch Estate,6139
HI,Honolulu,15003,Laie,5704
HI,Honolulu,15003,Waimanalo,5538
HI,Honolulu,15003,Waipio Acres,5451
HI,Honolulu,15003,Kahaluu,4577
HI,Honolulu,15003,Pupukea,4443
HI,Honolulu,15003,Heeia,4372
HI,Honolulu,15003,Waimanalo Beach,4076
HI,Honolulu,15003,Whitmore Village,3965
HI,Honolulu,15003,Iroquois Point,3891
HI,Honolulu,15003,Haleiwa,3757
HI,Honolulu,15003,Waialua,3308
HI,Honolulu,15003,Hauula,3233
HI,Honolulu,15003,Wheeler AFB,2331
HI,Honolulu,15003,Kahuku,2119
HI,Honolulu,15003,Maunawili,1977
HI,Honolulu,15003,Mokuleia,1959
HI,Honolulu,15003,Ko Olina,1742
HI,Honolulu,15003,Makaha Valley,1731
HI,Honolulu,15003,Kaaawa,1132
HI,Honolulu,15003,Punaluu,1071
HI,Honolulu,15003,Waikane,531
HI,Honolulu,15003,Kawela Bay,225
HI,Honolulu,15003,Kalaeloa,6
HI,Kauai,15007,Kapaa,10580
HI,Kauai,15007,Lihue,7267
HI,Kauai,15007,Wailua Homesteads,6117
HI,Kauai,15007,Kalaheo,5487
HI,Kauai,15007,Hanamaulu,5150
HI,Kauai,15007,Puhi,3850
HI,Kauai,15007,Kekaha,3442
HI,Kauai,15007,Eleele,3145
HI,Kauai,15007,Wailua,2915
HI,Kauai,15007,Hanapepe,2834
HI,Kauai,15007,Koloa,2739
HI,Kauai,15007,Kilauea,2686
HI,Kauai,15007,Anahola,2311
HI,Kauai,15007,Lawai,2047
HI,Kauai,15007,Princeville,1669
HI,Kauai,15007,Omao,1467
HI,Kauai,15007,Poipu,993
HI,Kauai,15007,Kaumakani,975
HI,Kauai,15007,Pakala Village,352
HI,Kauai,15007,Hanalei,299
HI,Kauai,15007,Kalihiwai,189
HI,Kauai,15007,Wainiha,166
HI,Kauai,15007,Haena,155
HI,Maui,15009,Kahului,31336
HI,Maui,15009,Kihei,22402
HI,Maui,15009,Wailuku,17708
HI,Maui,15009,Lahaina,12776
HI,Maui,15009,Waihee-Waiehu,9319
HI,Maui,15009,Haiku-Pauwela,8987
HI,Maui,15009,Pukalani,7695
HI,Maui,15009,Kula,7621
HI,Maui,15009,Makawao,7341
HI,Maui,15009,Napili-Honokowai,6739
HI,Maui,15009,Wailea,6218
HI,Maui,15009,Waikapu,3875
HI,Maui,15009,Kaunakakai,3038
HI,Maui,15009,Lanai City,2705
HI,Maui,15009,Paia,2249
HI,Maui,15009,Keokea,2248
HI,Maui,15009,Kualapuu,1693
HI,Maui,15009,Haliimaile,1196
HI,Maui,15009,Olinda,1107
HI,Maui,15009,Kaanapali,930
HI,Maui,15009,Mahinahina,917
HI,Maui,15009,Hana,782
HI,Maui,15009,Launiupoko,538
HI,Maui,15009,Ualapue,448
HI,Maui,15009,Maunaloa,336
HI,Maui,15009,Kapalua,291
HI,Maui,15009,Maalaea,261
HI,Maui,15009,Makena,142
HI,Maui,15009,Olowalu,91
HI,Maui,15009,Manele,25
IA,Adair,19001,Greenfield,1838
IA,Adair,19001,Fontanelle,622
IA,Adair,19001,Orient,377
IA,Adair,19001,Bridgewater,151
IA,Adams,19003,Corning,1433
IA,Adams,19003,Prescott,237
IA,Adams,19003,Nodaway,103
IA,Adams,19003,Carbon,30
IA,Allamakee,19005,Waukon,3625
IA,Allamakee,19005,Postville,2053
IA,Allamakee,19005,Lansing,935
IA,Allamakee,19005,New Albin,499
IA,Allamakee,19005,Harpers Ferry,323
IA,Allamakee,19005,Waterville,144
IA,Appanoose,19007,Centerville,5445
IA,Appanoose,19007,Moravia,636
IA,Appanoose,19007,Moulton,578
IA,Appanoose,19007,Mystic,409
IA,Appanoose,19007,Cincinnati,344
IA,Appanoose,19007,Exline,154
IA,Appanoose,19007,Unionville,95
IA,Appanoose,19007,Numa,89
IA,Appanoose,19007,Rathbun,86
IA,Appanoose,19007,Plano,67
IA,Appanoose,19007,Udell,43
IA,Audubon,19009,Audubon,1898
IA,Audubon,19009,Exira,769
IA,Audubon,19009,Kimballton,280
IA,Audubon,19009,Brayton,110
IA,Audubon,19009,Gray,57
IA,Benton,19011,Vinton,5075
IA,Benton,19011,Belle Plaine,2440
IA,Benton,19011,Atkins,1970
IA,Benton,19011,Urbana,1494
IA,Benton,19011,Walford,1445
IA,Benton,19011,Shellsburg,972
IA,Benton,19011,Newhall,858
IA,Benton,19011,Blairstown,659
IA,Benton,19011,Van Horne,656
IA,Benton,19011,Keystone,612
IA,Benton,19011,Norway,528
IA,Benton,19011,Garrison,360
IA,Benton,19011,Mount Auburn,144
IA,Benton,19011,Luzerne,93
IA,Benton,19011,Watkins,78
IA,Black Hawk,19013,Waterloo,111631
IA,Black Hawk,19013,Cedar Falls,40536
IA,Black Hawk,19013,Evansdale,4743
IA,Black Hawk,19013,Hudson,2468
IA,Black Hawk,19013,La Porte City,2240
IA,Black Hawk,19013,Elk Run Heights,1144
IA,Black Hawk,19013,Dunkerton,849
IA,Black Hawk,19013,Raymond,793
IA,Black Hawk,19013,Gilbertville,728
IA,Black Hawk,19013,Washburn,643
IA,Boone,19015,Boone,12513
IA,Boone,19015,Madrid,2549
IA,Boone,19015,Ogden,1979
IA,Boone,19015,Boxholm,186
IA,Boone,19015,Pilot Mound,168
IA,Boone,19015,Luther,133
IA,Boone,19015,Fraser,103
IA,Boone,19015,Beaver,50
IA,Boone,19015,Berkley,33
IA,Bremer,19017,Waverly,10198
IA,Bremer,19017,Sumner,1962
IA,Bremer,19017,Denver,1856
IA,Bremer,19017,Tripoli,1360
IA,Bremer,19017,Janesville,986
IA,Bremer,19017,Readlyn,846
IA,Bremer,19017,Plainfield,414
IA,Bremer,19017,Frederika,203
IA,Buchanan,19019,Independence,6124
IA,Buchanan,19019,Jesup,2703
IA,Buchanan,19019,Fairbank,1133
IA,Buchanan,19019,Winthrop,849
IA,Buchanan,19019,Hazleton,833
IA,Buchanan,19019,Quasqueton,564
IA,Buchanan,19019,Lamont,457
IA,Buchanan,19019,Brandon,320
IA,Buchanan,19019,Rowley,270
IA,Buchanan,19019,Aurora,161
IA,Buchanan,19019,Stanley,120
IA,Buena Vista,19021,Storm Lake,11066
IA,Buena Vista,19021,Alta,1903
IA,Buena Vista,19021,Newell,852
IA,Buena Vista,19021,Sioux Rapids,744
IA,Buena Vista,19021,Lakeside,689
IA,Buena Vista,19021,Albert City,665
IA,Buena Vista,19021,Marathon,227
IA,Buena Vista,19021,Rembrandt,194
IA,Buena Vista,19021,Linn Grove,146
IA,Buena Vista,19021,Truesdale,77
IA,Butler,19023,Parkersburg,1928
IA,Butler,19023,Clarksville,1346
IA,Butler,19023,Shell Rock,1275
IA,Butler,19023,Greene,1063
IA,Butler,19023,Aplington,1050
IA,Butler,19023,Allison,973
IA,Butler,19023,Dumont,602
IA,Butler,19023,New Hartford,488
IA,Butler,19023,Bristow,149
IA,Butler,19023,Aredale,69
IA,Calhoun,19025,Rockwell City,2082
IA,Calhoun,19025,Lake City,1642
IA,Calhoun,19025,Manson,1566
IA,Calhoun,19025,Pomeroy,613
IA,Calhoun,19025,Lohrville,345
IA,Calhoun,19025,Farnhamville,344
IA,Calhoun,19025,Twin Lakes,235
IA,Calhoun,19025,Somers,106
IA,Calhoun,19025,Knierim,58
IA,Calhoun,19025,Rinard,50
IA,Calhoun,19025,Jolley,37
IA,Calhoun,19025,Yetter,32
IA,Carroll,19027,Carroll,9833
IA,Carroll,19027,Manning,1422
IA,Carroll,19027,Coon Rapids,1232
IA,Carroll,19027,Glidden,1106
IA,Carroll,19027,Arcadia,520
IA,Carroll,19027,Breda,476
IA,Carroll,19027,Templeton,334
IA,Carroll,19027,Halbur,256
IA,Carroll,19027,Dedham,256
IA,Carroll,19027,Lidderdale,171
IA,Carroll,19027,Lanesboro,109
IA,Carroll,19027,Willey,98
IA,Carroll,19027,Ralston,73
IA,Cass,19029,Atlantic,6526
IA,Cass,19029,Griswold,944
IA,Cass,19029,Anita,900
IA,Cass,19029,Lewis,399
IA,Cass,19029,Massena,336
IA,Cass,19029,Cumberland,247
IA,Cass,19029,Marne,112
IA,Cass,19029,Wiota,107
IA,Cedar,19031,Tipton,3223
IA,Cedar,19031,West Branch,2492
IA,Cedar,19031,Durant,1864
IA,Cedar,19031,Mechanicsville,1129
IA,Cedar,19031,Clarence,975
IA,Cedar,19031,Lowden,773
IA,Cedar,19031,Stanwood,658
IA,Cedar,19031,Bennett,378
IA,Cedar,19031,Rochester,83
IA,Cerro Gordo,19033,Mason City,26931
IA,Cerro Gordo,19033,Clear Lake,7711
IA,Cerro Gordo,19033,Rockwell,990
IA,Cerro Gordo,19033,Ventura,713
IA,Cerro Gordo,19033,Thornton,402
IA,Cerro Gordo,19033,Plymouth,362
IA,Cerro Gordo,19033,Meservey,238
IA,Cerro Gordo,19033,Swaledale,158
IA,Cerro Gordo,19033,Rock Falls,143
IA,Cerro Gordo,19033,Dougherty,57
IA,Cerro Gordo,19033,Portland,30
IA,Cerro Gordo,19033,Burchinal,15
IA,Cherokee,19035,Cherokee,4869
IA,Cherokee,19035,Marcus,1054
IA,Cherokee,19035,Aurelia,958
IA,Cherokee,19035,Quimby,292
IA,Cherokee,19035,Washta,223
IA,Cherokee,19035,Cleghorn,216
IA,Cherokee,19035,Meriden,148
IA,Cherokee,19035,Larrabee,131
IA,Chickasaw,19037,New Hampton,3406
IA,Chickasaw,19037,Nashua,1589
IA,Chickasaw,19037,Fredericksburg,923
IA,Chickasaw,19037,Lawler,419
IA,Chickasaw,19037,Ionia,275
IA,Chickasaw,19037,Alta Vista,252
IA,Chickasaw,19037,North Washington,138
IA,Chickasaw,19037,Bassett,63
IA,Clarke,19039,Osceola,5242
IA,Clarke,19039,Murray,702
IA,Clarke,19039,Woodburn,194
IA,Clay,19041,Spencer,10952
IA,Clay,19041,Everly,550
IA,Clay,19041,Royal,409
IA,Clay,19041,Peterson,309
IA,Clay,19041,Fostoria,223
IA,Clay,19041,Dickens,171
IA,Clay,19041,Webb,128
IA,Clay,19041,Rossie,68
IA,Clay,19041,Greenville,68
IA,Clay,19041,Gillett Grove,47
IA,Clayton,19043,Guttenberg,1804
IA,Clayton,19043,Monona,1471
IA,Clayton,19043,Strawberry Point,1218
IA,Clayton,19043,Elkader,1217
IA,Clayton,19043,Edgewood,861
IA,Clayton,19043,McGregor,838
IA,Clayton,19043,Garnavillo,724
IA,Clayton,19043,Marquette,433
IA,Clayton,19043,Luana,279
IA,Clayton,19043,Farmersburg,268
IA,Clayton,19043,Volga,196
IA,Clayton,19043,North Buena Vista,121
IA,Clayton,19043,St. Olaf,101
IA,Clayton,19043,Garber,85
IA,Clayton,19043,Osterdock,56
IA,Clayton,19043,Clayton,39
IA,Clayton,19043,Elkport,36
IA,Clinton,19045,Clinton,30177
IA,Clinton,19045,DeWitt,5192
IA,Clinton,19045,Camanche,4365
IA,Clinton,19045,Wheatland,723
IA,Clinton,19045,Grand Mound,593
IA,Clinton,19045,Delmar,483
IA,Clinton,19045,Lost Nation,406
IA,Clinton,19045,Calamus,401
IA,Clinton,19045,Charlotte,361
IA,Clinton,19045,Low Moor,247
IA,Clinton,19045,Goose Lake,220
IA,Clinton,19045,Welton,148
IA,Clinton,19045,Toronto,117
IA,Clinton,19045,Andover,98
IA,Crawford,19047,Denison,8244
IA,Crawford,19047,Schleswig,857
IA,Crawford,19047,Manilla,746
IA,Crawford,19047,Dow City,497
IA,Crawford,19047,Charter Oak,478
IA,Crawford,19047,Vail,417
IA,Crawford,19047,Westside,289
IA,Crawford,19047,Kiron,266
IA,Crawford,19047,Deloit,255
IA,Crawford,19047,Ricketts,135
IA,Crawford,19047,Arion,107
IA,Crawford,19047,Buck Grove,41
IA,Crawford,19047,Aspinwall,39
IA,Dallas,19049,Waukee,24089
IA,Dallas,19049,Perry,7676
IA,Dallas,19049,Adel,5455
IA,Dallas,19049,Dallas Center,1776
IA,Dallas,19049,Granger,1508
IA,Dallas,19049,Woodward,1448
IA,Dallas,19049,Van Meter,1292
IA,Dallas,19049,De Soto,1025
IA,Dallas,19049,Redfield,816
IA,Dallas,19049,Dexter,585
IA,Dallas,19049,Minburn,352
IA,Dallas,19049,Linden,208
IA,Dallas,19049,Dawson,126
IA,Dallas,19049,Bouton,122
IA,Davis,19051,Bloomfield,2679
IA,Davis,19051,Pulaski,289
IA,Davis,19051,Drakesville,190
IA,Davis,19051,Floris,143
IA,Decatur,19053,Lamoni,2249
IA,Decatur,19053,Leon,1823
IA,Decatur,19053,Grand River,215
IA,Decatur,19053,Van Wert,204
IA,Decatur,19053,Garden Grove,197
IA,Decatur,19053,Decatur City,184
IA,Decatur,19053,Davis City,184
IA,Decatur,19053,Weldon,115
IA,Decatur,19053,Pleasanton,44
IA,Decatur,19053,Le Roy,14
IA,Delaware,19055,Manchester,4986
IA,Delaware,19055,Earlville,772
IA,Delaware,19055,Hopkinton,597
IA,Delaware,19055,Delhi,469
IA,Delaware,19055,Colesburg,377
IA,Delaware,19055,Ryan,346
IA,Delaware,19055,Greeley,242
IA,Delaware,19055,Dundee,163
IA,Delaware,19055,Delaware,151
IA,Delaware,19055,Masonville,120
IA,Des Moines,19057,Burlington,28474
IA,Des Moines,19057,West Burlington,2890
IA,Des Moines,19057,Mediapolis,1517
IA,Des Moines,19057,Beaverdale,1002
IA,Des Moines,19057,Danville,899
IA,Des Moines,19057,Middletown,335
IA,Dickinson,19059,Spirit Lake,11530
IA,Dickinson,19059,Milford,2997
IA,Dickinson,19059,Arnolds Park,1313
IA,Dickinson,19059,Lake Park,1123
IA,Dickinson,19059,Okoboji,792
IA,Dickinson,19059,Orleans,587
IA,Dickinson,19059,Wahpeton,345
IA,Dickinson,19059,Terril,336
IA,Dickinson,19059,West Okoboji,291
IA,Dickinson,19059,Superior,119
IA,Dubuque,19061,Dubuque,68109
IA,Dubuque,19061,Asbury,5747
IA,Dubuque,19061,Dyersville,4329
IA,Dubuque,19061,Cascade,2329
IA,Dubuque,19061,Epworth,1978
IA,Dubuque,19061,Peosta,1857
IA,Dubuque,19061,Farley,1750
IA,Dubuque,19061,New Vienna,411
IA,Dubuque,19061,Worthington,395
IA,Dubuque,19061,Holy Cross,368
IA,Dubuque,19061,Luxemburg,247
IA,Dubuque,19061,Sherrill,178
IA,Dubuque,19061,Rickardsville,176
IA,Dubuque,19061,Centralia,128
IA,Dubuque,19061,Bernard,118
IA,Dubuque,19061,Sageville,101
IA,Dubuque,19061,Zwingle,92
IA,Dubuque,19061,Graf,81
IA,Dubuque,19061,Balltown,69
IA,Dubuque,19061,Bankston,27
IA,Dubuque,19061,Durango,19
IA,Emmet,19063,Estherville,5666
IA,Emmet,19063,Armstrong,840
IA,Emmet,19063,Ringsted,370
IA,Emmet,19063,Wallingford,173
IA,Emmet,19063,Gruver,83
IA,Emmet,19063,Dolliver,59
IA,Fayette,19065,Oelwein,6433
IA,Fayette,19065,West Union,2305
IA,Fayette,19065,Fayette,1441
IA,Fayette,19065,Elgin,634
IA,Fayette,19065,Clermont,583
IA,Fayette,19065,Maynard,488
IA,Fayette,19065,Hawkeye,408
IA,Fayette,19065,Arlington,399
IA,Fayette,19065,Waucoma,245
IA,Fayette,19065,Wadena,240
IA,Fayette,19065,Westgate,198
IA,Fayette,19065,St. Lucas,136
IA,Fayette,19065,Randalia,56
IA,Floyd,19067,Charles City,7359
IA,Floyd,19067,Nora Springs,1354
IA,Floyd,19067,Rockford,822
IA,Floyd,19067,Rudd,346
IA,Floyd,19067,Floyd,315
IA,Floyd,19067,Marble Rock,287
IA,Floyd,19067,Colwell,70
IA,Franklin,19069,Hampton,4205
IA,Franklin,19069,Sheffield,1106
IA,Franklin,19069,Latimer,470
IA,Franklin,19069,Coulter,263
IA,Franklin,19069,Alexander,161
IA,Franklin,19069,Geneva,153
IA,Franklin,19069,Chapin,130
IA,Franklin,19069,Hansell,90
IA,Franklin,19069,Popejoy,75
IA,Franklin,19069,Bradford,66
IA,Fremont,19071,Hamburg,1060
IA,Fremont,19071,Sidney,1047
IA,Fremont,19071,Tabor,989
IA,Fremont,19071,Farragut,446
IA,Fremont,19071,Riverton,279
IA,Fremont,19071,Thurman,214
IA,Fremont,19071,Randolph,155
IA,Fremont,19071,Percival,102
IA,Fremont,19071,Imogene,70
IA,Fremont,19071,Anderson,43
IA,Fremont,19071,Bartlett,10
IA,Greene,19073,Jefferson,4102
IA,Greene,19073,Grand Junction,773
IA,Greene,19073,Scranton,524
IA,Greene,19073,Churdan,364
IA,Greene,19073,Rippey,273
IA,Greene,19073,Paton,230
IA,Greene,19073,Dana,68
IA,Grundy,19075,Grundy Center,2670
IA,Grundy,19075,Reinbeck,1626
IA,Grundy,19075,Dike,1272
IA,Grundy,19075,Conrad,1077
IA,Grundy,19075,Wellsburg,687
IA,Grundy,19075,Holland,277
IA,Grundy,19075,Stout,212
IA,Grundy,19075,Beaman,183
IA,Grundy,19075,Morrison,91
IA,Guthrie,19077,Stuart,1728
IA,Guthrie,19077,Guthrie Center,1494
IA,Guthrie,19077,Panora,1067
IA,Guthrie,19077,Lake Panorama,860
IA,Guthrie,19077,Adair,713
IA,Guthrie,19077,Bayard,451
IA,Guthrie,19077,Casey,401
IA,Guthrie,19077,Menlo,347
IA,Guthrie,19077,Diamondhead Lake,312
IA,Guthrie,19077,Bagley,286
IA,Guthrie,19077,Yale,239
IA,Guthrie,19077,Jamaica,218
IA,Hamilton,19079,Webster City,7671
IA,Hamilton,19079,Stratford,699
IA,Hamilton,19079,Ellsworth,489
IA,Hamilton,19079,Stanhope,396
IA,Hamilton,19079,Williams,320
IA,Hamilton,19079,Blairsburg,200
IA,Hamilton,19079,Kamrar,190
IA,Hamilton,19079,Randall,163
IA,Hancock,19081,Garner,3033
IA,Hancock,19081,Britt,1955
IA,Hancock,19081,Kanawha,595
IA,Hancock,19081,Klemme,463
IA,Hancock,19081,Corwith,254
IA,Hancock,19081,Crystal Lake,232
IA,Hancock,19081,Woden,206
IA,Hancock,19081,Goodell,128
IA,Hancock,19081,Duncan,119
IA,Hancock,19081,Hayfield,90
IA,Hancock,19081,Miller,30
IA,Hancock,19081,Hutchins,29
IA,Hardin,19083,Iowa Falls,5059
IA,Hardin,19083,Eldora,2612
IA,Hardin,19083,Ackley,1498
IA,Hardin,19083,Hubbard,801
IA,Hardin,19083,Alden,738
IA,Hardin,19083,Radcliffe,524
IA,Hardin,19083,Union,381
IA,Hardin,19083,Steamboat Rock,302
IA,Hardin,19083,New Providence,223
IA,Hardin,19083,Garden City,183
IA,Hardin,19083,Whitten,145
IA,Hardin,19083,Buckeye,108
IA,Hardin,19083,Owasa,42
IA,Harrison,19085,Missouri Valley,2615
IA,Harrison,19085,Logan,1418
IA,Harrison,19085,Woodbine,1385
IA,Harrison,19085,Dunlap,973
IA,Harrison,19085,Mondamin,374
IA,Harrison,19085,Persia,287
IA,Harrison,19085,Modale,264
IA,Harrison,19085,Pisgah,240
IA,Harrison,19085,Magnolia,176
IA,Harrison,19085,Little Sioux,161
IA,Harrison,19085,California Junction,55
IA,Harrison,19085,River Sioux,48
IA,Henry,19087,Mount Pleasant,8668
IA,Henry,19087,New London,1839
IA,Henry,19087,Winfield,1088
IA,Henry,19087,Wayland,943
IA,Henry,19087,Salem,384
IA,Henry,19087,Olds,223
IA,Henry,19087,Hillsboro,177
IA,Henry,19087,Mount Union,153
IA,Henry,19087,Rome,116
IA,Henry,19087,Westwood,110
IA,Henry,19087,Coppock,48
IA,Howard,19089,Cresco,3739
IA,Howard,19089,Riceville,764
IA,Howard,19089,Elma,527
IA,Howard,19089,Lime Springs,474
IA,Howard,19089,Protivin,270
IA,Howard,19089,Chester,120
IA,Humboldt,19091,Humboldt,5128
IA,Humboldt,19091,Dakota City,825
IA,Humboldt,19091,Gilmore City,469
IA,Humboldt,19091,Livermore,362
IA,Humboldt,19091,Bode,290
IA,Humboldt,19091,Renwick,262
IA,Humboldt,19091,Thor,181
IA,Humboldt,19091,Rutland,122
IA,Humboldt,19091,Bradgate,83
IA,Humboldt,19091,Hardy,42
IA,Humboldt,19091,Ottosen,37
IA,Humboldt,19091,Pioneer,22
IA,Ida,19093,Ida Grove,2052
IA,Ida,19093,Holstein,1370
IA,Ida,19093,Battle Creek,693
IA,Ida,19093,Galva,419
IA,Ida,19093,Arthur,194
IA,Iowa,19095,Williamsburg,3164
IA,Iowa,19095,Marengo,2466
IA,Iowa,19095,North English,1007
IA,Iowa,19095,Victor,868
IA,Iowa,19095,Middle Amana,778
IA,Iowa,19095,Amana,338
IA,Iowa,19095,Ladora,274
IA,Iowa,19095,Conroy,268
IA,Iowa,19095,Parnell,264
IA,Iowa,19095,Homestead,152
IA,Iowa,19095,Millersburg,142
IA,Iowa,19095,South Amana,117
IA,Iowa,19095,West Amana,109
IA,Iowa,19095,High Amana,81
IA,Iowa,19095,East Amana,31
IA,Jackson,19097,Maquoketa,6007
IA,Jackson,19097,Bellevue,2564
IA,Jackson,19097,Preston,959
IA,Jackson,19097,Sabula,554
IA,Jackson,19097,Miles,437
IA,Jackson,19097,Andrew,408
IA,Jackson,19097,La Motte,254
IA,Jackson,19097,Monmouth,154
IA,Jackson,19097,Springbrook,146
IA,Jackson,19097,St. Donatus,129
IA,Jackson,19097,Baldwin,108
IA,Jackson,19097,Spragueville,77
IA,Jasper,19099,Newton,15580
IA,Jasper,19099,Colfax,2064
IA,Jasper,19099,Monroe,1894
IA,Jasper,19099,Prairie City,1718
IA,Jasper,19099,Baxter,1132
IA,Jasper,19099,Sully,831
IA,Jasper,19099,Kellogg,588
IA,Jasper,19099,Lynnville,393
IA,Jasper,19099,Mingo,309
IA,Jasper,19099,Lambs Grove,169
IA,Jasper,19099,Oakland Acres,159
IA,Jasper,19099,Reasnor,155
IA,Jasper,19099,Valeria,59
IA,Jefferson,19101,Fairfield,11367
IA,Jefferson,19101,Maharishi Vedic City,1295
IA,Jefferson,19101,Batavia,549
IA,Jefferson,19101,Libertyville,341
IA,Jefferson,19101,Lockridge,290
IA,Jefferson,19101,Packwood,227
IA,Jefferson,19101,Pleasant Plain,98
IA,Johnson,19103,Iowa City,118041
IA,Johnson,19103,Coralville,22290
IA,Johnson,19103,North Liberty,19501
IA,Johnson,19103,Tiffin,4157
IA,Johnson,19103,Solon,2690
IA,Johnson,19103,Lone Tree,1381
IA,Johnson,19103,University Heights,1026
IA,Johnson,19103,Swisher,953
IA,Johnson,19103,Hills,804
IA,Johnson,19103,Oxford,792
IA,Johnson,19103,Shueyville,655
IA,Johnson,19103,Frytown,33
IA,Jones,19105,Anamosa,5537
IA,Jones,19105,Monticello,3880
IA,Jones,19105,Olin,687
IA,Jones,19105,Wyoming,515
IA,Jones,19105,Oxford Junction,483
IA,Jones,19105,Martelle,250
IA,Jones,19105,Onslow,193
IA,Jones,19105,Stone City,130
IA,Jones,19105,Center Junction,118
IA,Jones,19105,Morley,113
IA,Keokuk,19107,Sigourney,2017
IA,Keokuk,19107,Keota,971
IA,Keokuk,19107,Hedrick,754
IA,Keokuk,19107,What Cheer,624
IA,Keokuk,19107,Richland,574
IA,Keokuk,19107,Delta,318
IA,Keokuk,19107,Keswick,241
IA,Keokuk,19107,Ollie,210
IA,Keokuk,19107,South English,207
IA,Keokuk,19107,Harper,110
IA,Keokuk,19107,Martinsburg,109
IA,Keokuk,19107,Kinross,72
IA,Keokuk,19107,Webster,71
IA,Keokuk,19107,Thornburg,62
IA,Keokuk,19107,Gibson,60
IA,Keokuk,19107,Hayesville,49
IA,Kossuth,19109,Algona,5397
IA,Kossuth,19109,Bancroft,696
IA,Kossuth,19109,Swea City,507
IA,Kossuth,19109,Burt,498
IA,Kossuth,19109,Whittemore,476
IA,Kossuth,19109,Titonka,443
IA,Kossuth,19109,Wesley,365
IA,Kossuth,19109,Lakota,279
IA,Kossuth,19109,Lu Verne,249
IA,Kossuth,19109,Fenton,233
IA,Kossuth,19109,Lone Rock,139
IA,Kossuth,19109,Ledyard,120
IA,Kossuth,19109,St. Joseph,104
IA,Kossuth,19109,St. Benedict,22
IA,Kossuth,19109,Irvington,16
IA,Lee,19111,Keokuk,12635
IA,Lee,19111,Fort Madison,10321
IA,Lee,19111,West Point,930
IA,Lee,19111,Donnellson,854
IA,Lee,19111,Montrose,778
IA,Lee,19111,Denmark,429
IA,Lee,19111,Houghton,136
IA,Lee,19111,Franklin,132
IA,Lee,19111,St. Paul,124
IA,Linn,19113,Cedar Rapids,188038
IA,Linn,19113,Marion,40359
IA,Linn,19113,Hiawatha,7420
IA,Linn,19113,Mount Vernon,6398
IA,Linn,19113,Robins,3537
IA,Linn,19113,Fairfax,2856
IA,Linn,19113,Center Point,2555
IA,Linn,19113,Ely,2343
IA,Linn,19113,Lisbon,2247
IA,Linn,19113,Central City,1296
IA,Linn,19113,Springville,1137
IA,Linn,19113,Palo,1066
IA,Linn,19113,Walker,789
IA,Linn,19113,Alburnett,699
IA,Linn,19113,Coggon,667
IA,Linn,19113,Bertram,290
IA,Linn,19113,Prairieburg,188
IA,Louisa,19115,Wapello,1999
IA,Louisa,19115,Columbus Junction,1837
IA,Louisa,19115,Morning Sun,796
IA,Louisa,19115,Grandview,526
IA,Louisa,19115,Letts,373
IA,Louisa,19115,Columbus City,372
IA,Louisa,19115,Fredonia,235
IA,Louisa,19115,Oakville,169
IA,Louisa,19115,Cotter,46
IA,Lucas,19117,Chariton,4141
IA,Lucas,19117,Russell,536
IA,Lucas,19117,Lucas,209
IA,Lucas,19117,Williamson,154
IA,Lucas,19117,Derby,112
IA,Lyon,19119,Rock Rapids,2522
IA,Lyon,19119,George,1042
IA,Lyon,19119,Larchwood,891
IA,Lyon,19119,Inwood,849
IA,Lyon,19119,Doon,601
IA,Lyon,19119,Little Rock,433
IA,Lyon,19119,Lester,302
IA,Lyon,19119,Alvord,201
IA,Madison,19121,Winterset,5383
IA,Madison,19121,Earlham,1410
IA,Madison,19121,St. Charles,619
IA,Madison,19121,Truro,491
IA,Madison,19121,Patterson,161
IA,Madison,19121,East Peru,131
IA,Madison,19121,Macksburg,118
IA,Madison,19121,Bevington,69
IA,Mahaska,19123,Oskaloosa,12592
IA,Mahaska,19123,New Sharon,1293
IA,Mahaska,19123,Fremont,721
IA,Mahaska,19123,Beacon,487
IA,Mahaska,19123,University Park,469
IA,Mahaska,19123,Barnes City,169
IA,Mahaska,19123,Rose Hill,163
IA,Mahaska,19123,Leighton,158
IA,Mahaska,19123,Keomah Village,97
IA,Marion,19125,Pella,10237
IA,Marion,19125,Knoxville,7199
IA,Marion,19125,Pleasantville,1696
IA,Marion,19125,Melcher-Dallas,1244
IA,Marion,19125,Bussey,413
IA,Marion,19125,Harvey,244
IA,Marion,19125,Hamilton,134
IA,Marion,19125,Swan,75
IA,Marion,19125,Marysville,69
IA,Marshall,19127,Marshalltown,26666
IA,Marshall,19127,State Center,1436
IA,Marshall,19127,Le Grand,914
IA,Marshall,19127,Melbourne,794
IA,Marshall,19127,Albion,490
IA,Marshall,19127,Gilman,484
IA,Marshall,19127,Rhodes,297
IA,Marshall,19127,Liscomb,293
IA,Marshall,19127,Laurel,231
IA,Marshall,19127,Haverhill,167
IA,Marshall,19127,Green Mountain,150
IA,Marshall,19127,Clemons,141
IA,Marshall,19127,Ferguson,122
IA,Marshall,19127,St. Anthony,99
IA,Mills,19129,Glenwood,6226
IA,Mills,19129,Malvern,1115
IA,Mills,19129,Emerson,449
IA,Mills,19129,Pacific Junction,342
IA,Mills,19129,Silver City,246
IA,Mills,19129,Mineola,224
IA,Mills,19129,Henderson,185
IA,Mills,19129,Hastings,152
IA,Mitchell,19131,Osage,3555
IA,Mitchell,19131,St. Ansgar,1120
IA,Mitchell,19131,Stacyville,463
IA,Mitchell,19131,Mona,144
IA,Mitchell,19131,Mitchell,130
IA,Mitchell,19131,McIntire,125
IA,Mitchell,19131,New Haven,109
IA,Mitchell,19131,Carpenter,106
IA,Mitchell,19131,Orchard,71
IA,Mitchell,19131,Little Cedar,42
IA,Mitchell,19131,Toeterville,40
IA,Mitchell,19131,Meyer,9
IA,Monona,19133,Onawa,2764
IA,Monona,19133,Mapleton,1157
IA,Monona,19133,Whiting,723
IA,Monona,19133,Ute,339
IA,Monona,19133,Moorhead,204
IA,Monona,19133,Blencoe,197
IA,Monona,19133,Soldier,164
IA,Monona,19133,Castana,133
IA,Monona,19133,Turin,63
IA,Monona,19133,Rodney,57
IA,Monroe,19135,Albia,3681
IA,Monroe,19135,Lovilia,509
IA,Monroe,19135,Melrose,104
IA,Montgomery,19137,Red Oak,5276
IA,Montgomery,19137,Villisca,1142
IA,Montgomery,19137,Stanton,643
IA,Montgomery,19137,Elliott,318
IA,Montgomery,19137,Grant,83
IA,Montgomery,19137,Coburg,39
IA,Muscatine,19139,Muscatine,26168
IA,Muscatine,19139,West Liberty,3766
IA,Muscatine,19139,Wilton,2824
IA,Muscatine,19139,Fruitland,982
IA,Muscatine,19139,Conesville,427
IA,Muscatine,19139,Nichols,362
IA,Muscatine,19139,Atalissa,308
IA,Muscatine,19139,Stockton,191
IA,O'Brien,19141,Sheldon,5082
IA,O'Brien,19141,Hartley,1574
IA,O'Brien,19141,Sanborn,1381
IA,O'Brien,19141,Paullina,977
IA,O'Brien,19141,Primghar,856
IA,O'Brien,19141,Sutherland,596
IA,O'Brien,19141,Calumet,157
IA,O'Brien,19141,Archer,124
IA,Osceola,19143,Sibley,2574
IA,Osceola,19143,Ocheyedan,459
IA,Osceola,19143,Ashton,420
IA,Osceola,19143,Melvin,198
IA,Osceola,19143,Harris,157
IA,Page,19145,Clarinda,5366
IA,Page,19145,Shenandoah,4869
IA,Page,19145,Essex,739
IA,Page,19145,College Springs,203
IA,Page,19145,Shambaugh,179
IA,Page,19145,Coin,174
IA,Page,19145,Braddyville,152
IA,Page,19145,Yorktown,86
IA,Page,19145,Northboro,56
IA,Page,19145,Blanchard,36
IA,Page,19145,Hepburn,17
IA,Palo Alto,19147,Emmetsburg,3684
IA,Palo Alto,19147,Graettinger,795
IA,Palo Alto,19147,West Bend,748
IA,Palo Alto,19147,Ruthven,682
IA,Palo Alto,19147,Mallard,258
IA,Palo Alto,19147,Ayrshire,134
IA,Palo Alto,19147,Cylinder,82
IA,Palo Alto,19147,Curlew,55
IA,Palo Alto,19147,Rodman,41
IA,Plymouth,19149,Le Mars,10081
IA,Plymouth,19149,Remsen,1617
IA,Plymouth,19149,Akron,1463
IA,Plymouth,19149,Kingsley,1402
IA,Plymouth,19149,Hinton,948
IA,Plymouth,19149,Merrill,731
IA,Plymouth,19149,Brunsville,153
IA,Plymouth,19149,Westfield,128
IA,Plymouth,19149,Oyens,102
IA,Plymouth,19149,Craig,92
IA,Plymouth,19149,Struble,80
IA,Pocahontas,19151,Pocahontas,1634
IA,Pocahontas,19151,Laurens,1120
IA,Pocahontas,19151,Fonda,575
IA,Pocahontas,19151,Rolfe,532
IA,Pocahontas,19151,Palmer,149
IA,Pocahontas,19151,Havelock,124
IA,Pocahontas,19151,Plover,69
IA,Pocahontas,19151,Varina,65
IA,Polk,19153,Des Moines,473957
IA,Polk,19153,West Des Moines,67899
IA,Polk,19153,Ankeny,67355
IA,Polk,19153,Urbandale,44379
IA,Polk,19153,Johnston,22582
IA,Polk,19153,Altoona,19221
IA,Polk,19153,Clive,17242
IA,Polk,19153,Grimes,14804
IA,Polk,19153,Pleasant Hill,10019
IA,Polk,19153,Bondurant,6958
IA,Polk,19153,Polk City,4961
IA,Polk,19153,Windsor Heights,4809
IA,Polk,19153,Saylorville,4009
IA,Polk,19153,Mitchellville,2258
IA,Polk,19153,Elkhart,918
IA,Polk,19153,Runnells,504
IA,Polk,19153,Alleman,452
IA,Pottawattamie,19155,Council Bluffs,62166
IA,Pottawattamie,19155,Carter Lake,3785
IA,Pottawattamie,19155,Avoca,1521
IA,Pottawattamie,19155,Oakland,1501
IA,Pottawattamie,19155,Treynor,965
IA,Pottawattamie,19155,Underwood,956
IA,Pottawattamie,19155,Neola,891
IA,Pottawattamie,19155,Carson,809
IA,Pottawattamie,19155,Walnut,769
IA,Pottawattamie,19155,Crescent,616
IA,Pottawattamie,19155,Minden,598
IA,Pottawattamie,19155,Macedonia,243
IA,Pottawattamie,19155,Hancock,196
IA,Pottawattamie,19155,McClelland,155
IA,Pottawattamie,19155,Bentley,66
IA,Pottawattamie,19155,Weston,54
IA,Poweshiek,19157,Grinnell,9116
IA,Poweshiek,19157,Montezuma,1412
IA,Poweshiek,19157,Brooklyn,1400
IA,Poweshiek,19157,Holiday Lake,396
IA,Poweshiek,19157,Malcom,272
IA,Poweshiek,19157,Deep River,270
IA,Poweshiek,19157,Searsboro,147
IA,Poweshiek,19157,Hartwick,80
IA,Poweshiek,19157,Guernsey,60
IA,Ringgold,19159,Mount Ayr,1619
IA,Ringgold,19159,Diagonal,317
IA,Ringgold,19159,Kellerton,297
IA,Ringgold,19159,Sun Valley Lake,220
IA,Ringgold,19159,Tingley,173
IA,Ringgold,19159,Redding,78
IA,Ringgold,19159,Benton,41
IA,Ringgold,19159,Ellston,39
IA,Ringgold,19159,Maloy,28
IA,Ringgold,19159,Delphos,24
IA,Ringgold,19159,Beaconsfield,14
IA,Sac,19161,Sac City,2068
IA,Sac,19161,Lake View,1084
IA,Sac,19161,Odebolt,943
IA,Sac,19161,Wall Lake,769
IA,Sac,19161,Schaller,723
IA,Sac,19161,Early,515
IA,Sac,19161,Auburn,305
IA,Sac,19161,Lytton,289
IA,Sac,19161,Nemaha,81
IA,Scott,19163,Davenport,285362
IA,Scott,19163,Bettendorf,36543
IA,Scott,19163,Eldridge,6846
IA,Scott,19163,Le Claire,3965
IA,Scott,19163,Park View,2818
IA,Scott,19163,Blue Grass,1661
IA,Scott,19163,Walcott,1634
IA,Scott,19163,Buffalo,1272
IA,Scott,19163,Princeton,946
IA,Scott,19163,Long Grove,872
IA,Scott,19163,Riverdale,435
IA,Scott,19163,Donahue,368
IA,Scott,19163,Panorama Park,319
IA,Scott,19163,McCausland,311
IA,Scott,19163,Dixon,251
IA,Scott,19163,Maysville,185
IA,Scott,19163,New Liberty,144
IA,Shelby,19165,Harlan,4766
IA,Shelby,19165,Shelby,612
IA,Shelby,19165,Elk Horn,610
IA,Shelby,19165,Earling,409
IA,Shelby,19165,Irwin,311
IA,Shelby,19165,Defiance,263
IA,Shelby,19165,Panama,208
IA,Shelby,19165,Portsmouth,178
IA,Shelby,19165,Westphalia,118
IA,Shelby,19165,Tennant,62
IA,Shelby,19165,Kirkman,61
IA,Shelby,19165,Corley,27
IA,Shelby,19165,Jacksonville,7
IA,Sioux,19167,Sioux Center,7605
IA,Sioux,19167,Orange City,7044
IA,Sioux,19167,Rock Valley,3854
IA,Sioux,19167,Hawarden,2444
IA,Sioux,19167,Hull,2299
IA,Sioux,19167,Alton,1248
IA,Sioux,19167,Hospers,696
IA,Sioux,19167,Boyden,679
IA,Sioux,19167,Ireton,599
IA,Sioux,19167,Granville,304
IA,Sioux,19167,Maurice,271
IA,Sioux,19167,Matlock,87
IA,Sioux,19167,Chatsworth,81
IA,Story,19169,Ames,67910
IA,Story,19169,Nevada,6677
IA,Story,19169,Huxley,4980
IA,Story,19169,Story City,3320
IA,Story,19169,Slater,1458
IA,Story,19169,Roland,1254
IA,Story,19169,Gilbert,1147
IA,Story,19169,Maxwell,903
IA,Story,19169,Colo,820
IA,Story,19169,Cambridge,796
IA,Story,19169,Zearing,518
IA,Story,19169,Collins,467
IA,Story,19169,Sheldahl,321
IA,Story,19169,McCallsburg,320
IA,Story,19169,Kelley,300
IA,Tama,19171,Tama,4657
IA,Tama,19171,Toledo,2143
IA,Tama,19171,Traer,1596
IA,Tama,19171,Dysart,1313
IA,Tama,19171,Gladbrook,858
IA,Tama,19171,Garwin,493
IA,Tama,19171,Chelsea,249
IA,Tama,19171,Montour,243
IA,Tama,19171,Clutier,204
IA,Tama,19171,Elberon,188
IA,Tama,19171,Lincoln,148
IA,Tama,19171,Vining,48
IA,Taylor,19173,Lenox,1389
IA,Taylor,19173,Bedford,1384
IA,Taylor,19173,New Market,401
IA,Taylor,19173,Clearfield,343
IA,Taylor,19173,Blockton,185
IA,Taylor,19173,Gravity,181
IA,Taylor,19173,Sharpsburg,85
IA,Taylor,19173,Conway,40
IA,Taylor,19173,Athelstan,4
IA,Union,19175,Creston,7713
IA,Union,19175,Afton,815
IA,Union,19175,Lorimor,343
IA,Union,19175,Cromwell,108
IA,Union,19175,Arispe,97
IA,Union,19175,Shannon City,69
IA,Union,19175,Thayer,55
IA,Union,19175,Kent,22
IA,Van Buren,19177,Keosauqua,908
IA,Van Buren,19177,Farmington,622
IA,Van Buren,19177,Birmingham,421
IA,Van Buren,19177,Bonaparte,403
IA,Van Buren,19177,Milton,398
IA,Van Buren,19177,Stockport,276
IA,Van Buren,19177,Cantril,207
IA,Van Buren,19177,Douds,81
IA,Van Buren,19177,Leando,38
IA,Van Buren,19177,Mount Sterling,22
IA,Wapello,19179,Ottumwa,24368
IA,Wapello,19179,Eddyville,1008
IA,Wapello,19179,Eldon,915
IA,Wapello,19179,Agency,643
IA,Wapello,19179,Blakesburg,285
IA,Wapello,19179,Kirkville,175
IA,Wapello,19179,Chillicothe,97
IA,Warren,19181,Indianola,16015
IA,Warren,19181,Norwalk,11938
IA,Warren,19181,Carlisle,4396
IA,Warren,19181,Hartford,777
IA,Warren,19181,Milo,761
IA,Warren,19181,New Virginia,491
IA,Warren,19181,Martensdale,461
IA,Warren,19181,Cumming,405
IA,Warren,19181,Lacona,352
IA,Warren,19181,St. Marys,127
IA,Warren,19181,Ackworth,105
IA,Warren,19181,Spring Hill,65
IA,Warren,19181,Sandyville,53
IA,Washington,19183,Washington,7230
IA,Washington,19183,Kalona,2537
IA,Washington,19183,Wellman,1395
IA,Washington,19183,Riverside,1022
IA,Washington,19183,Brighton,640
IA,Washington,19183,Ainsworth,579
IA,Washington,19183,Crawfordsville,265
IA,Washington,19183,West Chester,147
IA,Wayne,19185,Corydon,1600
IA,Wayne,19185,Seymour,701
IA,Wayne,19185,Allerton,507
IA,Wayne,19185,Humeston,484
IA,Wayne,19185,Lineville,220
IA,Wayne,19185,Promise City,108
IA,Wayne,19185,Clio,74
IA,Wayne,19185,Millerton,42
IA,Webster,19187,Fort Dodge,23888
IA,Webster,19187,Gowrie,953
IA,Webster,19187,Dayton,775
IA,Webster,19187,Coalville,722
IA,Webster,19187,Badger,532
IA,Webster,19187,Otho,507
IA,Webster,19187,Lehigh,392
IA,Webster,19187,Duncombe,383
IA,Webster,19187,Callender,346
IA,Webster,19187,Harcourt,278
IA,Webster,19187,Barnum,181
IA,Webster,19187,Vincent,161
IA,Webster,19187,Moorland,156
IA,Webster,19187,Clare,135
IA,Winnebago,19189,Forest City,4025
IA,Winnebago,19189,Lake Mills,1984
IA,Winnebago,19189,Buffalo Center,855
IA,Winnebago,19189,Thompson,469
IA,Winnebago,19189,Leland,271
IA,Winnebago,19189,Rake,209
IA,Winnebago,19189,Scarville,67
IA,Winneshiek,19191,Decorah,8051
IA,Winneshiek,19191,Calmar,917
IA,Winneshiek,19191,Ossian,778
IA,Winneshiek,19191,Spillville,344
IA,Winneshiek,19191,Fort Atkinson,320
IA,Winneshiek,19191,Ridgeway,287
IA,Winneshiek,19191,Burr Oak,209
IA,Winneshiek,19191,Castalia,158
IA,Winneshiek,19191,Jackson Junction,54
IA,Woodbury,19193,Sioux City,106455
IA,Woodbury,19193,Sergeant Bluff,5127
IA,Woodbury,19193,Moville,1635
IA,Woodbury,19193,Sloan,987
IA,Woodbury,19193,Lawton,980
IA,Woodbury,19193,Correctionville,806
IA,Woodbury,19193,Anthon,561
IA,Woodbury,19193,Salix,387
IA,Woodbury,19193,Pierson,354
IA,Woodbury,19193,Danbury,340
IA,Woodbury,19193,Bronson,320
IA,Woodbury,19193,Smithland,227
IA,Woodbury,19193,Hornick,218
IA,Woodbury,19193,Cushing,217
IA,Woodbury,19193,Oto,103
IA,Woodbury,19193,Climbing Hill,76
IA,Worth,19195,Northwood,1955
IA,Worth,19195,Manly,1278
IA,Worth,19195,Fertile,360
IA,Worth,19195,Kensett,256
IA,Worth,19195,Grafton,244
IA,Worth,19195,Hanlontown,220
IA,Worth,19195,Joice,210
IA,Worth,19195,Bolan,7
IA,Wright,19197,Eagle Grove,3406
IA,Wright,19197,Clarion,2709
IA,Wright,19197,Belmond,2263
IA,Wright,19197,Goldfield,593
IA,Wright,19197,Dows,504
IA,Wright,19197,Woolstock,161
IA,Wright,19197,Rowan,150
IA,Wright,19197,Galt,31
ID,Ada,16001,Boise,389280
ID,Ada,16001,Meridian,114161
ID,Ada,16001,Eagle,29796
ID,Ada,16001,Kuna,22292
ID,Ada,16001,Garden City,11969
ID,Ada,16001,Star,10532
ID,Ada,16001,Hidden Springs,3164
ID,Adams,16003,Council,894
ID,Adams,16003,New Meadows,537
ID,Bannock,16005,Pocatello,72878
ID,Bannock,16005,Chubbuck,15588
ID,Bannock,16005,Fort Hall,2971
ID,Bannock,16005,Tyhee,1192
ID,Bannock,16005,Inkom,902
ID,Bannock,16005,McCammon,831
ID,Bannock,16005,Downey,633
ID,Bannock,16005,Lava Hot Springs,432
ID,Bannock,16005,Arimo,364
ID,Bear Lake,16007,Montpelier,2538
ID,Bear Lake,16007,Paris,521
ID,Bear Lake,16007,Georgetown,494
ID,Bear Lake,16007,Bloomington,209
ID,Bear Lake,16007,St. Charles,153
ID,Bear Lake,16007,Bennington,130
ID,Benewah,16009,St. Maries,2658
ID,Benewah,16009,Plummer,1029
ID,Benewah,16009,De Smet,202
ID,Benewah,16009,Tensed,121
ID,Benewah,16009,Parkline,30
ID,Bingham,16011,Blackfoot,15526
ID,Bingham,16011,Shelley,4761
ID,Bingham,16011,Aberdeen,1977
ID,Bingham,16011,Moreland,1232
ID,Bingham,16011,Riverside,1149
ID,Bingham,16011,Groveland,624
ID,Bingham,16011,Firth,499
ID,Bingham,16011,Basalt,408
ID,Bingham,16011,Rockford,229
ID,Bingham,16011,Atomic City,27
ID,Blaine,16013,Hailey,11409
ID,Blaine,16013,Ketchum,4160
ID,Blaine,16013,Bellevue,2456
ID,Blaine,16013,Sun Valley,1486
ID,Blaine,16013,Carey,645
ID,Boise,16015,Robie Creek,1312
ID,Boise,16015,Horseshoe Bend,787
ID,Boise,16015,Garden Valley,489
ID,Boise,16015,Idaho City,467
ID,Boise,16015,Crouch,183
ID,Boise,16015,Placerville,57
ID,Boise,16015,Banks,6
ID,Boise,16015,Lowman,4
ID,Bonner,16017,Sandpoint,13145
ID,Bonner,16017,Priest River,1893
ID,Bonner,16017,Ponderay,1157
ID,Bonner,16017,Kootenai,978
ID,Bonner,16017,Dover,874
ID,Bonner,16017,Clark Fork,579
ID,Bonner,16017,East Hope,225
ID,Bonner,16017,Oldtown,201
ID,Bonner,16017,Blanchard,201
ID,Bonner,16017,Hope,102
ID,Bonneville,16019,Idaho Falls,100442
ID,Bonneville,16019,Ammon,17115
ID,Bonneville,16019,Lincoln,3817
ID,Bonneville,16019,Iona,2354
ID,Bonneville,16019,Ucon,1161
ID,Bonneville,16019,Irwin,247
ID,Bonneville,16019,Swan Valley,245
ID,Boundary,16021,Bonners Ferry,2710
ID,Boundary,16021,Moyie Springs,761
ID,Butte,16023,Arco,880
ID,Butte,16023,Moore,170
ID,Butte,16023,Butte City,68
ID,Camas,16025,Fairfield,395
ID,Canyon,16027,Nampa,184428
ID,Canyon,16027,Caldwell,58481
ID,Canyon,16027,Middleton,8466
ID,Canyon,16027,Parma,2147
ID,Canyon,16027,Wilder,1823
ID,Canyon,16027,Greenleaf,886
ID,Canyon,16027,Notus,638
ID,Canyon,16027,Melba,558
ID,Caribou,16029,Soda Springs,3023
ID,Caribou,16029,Grace,935
ID,Caribou,16029,Bancroft,394
ID,Cassia,16031,Burley,16342
ID,Cassia,16031,Oakley,812
ID,Cassia,16031,Declo,369
ID,Cassia,16031,Albion,276
ID,Cassia,16031,Malta,205
ID,Clark,16033,Dubois,584
ID,Clark,16033,Spencer,32
ID,Clearwater,16035,Orofino,3576
ID,Clearwater,16035,Pierce,590
ID,Clearwater,16035,Weippe,444
ID,Clearwater,16035,Elk River,122
ID,Custer,16037,Challis,1091
ID,Custer,16037,Mackay,501
ID,Custer,16037,Stanley,69
ID,Custer,16037,Clayton,8
ID,Elmore,16039,Mountain Home,16945
ID,Elmore,16039,Mountain Home AFB,3009
ID,Elmore,16039,Glenns Ferry,1303
ID,Franklin,16041,Preston,5557
ID,Franklin,16041,Franklin,835
ID,Franklin,16041,Dayton,494
ID,Franklin,16041,Weston,470
ID,Franklin,16041,Clifton,304
ID,Franklin,16041,Oxford,52
ID,Fremont,16043,St. Anthony,3713
ID,Fremont,16043,Ashton,1050
ID,Fremont,16043,Teton,740
ID,Fremont,16043,Newdale,314
ID,Fremont,16043,Parker,291
ID,Fremont,16043,Island Park,266
ID,Fremont,16043,Drummond,16
ID,Fremont,16043,Warm River,3
ID,Gem,16045,Emmett,9889
ID,Gooding,16047,Gooding,3600
ID,Gooding,16047,Wendell,2714
ID,Gooding,16047,Hagerman,893
ID,Gooding,16047,Bliss,305
ID,Idaho,16049,Grangeville,3245
ID,Idaho,16049,Cottonwood,940
ID,Idaho,16049,Kooskia,664
ID,Idaho,16049,Riggins,416
ID,Idaho,16049,Stites,232
ID,Idaho,16049,Ferdinand,162
ID,Idaho,16049,Elk City,147
ID,Idaho,16049,White Bird,95
ID,Jefferson,16051,Rigby,9496
ID,Jefferson,16051,Menan,804
ID,Jefferson,16051,Ririe,681
ID,Jefferson,16051,Roberts,637
ID,Jefferson,16051,Lewisville,520
ID,Jefferson,16051,Mud Lake,419
ID,Jefferson,16051,Hamer,104
ID,Jerome,16053,Jerome,11996
ID,Jerome,16053,Hazelton,821
ID,Jerome,16053,Eden,427
ID,Kootenai,16055,Coeur d'Alene,116834
ID,Kootenai,16055,Post Falls,36250
ID,Kootenai,16055,Hayden,15434
ID,Kootenai,16055,Rathdrum,9150
ID,Kootenai,16055,Spirit Lake,2533
ID,Kootenai,16055,Dalton Gardens,2410
ID,Kootenai,16055,Athol,792
ID,Kootenai,16055,Hauser,739
ID,Kootenai,16055,Hayden Lake,623
ID,Kootenai,16055,Rockford Bay,328
ID,Kootenai,16055,Worley,262
ID,Kootenai,16055,Harrison,216
ID,Kootenai,16055,Fernan Lake Village,171
ID,Kootenai,16055,Huetter,112
ID,Kootenai,16055,Conkling Park,68
ID,Kootenai,16055,State Line,49
ID,Latah,16057,Moscow,26145
ID,Latah,16057,Genesee,965
ID,Latah,16057,Troy,895
ID,Latah,16057,Potlatch,814
ID,Latah,16057,Juliaetta,601
ID,Latah,16057,Deary,516
ID,Latah,16057,Kendrick,305
ID,Latah,16057,Bovill,258
ID,Latah,16057,Onaway,188
ID,Latah,16057,Princeton,115
ID,Lemhi,16059,Salmon,3169
ID,Lemhi,16059,Leadore,106
ID,Lewis,16061,Kamiah,1244
ID,Lewis,16061,Craigmont,489
ID,Lewis,16061,Nezperce,458
ID,Lewis,16061,Winchester,443
ID,Lewis,16061,Reubens,64
ID,Lincoln,16063,Shoshone,1502
ID,Lincoln,16063,Richfield,496
ID,Lincoln,16063,Dietrich,341
ID,Madison,16065,Rexburg,30979
ID,Madison,16065,Sugar City,1452
ID,Minidoka,16067,Rupert,6733
ID,Minidoka,16067,Heyburn,3447
ID,Minidoka,16067,Paul,1449
ID,Minidoka,16067,Acequia,133
ID,Minidoka,16067,Minidoka,113
ID,Nez Perce,16069,Lewiston,53384
ID,Nez Perce,16069,Lapwai,1137
ID,Nez Perce,16069,Culdesac,383
ID,Nez Perce,16069,Sweetwater,239
ID,Nez Perce,16069,Peck,196
ID,Oneida,16071,Malad City,2137
ID,Owyhee,16073,Homedale,2820
ID,Owyhee,16073,Marsing,1318
ID,Owyhee,16073,Grand View,469
ID,Owyhee,16073,Murphy,63
ID,Payette,16075,Payette,7727
ID,Payette,16075,Fruitland,5426
ID,Payette,16075,New Plymouth,1554
ID,Power,16077,American Falls,4345
ID,Power,16077,Arbon Valley,1124
ID,Power,16077,Rockland,283
ID,Shoshone,16079,Kellogg,3113
ID,Shoshone,16079,Osburn,2523
ID,Shoshone,16079,Pinehurst,1626
ID,Shoshone,16079,Wallace,782
ID,Shoshone,16079,Mullan,692
ID,Shoshone,16079,Smelterville,621
ID,Shoshone,16079,Wardner,176
ID,Teton,16081,Victor,2503
ID,Teton,16081,Driggs,1817
ID,Teton,16081,Tetonia,288
ID,Twin Falls,16083,Twin Falls,55556
ID,Twin Falls,16083,Buhl,4524
ID,Twin Falls,16083,Kimberly,4054
ID,Twin Falls,16083,Filer,3083
ID,Twin Falls,16083,Hansen,1284
ID,Twin Falls,16083,Hollister,309
ID,Twin Falls,16083,Castleford,250
ID,Twin Falls,16083,Murtaugh,172
ID,Valley,16085,McCall,3597
ID,Valley,16085,Cascade,1025
ID,Valley,16085,Yellow Pine,246
ID,Valley,16085,Donnelly,218
ID,Valley,16085,Smiths Ferry,101
ID,Washington,16087,Weiser,5524
ID,Washington,16087,Cambridge,320
ID,Washington,16087,Midvale,159
IL,Adams,17001,Quincy,44466
IL,Adams,17001,Camp Point,1093
IL,Adams,17001,Payson,990
IL,Adams,17001,Mendon,961
IL,Adams,17001,Clayton,673
IL,Adams,17001,Golden,617
IL,Adams,17001,Ursa,605
IL,Adams,17001,Liberty,503
IL,Adams,17001,Loraine,302
IL,Adams,17001,Plainville,255
IL,Adams,17001,Lima,148
IL,Adams,17001,Coatsburg,142
IL,Adams,17001,Columbus,96
IL,Adams,17001,La Prairie,45
IL,Alexander,17003,Cairo,2083
IL,Alexander,17003,Olive Branch,501
IL,Alexander,17003,Tamms,472
IL,Alexander,17003,Thebes,321
IL,Alexander,17003,McClure,301
IL,Alexander,17003,East Cape Girardeau,286
IL,Bond,17005,Greenville,6417
IL,Bond,17005,Pocahontas,731
IL,Bond,17005,Mulberry Grove,575
IL,Bond,17005,Pierron,544
IL,Bond,17005,Sorento,469
IL,Bond,17005,Panama,319
IL,Bond,17005,Smithboro,165
IL,Bond,17005,Old Ripley,99
IL,Boone,17007,Belvidere,25143
IL,Boone,17007,Poplar Grove,5104
IL,Boone,17007,Candlewick Lake,4734
IL,Boone,17007,Capron,1362
IL,Boone,17007,Timberlane,946
IL,Boone,17007,Garden Prairie,325
IL,Boone,17007,Caledonia,193
IL,Brown,17009,Mount Sterling,3853
IL,Brown,17009,Versailles,458
IL,Brown,17009,Mound Station,116
IL,Brown,17009,Ripley,82
IL,Bureau,17011,Princeton,7840
IL,Bureau,17011,Spring Valley,5125
IL,Bureau,17011,De Pue,1683
IL,Bureau,17011,Walnut,1306
IL,Bureau,17011,Ladd,1195
IL,Bureau,17011,Wyanet,923
IL,Bureau,17011,Sheffield,863
IL,Bureau,17011,Tiskilwa,766
IL,Bureau,17011,La Moille,679
IL,Bureau,17011,Dalzell,659
IL,Bureau,17011,Buda,501
IL,Bureau,17011,Ohio,480
IL,Bureau,17011,Cherry,453
IL,Bureau,17011,Neponset,436
IL,Bureau,17011,Malden,341
IL,Bureau,17011,Manlius,334
IL,Bureau,17011,Seatonville,296
IL,Bureau,17011,Mineral,222
IL,Bureau,17011,Arlington,181
IL,Bureau,17011,Dover,153
IL,Bureau,17011,Hollowayville,86
IL,Bureau,17011,New Bedford,70
IL,Calhoun,17013,Hardin,900
IL,Calhoun,17013,Kampsville,304
IL,Calhoun,17013,Batchtown,198
IL,Calhoun,17013,Brussels,131
IL,Calhoun,17013,Hamburg,119
IL,Carroll,17015,Savanna,3070
IL,Carroll,17015,Mount Carroll,1571
IL,Carroll,17015,Lanark,1333
IL,Carroll,17015,Milledgeville,952
IL,Carroll,17015,Shannon,688
IL,Carroll,17015,Thomson,551
IL,Carroll,17015,Chadwick,516
IL,Cass,17017,Beardstown,5807
IL,Cass,17017,Virginia,1435
IL,Cass,17017,Ashland,1191
IL,Cass,17017,Chandlerville,494
IL,Cass,17017,Arenzville,367
IL,Champaign,17019,Champaign,159443
IL,Champaign,17019,Urbana,42214
IL,Champaign,17019,Rantoul,13584
IL,Champaign,17019,Mahomet,13094
IL,Champaign,17019,Savoy,8401
IL,Champaign,17019,St. Joseph,4911
IL,Champaign,17019,Tolono,3392
IL,Champaign,17019,Lake of the Woods,2404
IL,Champaign,17019,Fisher,1937
IL,Champaign,17019,Philo,1400
IL,Champaign,17019,Sidney,1191
IL,Champaign,17019,Homer,1159
IL,Champaign,17019,Thomasboro,1084
IL,Champaign,17019,Gifford,1048
IL,Champaign,17019,Ogden,800
IL,Champaign,17019,Pesotum,524
IL,Champaign,17019,Bondville,431
IL,Champaign,17019,Sadorus,390
IL,Champaign,17019,Ludlow,356
IL,Champaign,17019,Broadlands,337
IL,Champaign,17019,Seymour,325
IL,Champaign,17019,Royal,277
IL,Champaign,17019,Allerton,266
IL,Champaign,17019,Ivesdale,252
IL,Champaign,17019,Longview,148
IL,Champaign,17019,Penfield,130
IL,Champaign,17019,Foosland,98
IL,Christian,17021,Taylorville,12659
IL,Christian,17021,Pana,5463
IL,Christian,17021,Kincaid,1372
IL,Christian,17021,Assumption,1066
IL,Christian,17021,Edinburg,1012
IL,Christian,17021,Morrisonville,998
IL,Christian,17021,Stonington,846
IL,Christian,17021,Tovey,476
IL,Christian,17021,Mount Auburn,450
IL,Christian,17021,Langleyville,363
IL,Christian,17021,Owaneco,223
IL,Christian,17021,Palmer,205
IL,Christian,17021,Bulpitt,201
IL,Christian,17021,Jeisyville,101
IL,Clark,17023,Marshall,3811
IL,Clark,17023,Casey,2681
IL,Clark,17023,Martinsville,1088
IL,Clark,17023,Westfield,558
IL,Clark,17023,West Union,322
IL,Clay,17025,Flora,4852
IL,Clay,17025,Louisville,1095
IL,Clay,17025,Clay City,911
IL,Clay,17025,Xenia,368
IL,Clay,17025,Iola,136
IL,Clay,17025,Sailor Springs,93
IL,Clinton,17027,Breese,5853
IL,Clinton,17027,Carlyle,4175
IL,Clinton,17027,New Baden,3314
IL,Clinton,17027,Trenton,2609
IL,Clinton,17027,Aviston,2136
IL,Clinton,17027,Germantown,1274
IL,Clinton,17027,Albers,1135
IL,Clinton,17027,Wamac,1123
IL,Clinton,17027,Beckemeyer,1008
IL,Clinton,17027,Bartelso,610
IL,Clinton,17027,Damiansville,489
IL,Clinton,17027,Hoffman,483
IL,Clinton,17027,St. Rose,407
IL,Clinton,17027,Keyesport,405
IL,Clinton,17027,Huey,163
IL,Coles,17029,Charleston,20117
IL,Coles,17029,Mattoon,18016
IL,Coles,17029,Oakland,854
IL,Coles,17029,Ashmore,749
IL,Coles,17029,Humboldt,418
IL,Coles,17029,Lerna,273
IL,Cook,17031,Chicago,8604203
IL,Cook,17031,Cicero,80796
IL,Cook,17031,Arlington Heights,74760
IL,Cook,17031,Evanston,73473
IL,Cook,17031,Schaumburg,72887
IL,Cook,17031,Palatine,67482
IL,Cook,17031,Skokie,62700
IL,Cook,17031,Des Plaines,58899
IL,Cook,17031,Orland Park,57857
IL,Cook,17031,Tinley Park,55773
IL,Cook,17031,Oak Lawn,55022
IL,Cook,17031,Berwyn,54391
IL,Cook,17031,Mount Prospect,53719
IL,Cook,17031,Oak Park,52381
IL,Cook,17031,Hoffman Estates,50932
IL,Cook,17031,Glenview,47308
IL,Cook,17031,Bartlett,40647
IL,Cook,17031,Buffalo Grove,40494
IL,Cook,17031,Streamwood,39228
IL,Cook,17031,Wheeling,38646
IL,Cook,17031,Park Ridge,36950
IL,Cook,17031,Calumet City,35913
IL,Cook,17031,Northbrook,32958
IL,Cook,17031,Elk Grove Village,32400
IL,Cook,17031,Chicago Heights,29322
IL,Cook,17031,Niles,28938
IL,Cook,17031,Burbank,28289
IL,Cook,17031,Lansing,27402
IL,Cook,17031,Oak Forest,27173
IL,Cook,17031,Wilmette,27089
IL,Cook,17031,Melrose Park,24703
IL,Cook,17031,Harvey,24408
IL,Cook,17031,Elmwood Park,24098
IL,Cook,17031,Rolling Meadows,23532
IL,Cook,17031,Maywood,23158
IL,Cook,17031,Blue Island,22899
IL,Cook,17031,Morton Grove,22796
IL,Cook,17031,Dolton,22348
IL,Cook,17031,South Holland,21296
IL,Cook,17031,Park Forest,21210
IL,Cook,17031,Matteson,19448
IL,Cook,17031,Evergreen Park,19147
IL,Cook,17031,Alsip,18709
IL,Cook,17031,Homewood,18703
IL,Cook,17031,Bellwood,18672
IL,Cook,17031,Brookfield,18310
IL,Cook,17031,Franklin Park,17627
IL,Cook,17031,Lemont,17291
IL,Cook,17031,Palos Hills,17060
IL,Cook,17031,Country Club Hills,16482
IL,Cook,17031,Westchester,16117
IL,Cook,17031,Bridgeview,16096
IL,Cook,17031,Prospect Heights,15887
IL,Cook,17031,La Grange,15322
IL,Cook,17031,Midlothian,14346
IL,Cook,17031,Norridge,14152
IL,Cook,17031,Chicago Ridge,13928
IL,Cook,17031,Hickory Hills,13710
IL,Cook,17031,Forest Park,13704
IL,Cook,17031,Hazel Crest,13565
IL,Cook,17031,Western Springs,13359
IL,Cook,17031,Richton Park,13292
IL,Cook,17031,La Grange Park,13178
IL,Cook,17031,Riverdale,13077
IL,Cook,17031,Justice,12608
IL,Cook,17031,Palos Heights,12520
IL,Cook,17031,Winnetka,12316
IL,Cook,17031,Markham,12314
IL,Cook,17031,Lincolnwood,12245
IL,Cook,17031,Northlake,12161
IL,Cook,17031,Schiller Park,11403
IL,Cook,17031,Summit,11116
IL,Cook,17031,River Forest,10816
IL,Cook,17031,Crestwood,10706
IL,Cook,17031,Worth,10466
IL,Cook,17031,Lyons,10372
IL,Cook,17031,Sauk Village,10246
IL,Cook,17031,Barrington,10217
IL,Cook,17031,River Grove,9883
IL,Cook,17031,Steger,9221
IL,Cook,17031,Lynwood,9194
IL,Cook,17031,Flossmoor,9155
IL,Cook,17031,Glencoe,8826
IL,Cook,17031,Glenwood,8715
IL,Cook,17031,Riverside,8563
IL,Cook,17031,Harwood Heights,8333
IL,Cook,17031,Hillside,7933
IL,Cook,17031,Broadview,7618
IL,Cook,17031,Calumet Park,7602
IL,Cook,17031,Inverness,7376
IL,Cook,17031,Orland Hills,7023
IL,Cook,17031,University Park,6887
IL,Cook,17031,Stickney,6566
IL,Cook,17031,North Riverside,6429
IL,Cook,17031,Countryside,5933
IL,Cook,17031,Posen,5865
IL,Cook,17031,Willow Springs,5621
IL,Cook,17031,Robbins,5438
IL,Cook,17031,Northfield,5386
IL,Cook,17031,Berkeley,5048
IL,Cook,17031,South Barrington,4996
IL,Cook,17031,Stone Park,4826
IL,Cook,17031,Olympia Fields,4790
IL,Cook,17031,Palos Park,4736
IL,Cook,17031,Barrington Hills,4190
IL,Cook,17031,Hometown,4177
IL,Cook,17031,Burnham,4088
IL,Cook,17031,Rosemont,4066
IL,Cook,17031,South Chicago Heights,4003
IL,Cook,17031,Indian Head Park,3719
IL,Cook,17031,Dixmoor,3563
IL,Cook,17031,Ford Heights,2682
IL,Cook,17031,Kenilworth,2475
IL,Cook,17031,Thornton,2401
IL,Cook,17031,Hodgkins,1971
IL,Cook,17031,Phoenix,1908
IL,Cook,17031,Merrionette Park,1858
IL,Cook,17031,East Hazel Crest,1497
IL,Cook,17031,Forest View,666
IL,Cook,17031,Bedford Park,604
IL,Cook,17031,Golf,493
IL,Cook,17031,McCook,220
IL,Crawford,17033,Robinson,7513
IL,Crawford,17033,Oblong,1371
IL,Crawford,17033,Palestine,1273
IL,Crawford,17033,Hutsonville,522
IL,Crawford,17033,Flat Rock,307
IL,Crawford,17033,Stoy,115
IL,Crawford,17033,West York,100
IL,Crawford,17033,Annapolis,49
IL,Cumberland,17035,Neoga,1602
IL,Cumberland,17035,Greenup,1490
IL,Cumberland,17035,Toledo,1190
IL,Cumberland,17035,Jewett,220
IL,De Witt,17039,Clinton,8055
IL,De Witt,17039,Farmer City,1936
IL,De Witt,17039,Wapella,522
IL,De Witt,17039,Weldon,412
IL,De Witt,17039,Waynesville,410
IL,De Witt,17039,Kenney,313
IL,De Witt,17039,De Witt,176
IL,DeKalb,17037,DeKalb,66959
IL,DeKalb,17037,Sycamore,18322
IL,DeKalb,17037,Sandwich,7418
IL,DeKalb,17037,Genoa,6467
IL,DeKalb,17037,Cortland,4408
IL,DeKalb,17037,Hinckley,2050
IL,DeKalb,17037,Somonauk,1871
IL,DeKalb,17037,Kirkland,1729
IL,DeKalb,17037,Waterman,1500
IL,DeKalb,17037,Kingston,1169
IL,DeKalb,17037,Malta,1158
IL,DeKalb,17037,Shabbona,920
IL,Douglas,17041,Tuscola,4665
IL,Douglas,17041,Arcola,2831
IL,Douglas,17041,Villa Grove,2418
IL,Douglas,17041,Arthur,2200
IL,Douglas,17041,Atwood,1158
IL,Douglas,17041,Newman,833
IL,Douglas,17041,Camargo,447
IL,Douglas,17041,Hindsboro,296
IL,Douglas,17041,Garrett,158
IL,DuPage,17043,Naperville,148449
IL,DuPage,17043,Wheaton,52745
IL,DuPage,17043,Downers Grove,49057
IL,DuPage,17043,Elmhurst,46746
IL,DuPage,17043,Lombard,44303
IL,DuPage,17043,Carol Stream,39203
IL,DuPage,17043,Hanover Park,37426
IL,DuPage,17043,Addison,36482
IL,DuPage,17043,Glendale Heights,33617
IL,DuPage,17043,Woodridge,33432
IL,DuPage,17043,Glen Ellyn,27714
IL,DuPage,17043,West Chicago,26816
IL,DuPage,17043,Westmont,24443
IL,DuPage,17043,Lisle,23270
IL,DuPage,17043,Roselle,22463
IL,DuPage,17043,Bloomingdale,21779
IL,DuPage,17043,Darien,21628
IL,DuPage,17043,Villa Park,21483
IL,DuPage,17043,Bensenville,18044
IL,DuPage,17043,Hinsdale,17637
IL,DuPage,17043,Wood Dale,13607
IL,DuPage,17043,Warrenville,13174
IL,DuPage,17043,Burr Ridge,10758
IL,DuPage,17043,Itasca,9805
IL,DuPage,17043,Winfield,9636
IL,DuPage,17043,Clarendon Hills,8752
IL,DuPage,17043,Willowbrook,8579
IL,DuPage,17043,Oak Brook,8016
IL,DuPage,17043,Wayne,2429
IL,DuPage,17043,Oakbrook Terrace,2098
IL,Edgar,17045,Paris,8394
IL,Edgar,17045,Chrisman,1265
IL,Edgar,17045,Kansas,719
IL,Edgar,17045,Hume,347
IL,Edgar,17045,Brocton,293
IL,Edgar,17045,Vermilion,202
IL,Edgar,17045,Metcalf,171
IL,Edgar,17045,Redmon,158
IL,Edwards,17047,Albion,1899
IL,Edwards,17047,Grayville,1565
IL,Edwards,17047,West Salem,851
IL,Edwards,17047,Bone Gap,234
IL,Edwards,17047,Browns,129
IL,Effingham,17049,Effingham,14005
IL,Effingham,17049,Altamont,2339
IL,Effingham,17049,Teutopolis,1642
IL,Effingham,17049,Watson,732
IL,Effingham,17049,Dieterich,595
IL,Effingham,17049,Beecher City,453
IL,Effingham,17049,Edgewood,430
IL,Effingham,17049,Mason,336
IL,Effingham,17049,Shumway,195
IL,Effingham,17049,Montrose,195
IL,Fayette,17051,Vandalia,6936
IL,Fayette,17051,St. Elmo,1403
IL,Fayette,17051,Ramsey,1011
IL,Fayette,17051,Brownstown,727
IL,Fayette,17051,Farina,499
IL,Fayette,17051,St. Peter,341
IL,Fayette,17051,Bingham,80
IL,Ford,17053,Paxton,4534
IL,Ford,17053,Gibson City,3429
IL,Ford,17053,Piper City,750
IL,Ford,17053,Melvin,410
IL,Ford,17053,Roberts,329
IL,Ford,17053,Elliott,269
IL,Ford,17053,Sibley,252
IL,Ford,17053,Cabery,246
IL,Ford,17053,Kempton,206
IL,Franklin,17055,West Frankfort,8561
IL,Franklin,17055,Benton,7518
IL,Franklin,17055,Christopher,4118
IL,Franklin,17055,Sesser,1860
IL,Franklin,17055,Zeigler,1712
IL,Franklin,17055,Royalton,1117
IL,Franklin,17055,West City,638
IL,Franklin,17055,Valier,637
IL,Franklin,17055,North City,569
IL,Franklin,17055,Thompsonville,526
IL,Franklin,17055,Buckner,440
IL,Franklin,17055,Orient,343
IL,Franklin,17055,Hanaford,322
IL,Franklin,17055,Ewing,296
IL,Franklin,17055,Mulkeytown,181
IL,Franklin,17055,Macedonia,63
IL,Fulton,17057,Canton,13611
IL,Fulton,17057,Farmington,2223
IL,Fulton,17057,Lewistown,2146
IL,Fulton,17057,Cuba,1170
IL,Fulton,17057,Astoria,1036
IL,Fulton,17057,Avon,714
IL,Fulton,17057,Vermont,640
IL,Fulton,17057,St. David,527
IL,Fulton,17057,Fairview,471
IL,Fulton,17057,Ipava,421
IL,Fulton,17057,Table Grove,383
IL,Fulton,17057,London Mills,376
IL,Fulton,17057,Dunfermline,283
IL,Fulton,17057,Smithfield,221
IL,Fulton,17057,Bryant,213
IL,Fulton,17057,Norris,200
IL,Fulton,17057,Banner,182
IL,Fulton,17057,Liverpool,123
IL,Fulton,17057,Marietta,109
IL,Fulton,17057,Ellisville,92
IL,Gallatin,17059,Shawneetown,1077
IL,Gallatin,17059,Ridgway,747
IL,Gallatin,17059,Equality,518
IL,Gallatin,17059,New Haven,382
IL,Gallatin,17059,Omaha,228
IL,Gallatin,17059,Old Shawneetown,164
IL,Gallatin,17059,Junction,111
IL,Greene,17061,White Hall,3741
IL,Greene,17061,Carrollton,2398
IL,Greene,17061,Roodhouse,1677
IL,Greene,17061,Greenfield,988
IL,Greene,17061,Kane,404
IL,Greene,17061,Eldred,186
IL,Greene,17061,Hillview,177
IL,Greene,17061,Rockbridge,157
IL,Grundy,17063,Morris,17296
IL,Grundy,17063,Minooka,11397
IL,Grundy,17063,Coal City,5409
IL,Grundy,17063,Diamond,2506
IL,Grundy,17063,Gardner,1381
IL,Grundy,17063,Mazon,967
IL,Grundy,17063,Braceville,759
IL,Grundy,17063,South Wilmington,644
IL,Grundy,17063,Carbon Hill,335
IL,Grundy,17063,Verona,206
IL,Grundy,17063,East Brooklyn,105
IL,Grundy,17063,Kinsman,97
IL,Hamilton,17065,McLeansboro,2746
IL,Hamilton,17065,Dahlgren,502
IL,Hamilton,17065,Broughton,186
IL,Hamilton,17065,Belle Prairie City,50
IL,Hancock,17067,Hamilton,2715
IL,Hancock,17067,Carthage,2457
IL,Hancock,17067,Warsaw,1480
IL,Hancock,17067,La Harpe,1143
IL,Hancock,17067,Nauvoo,1063
IL,Hancock,17067,Dallas City,872
IL,Hancock,17067,Augusta,543
IL,Hancock,17067,Plymouth,466
IL,Hancock,17067,Bowen,457
IL,Hancock,17067,West Point,163
IL,Hancock,17067,Elvaston,154
IL,Hancock,17067,Ferris,143
IL,Hancock,17067,Pontoosuc,136
IL,Hancock,17067,Basco,89
IL,Hancock,17067,Bentley,33
IL,Hardin,17069,Rosiclare,1014
IL,Hardin,17069,Cave-In-Rock,280
IL,Hardin,17069,Elizabethtown,273
IL,Henderson,17071,Oquawka,1252
IL,Henderson,17071,Stronghurst,789
IL,Henderson,17071,Lomax,401
IL,Henderson,17071,Biggsville,278
IL,Henderson,17071,Gladstone,264
IL,Henderson,17071,Raritan,122
IL,Henderson,17071,Media,94
IL,Henderson,17071,Gulf Port,47
IL,Henry,17073,Kewanee,12339
IL,Henry,17073,Geneseo,6495
IL,Henry,17073,Colona,5120
IL,Henry,17073,Galva,2478
IL,Henry,17073,Cambridge,2078
IL,Henry,17073,Orion,1798
IL,Henry,17073,Atkinson,964
IL,Henry,17073,Annawan,853
IL,Henry,17073,Woodhull,783
IL,Henry,17073,Alpha,635
IL,Henry,17073,Andover,572
IL,Henry,17073,Hooppole,191
IL,Henry,17073,Cleveland,182
IL,Henry,17073,Bishop Hill,122
IL,Iroquois,17075,Watseka,4767
IL,Iroquois,17075,Gilman,2740
IL,Iroquois,17075,Clifton,1321
IL,Iroquois,17075,Onarga,1264
IL,Iroquois,17075,Milford,1171
IL,Iroquois,17075,Sheldon,949
IL,Iroquois,17075,Cissna Park,779
IL,Iroquois,17075,Ashkum,693
IL,Iroquois,17075,Crescent City,556
IL,Iroquois,17075,Danforth,552
IL,Iroquois,17075,Buckley,542
IL,Iroquois,17075,Loda,398
IL,Iroquois,17075,Martinton,343
IL,Iroquois,17075,Beaverville,326
IL,Iroquois,17075,Woodland,297
IL,Iroquois,17075,Donovan,274
IL,Iroquois,17075,Thawville,244
IL,Iroquois,17075,Wellington,216
IL,Iroquois,17075,Papineau,149
IL,Iroquois,17075,Iroquois,137
IL,Jackson,17077,Carbondale,65671
IL,Jackson,17077,Murphysboro,8976
IL,Jackson,17077,De Soto,1502
IL,Jackson,17077,Elkville,863
IL,Jackson,17077,Harrison,805
IL,Jackson,17077,Ava,612
IL,Jackson,17077,Grand Tower,564
IL,Jackson,17077,Makanda,530
IL,Jackson,17077,Dowell,386
IL,Jackson,17077,Campbell Hill,310
IL,Jackson,17077,Vergennes,281
IL,Jackson,17077,Gorham,219
IL,Jasper,17079,Newton,2936
IL,Jasper,17079,Ste. Marie,238
IL,Jasper,17079,Willow Hill,228
IL,Jasper,17079,Wheeler,146
IL,Jasper,17079,Hidalgo,105
IL,Jasper,17079,Yale,85
IL,Jasper,17079,Rose Hill,81
IL,Jefferson,17081,Mount Vernon,15427
IL,Jefferson,17081,Ina,2279
IL,Jefferson,17081,Woodlawn,682
IL,Jefferson,17081,Bluford,669
IL,Jefferson,17081,Dix,440
IL,Jefferson,17081,Waltonville,432
IL,Jefferson,17081,Bonnie,381
IL,Jefferson,17081,Belle Rive,350
IL,Jefferson,17081,Opdyke,289
IL,Jefferson,17081,Nason,233
IL,Jersey,17083,Jerseyville,8708
IL,Jersey,17083,Grafton,640
IL,Jersey,17083,Elsah,606
IL,Jersey,17083,Fieldon,218
IL,Jersey,17083,Otterville,118
IL,Jersey,17083,Fidelity,112
IL,Jo Daviess,17085,Galena,3158
IL,Jo Daviess,17085,Stockton,1712
IL,Jo Daviess,17085,East Dubuque,1569
IL,Jo Daviess,17085,The Galena Territory,1334
IL,Jo Daviess,17085,Warren,1304
IL,Jo Daviess,17085,Hanover,768
IL,Jo Daviess,17085,Elizabeth,722
IL,Jo Daviess,17085,Apple Canyon Lake,512
IL,Jo Daviess,17085,Scales Mound,356
IL,Jo Daviess,17085,Apple River,343
IL,Jo Daviess,17085,Menominee,240
IL,Jo Daviess,17085,Nora,116
IL,Johnson,17087,Vienna,1440
IL,Johnson,17087,Goreville,1060
IL,Johnson,17087,Cypress,235
IL,Johnson,17087,New Burnside,214
IL,Johnson,17087,Buncombe,203
IL,Johnson,17087,Belknap,106
IL,Johnson,17087,Simpson,60
IL,Kane,17089,Aurora,197757
IL,Kane,17089,Elgin,110849
IL,Kane,17089,Carpentersville,37254
IL,Kane,17089,St. Charles,32887
IL,Kane,17089,Batavia,26420
IL,Kane,17089,South Elgin,24755
IL,Kane,17089,Geneva,21809
IL,Kane,17089,Montgomery,19638
IL,Kane,17089,North Aurora,18057
IL,Kane,17089,Campton Hills,11091
IL,Kane,17089,Sugar Grove,9888
IL,Kane,17089,Pingree Grove,9874
IL,Kane,17089,West Dundee,8113
IL,Kane,17089,Gilberts,8076
IL,Kane,17089,Hampshire,6251
IL,Kane,17089,Elburn,5997
IL,Kane,17089,Sleepy Hollow,3244
IL,Kane,17089,East Dundee,3216
IL,Kane,17089,Prestbury,1584
IL,Kane,17089,Maple Park,1365
IL,Kane,17089,Big Rock,1129
IL,Kane,17089,Lily Lake,1023
IL,Kane,17089,Burlington,620
IL,Kane,17089,Kaneville,480
IL,Kane,17089,Virgil,327
IL,Kankakee,17091,Kankakee,77429
IL,Kankakee,17091,Bourbonnais,19462
IL,Kankakee,17091,Bradley,15314
IL,Kankakee,17091,Manteno,9002
IL,Kankakee,17091,Momence,3530
IL,Kankakee,17091,Limestone,1522
IL,Kankakee,17091,Herscher,1504
IL,Kankakee,17091,Grant Park,1249
IL,Kankakee,17091,St. Anne,1193
IL,Kankakee,17091,Chebanse,971
IL,Kankakee,17091,Essex,758
IL,Kankakee,17091,Aroma Park,682
IL,Kankakee,17091,Hopkins Park,598
IL,Kankakee,17091,Sun River Terrace,496
IL,Kankakee,17091,Bonfield,356
IL,Kankakee,17091,Buckingham,278
IL,Kankakee,17091,Sammons Point,259
IL,Kankakee,17091,Irwin,74
IL,Kankakee,17091,Union Hill,57
IL,Kendall,17093,Oswego,36252
IL,Kendall,17093,Yorkville,20613
IL,Kendall,17093,Plano,11665
IL,Kendall,17093,Boulder Hill,10262
IL,Kendall,17093,Newark,1028
IL,Kendall,17093,Millington,659
IL,Kendall,17093,Millbrook,328
IL,Kendall,17093,Lisbon,308
IL,Kendall,17093,Plattville,256
IL,Knox,17095,Galesburg,33767
IL,Knox,17095,Abingdon,3115
IL,Knox,17095,Knoxville,2726
IL,Knox,17095,Wataga,786
IL,Knox,17095,East Galesburg,774
IL,Knox,17095,Oneida,662
IL,Knox,17095,Yates City,652
IL,Knox,17095,Oak Run,556
IL,Knox,17095,Williamsfield,545
IL,Knox,17095,Altona,497
IL,Knox,17095,Victoria,289
IL,Knox,17095,Maquon,260
IL,Knox,17095,Henderson,244
IL,Knox,17095,Gilson,208
IL,Knox,17095,Rio,207
IL,Knox,17095,St. Augustine,112
IL,LaSalle,17099,Peru,30287
IL,LaSalle,17099,Ottawa,19839
IL,LaSalle,17099,Streator,17021
IL,LaSalle,17099,LaSalle,8986
IL,LaSalle,17099,Mendota,6994
IL,LaSalle,17099,Marseilles,4834
IL,LaSalle,17099,Lake Holiday,4512
IL,LaSalle,17099,Oglesby,3559
IL,LaSalle,17099,Sheridan,2520
IL,LaSalle,17099,Seneca,2251
IL,LaSalle,17099,Earlville,1587
IL,LaSalle,17099,North Utica,1336
IL,LaSalle,17099,Leland,914
IL,LaSalle,17099,Tonica,715
IL,LaSalle,17099,Dayton,566
IL,LaSalle,17099,Grand Ridge,525
IL,LaSalle,17099,Lostant,480
IL,LaSalle,17099,Naplate,470
IL,LaSalle,17099,Ransom,356
IL,LaSalle,17099,Rutland,304
IL,LaSalle,17099,Cedar Point,256
IL,LaSalle,17099,Troy Grove,238
IL,LaSalle,17099,Kangley,233
IL,LaSalle,17099,Dana,150
IL,LaSalle,17099,Leonore,123
IL,Lake,17097,Round Lake Beach,279381
IL,Lake,17097,Waukegan,86075
IL,Lake,17097,Mundelein,31051
IL,Lake,17097,Gurnee,30378
IL,Lake,17097,North Chicago,29615
IL,Lake,17097,Highland Park,29515
IL,Lake,17097,Vernon Hills,26521
IL,Lake,17097,Zion,23487
IL,Lake,17097,Grayslake,20725
IL,Lake,17097,Libertyville,20205
IL,Lake,17097,Lake Zurich,19877
IL,Lake,17097,Lake Forest,19446
IL,Lake,17097,Deerfield,18646
IL,Lake,17097,Round Lake,18100
IL,Lake,17097,Lindenhurst,14216
IL,Lake,17097,Antioch,14175
IL,Lake,17097,Beach Park,13701
IL,Lake,17097,Wauconda,13504
IL,Lake,17097,Fox Lake,10451
IL,Lake,17097,Gages Lake,10161
IL,Lake,17097,Hawthorn Woods,8666
IL,Lake,17097,Lake Villa,8573
IL,Lake,17097,Island Lake,8020
IL,Lake,17097,Long Grove,7905
IL,Lake,17097,Lincolnshire,7893
IL,Lake,17097,Round Lake Park,7747
IL,Lake,17097,Park City,7438
IL,Lake,17097,Winthrop Harbor,6618
IL,Lake,17097,Volo,5813
IL,Lake,17097,Lake Bluff,5562
IL,Lake,17097,Highwood,5224
IL,Lake,17097,Grandwood Park,5170
IL,Lake,17097,Lake Barrington,4868
IL,Lake,17097,Deer Park,4225
IL,Lake,17097,Kildeer,4012
IL,Lake,17097,Green Oaks,3897
IL,Lake,17097,Wadsworth,3651
IL,Lake,17097,Riverwoods,3562
IL,Lake,17097,Hainesville,3557
IL,Lake,17097,Long Lake,3557
IL,Lake,17097,North Barrington,2952
IL,Lake,17097,Venetian Village,2934
IL,Lake,17097,Round Lake Heights,2645
IL,Lake,17097,Fox Lake Hills,2204
IL,Lake,17097,Knollwood,1665
IL,Lake,17097,Channel Lake,1661
IL,Lake,17097,Bannockburn,1506
IL,Lake,17097,Lake Catherine,1454
IL,Lake,17097,Forest Lake,1327
IL,Lake,17097,Tower Lakes,1226
IL,Lake,17097,Third Lake,1146
IL,Lake,17097,Mettawa,543
IL,Lake,17097,Indian Creek,535
IL,Lake,17097,Old Mill Creek,167
IL,Lawrence,17101,Lawrenceville,7150
IL,Lawrence,17101,Sumner,2980
IL,Lawrence,17101,Bridgeport,1705
IL,Lawrence,17101,St. Francisville,622
IL,Lawrence,17101,Russellville,86
IL,Lee,17103,Dixon,16195
IL,Lee,17103,Amboy,2321
IL,Lee,17103,Franklin Grove,938
IL,Lee,17103,Ashton,891
IL,Lee,17103,Paw Paw,848
IL,Lee,17103,Sublette,421
IL,Lee,17103,Lee,327
IL,Lee,17103,Compton,283
IL,Lee,17103,Steward,241
IL,Lee,17103,Nelson,159
IL,Lee,17103,West Brooklyn,133
IL,Lee,17103,Harmon,111
IL,Livingston,17105,Pontiac,11622
IL,Livingston,17105,Dwight,5005
IL,Livingston,17105,Fairbury,3647
IL,Livingston,17105,Forrest,1135
IL,Livingston,17105,Chatsworth,1115
IL,Livingston,17105,Flanagan,1064
IL,Livingston,17105,Odell,964
IL,Livingston,17105,Cullom,522
IL,Livingston,17105,Cornell,455
IL,Livingston,17105,Saunemin,404
IL,Livingston,17105,Long Point,214
IL,Livingston,17105,Campus,157
IL,Livingston,17105,Reddick,157
IL,Livingston,17105,Emington,108
IL,Livingston,17105,Strawn,93
IL,Logan,17107,Lincoln,16993
IL,Logan,17107,Atlanta,1600
IL,Logan,17107,Mount Pulaski,1464
IL,Logan,17107,San Jose,594
IL,Logan,17107,Emden,460
IL,Logan,17107,Elkhart,390
IL,Logan,17107,Latham,364
IL,Logan,17107,Hartsburg,307
IL,Logan,17107,Middletown,304
IL,Logan,17107,New Holland,268
IL,Logan,17107,Beason,192
IL,Logan,17107,Broadwell,136
IL,Logan,17107,Cornland,90
IL,Logan,17107,Chestnut,61
IL,Macon,17115,Decatur,87236
IL,Macon,17115,Mount Zion,5795
IL,Macon,17115,Forsyth,3479
IL,Macon,17115,Maroa,1711
IL,Macon,17115,Harristown,1292
IL,Macon,17115,Long Creek,1273
IL,Macon,17115,Warrensburg,1126
IL,Macon,17115,Macon,1112
IL,Macon,17115,Blue Mound,1072
IL,Macon,17115,Argenta,877
IL,Macon,17115,Oreana,811
IL,Macon,17115,Niantic,655
IL,Macon,17115,Boody,363
IL,Macoupin,17117,Staunton,5913
IL,Macoupin,17117,Carlinville,5514
IL,Macoupin,17117,Gillespie,5002
IL,Macoupin,17117,Virden,4148
IL,Macoupin,17117,Brighton,2131
IL,Macoupin,17117,Girard,2000
IL,Macoupin,17117,Mount Olive,1939
IL,Macoupin,17117,Bunker Hill,1687
IL,Macoupin,17117,Benld,1422
IL,Macoupin,17117,Palmyra,659
IL,Macoupin,17117,Shipman,587
IL,Macoupin,17117,Wilsonville,553
IL,Macoupin,17117,Medora,392
IL,Macoupin,17117,Sawyerville,266
IL,Macoupin,17117,Mount Clare,263
IL,Macoupin,17117,East Gillespie,262
IL,Macoupin,17117,White City,230
IL,Macoupin,17117,Nilwood,229
IL,Macoupin,17117,Lake Ka-Ho,221
IL,Macoupin,17117,Royal Lakes,185
IL,Macoupin,17117,Modesto,178
IL,Macoupin,17117,Chesterfield,177
IL,Macoupin,17117,Hettick,171
IL,Macoupin,17117,Standard City,145
IL,Macoupin,17117,Dorchester,138
IL,Macoupin,17117,Eagarville,120
IL,Macoupin,17117,Scottville,110
IL,Madison,17119,Alton,78905
IL,Madison,17119,Granite City,28158
IL,Madison,17119,Edwardsville,25233
IL,Madison,17119,Collinsville,24395
IL,Madison,17119,Godfrey,17400
IL,Madison,17119,Glen Carbon,12850
IL,Madison,17119,Highland,11425
IL,Madison,17119,Troy,10375
IL,Madison,17119,Wood River,10051
IL,Madison,17119,Bethalto,9210
IL,Madison,17119,Maryville,7952
IL,Madison,17119,East Alton,5954
IL,Madison,17119,Pontoon Beach,5641
IL,Madison,17119,Rosewood Heights,4063
IL,Madison,17119,Madison,3758
IL,Madison,17119,Holiday Shores,2930
IL,Madison,17119,South Roxana,1991
IL,Madison,17119,Venice,1858
IL,Madison,17119,Roxana,1434
IL,Madison,17119,Hartford,1341
IL,Madison,17119,St. Jacob,1319
IL,Madison,17119,Mitchell,1247
IL,Madison,17119,Worden,1041
IL,Madison,17119,Marine,922
IL,Madison,17119,Hamel,810
IL,Madison,17119,Livingston,804
IL,Madison,17119,Alhambra,650
IL,Madison,17119,Grantfork,343
IL,Madison,17119,New Douglas,307
IL,Madison,17119,Williamson,215
IL,Marion,17121,Centralia,16204
IL,Marion,17121,Salem,7730
IL,Marion,17121,Sandoval,1214
IL,Marion,17121,Central City,1115
IL,Marion,17121,Odin,1009
IL,Marion,17121,Kinmundy,755
IL,Marion,17121,Patoka,547
IL,Marion,17121,Junction City,466
IL,Marion,17121,Iuka,464
IL,Marion,17121,Alma,303
IL,Marion,17121,Kell,207
IL,Marion,17121,Vernon,118
IL,Marion,17121,Walnut Hill,104
IL,Marshall,17123,Henry,2209
IL,Marshall,17123,Lacon,1739
IL,Marshall,17123,Toluca,1269
IL,Marshall,17123,Wenona,938
IL,Marshall,17123,Hopewell,398
IL,Marshall,17123,Sparland,367
IL,Marshall,17123,Varna,347
IL,Marshall,17123,La Rose,130
IL,Mason,17125,Havana,2987
IL,Mason,17125,Mason City,2119
IL,Mason,17125,Manito,1486
IL,Mason,17125,Bath,308
IL,Mason,17125,Goofy Ridge,293
IL,Mason,17125,Easton,287
IL,Mason,17125,Kilbourne,276
IL,Mason,17125,Forest City,225
IL,Mason,17125,Topeka,70
IL,Massac,17127,Metropolis,6008
IL,Massac,17127,Brookport,826
IL,Massac,17127,Joppa,303
IL,McDonough,17109,Macomb,18006
IL,McDonough,17109,Bushnell,2866
IL,McDonough,17109,Colchester,1288
IL,McDonough,17109,Blandinsville,595
IL,McDonough,17109,Industry,438
IL,McDonough,17109,Good Hope,364
IL,McDonough,17109,Prairie City,351
IL,McDonough,17109,Bardolph,232
IL,McDonough,17109,Adair,205
IL,McDonough,17109,Tennessee,108
IL,McDonough,17109,Sciota,56
IL,McHenry,17111,Crystal Lake,39829
IL,McHenry,17111,Algonquin,30897
IL,McHenry,17111,Lake in the Hills,28634
IL,McHenry,17111,Huntley,27228
IL,McHenry,17111,McHenry,27061
IL,McHenry,17111,Woodstock,25786
IL,McHenry,17111,Cary,18067
IL,McHenry,17111,Harvard,9533
IL,McHenry,17111,Marengo,7517
IL,McHenry,17111,Johnsburg,6368
IL,McHenry,17111,Lakemoor,5967
IL,McHenry,17111,Spring Grove,5706
IL,McHenry,17111,Fox River Grove,4573
IL,McHenry,17111,Wonder Lake,4370
IL,McHenry,17111,Lakewood,4001
IL,McHenry,17111,Pistakee Highlands,3217
IL,McHenry,17111,Oakwood Hills,2028
IL,McHenry,17111,Prairie Grove,1931
IL,McHenry,17111,Richmond,1904
IL,McHenry,17111,Port Barrington,1488
IL,McHenry,17111,Hebron,1183
IL,McHenry,17111,Bull Valley,1084
IL,McHenry,17111,McCullom Lake,1008
IL,McHenry,17111,Ringwood,813
IL,McHenry,17111,Chemung,665
IL,McHenry,17111,Holiday Hills,579
IL,McHenry,17111,Union,553
IL,McHenry,17111,Trout Valley,513
IL,McHenry,17111,Greenwood,226
IL,McLean,17113,Bloomington,133846
IL,McLean,17113,Normal,54469
IL,McLean,17113,Le Roy,3493
IL,McLean,17113,Heyworth,3043
IL,McLean,17113,Downs,2523
IL,McLean,17113,Lexington,2026
IL,McLean,17113,Hudson,1813
IL,McLean,17113,Chenoa,1723
IL,McLean,17113,Twin Grove,1401
IL,McLean,17113,Gridley,1398
IL,McLean,17113,Danvers,1100
IL,McLean,17113,Colfax,1013
IL,McLean,17113,McLean,795
IL,McLean,17113,Saybrook,668
IL,McLean,17113,Stanford,598
IL,McLean,17113,Carlock,557
IL,McLean,17113,Towanda,462
IL,McLean,17113,Bellflower,344
IL,McLean,17113,Arrowsmith,276
IL,McLean,17113,Ellsworth,198
IL,McLean,17113,Cooksville,179
IL,McLean,17113,Anchor,140
IL,Menard,17129,Petersburg,3024
IL,Menard,17129,Athens,1908
IL,Menard,17129,Greenview,724
IL,Menard,17129,Tallula,474
IL,Menard,17129,Lake Petersburg,449
IL,Menard,17129,Oakford,276
IL,Mercer,17131,Aledo,3445
IL,Mercer,17131,Viola,888
IL,Mercer,17131,Matherville,662
IL,Mercer,17131,New Boston,650
IL,Mercer,17131,Sherrard,594
IL,Mercer,17131,Keithsburg,580
IL,Mercer,17131,Joy,382
IL,Mercer,17131,Seaton,202
IL,Mercer,17131,North Henderson,174
IL,Monroe,17133,Waterloo,10578
IL,Monroe,17133,Columbia,10513
IL,Monroe,17133,Valmeyer,1248
IL,Monroe,17133,Hecker,478
IL,Monroe,17133,Maeystown,162
IL,Monroe,17133,Fults,28
IL,Montgomery,17135,Hillsboro,6984
IL,Montgomery,17135,Litchfield,6731
IL,Montgomery,17135,Nokomis,3139
IL,Montgomery,17135,Raymond,942
IL,Montgomery,17135,Witt,843
IL,Montgomery,17135,Farmersville,671
IL,Montgomery,17135,Taylor Springs,659
IL,Montgomery,17135,Coffeen,644
IL,Montgomery,17135,Schram City,550
IL,Montgomery,17135,Irving,462
IL,Montgomery,17135,Fillmore,310
IL,Montgomery,17135,Coalton,286
IL,Montgomery,17135,Waggoner,253
IL,Montgomery,17135,Harvel,211
IL,Montgomery,17135,Donnellson,195
IL,Montgomery,17135,Butler,165
IL,Montgomery,17135,Ohlman,126
IL,Montgomery,17135,Walshville,62
IL,Montgomery,17135,Wenonah,35
IL,Morgan,17137,Jacksonville,21685
IL,Morgan,17137,South Jacksonville,3102
IL,Morgan,17137,Waverly,1194
IL,Morgan,17137,Meredosia,972
IL,Morgan,17137,Franklin,598
IL,Morgan,17137,Murrayville,548
IL,Morgan,17137,Woodson,485
IL,Morgan,17137,Chapin,478
IL,Morgan,17137,Concord,154
IL,Morgan,17137,Lynnville,111
IL,Moultrie,17139,Sullivan,4560
IL,Moultrie,17139,Bethany,1239
IL,Moultrie,17139,Lovington,1026
IL,Moultrie,17139,Dalton City,501
IL,Moultrie,17139,Gays,254
IL,Moultrie,17139,Allenville,141
IL,Ogle,17141,Rochelle,10723
IL,Ogle,17141,Byron,6896
IL,Ogle,17141,Oregon,3555
IL,Ogle,17141,Mount Morris,3222
IL,Ogle,17141,Davis Junction,2598
IL,Ogle,17141,Polo,2171
IL,Ogle,17141,Forreston,1341
IL,Ogle,17141,Hillcrest,1225
IL,Ogle,17141,Stillman Valley,1053
IL,Ogle,17141,Creston,647
IL,Ogle,17141,Lost Nation,639
IL,Ogle,17141,Monroe Center,435
IL,Ogle,17141,Leaf River,406
IL,Ogle,17141,Grand Detour,345
IL,Ogle,17141,Adeline,80
IL,Peoria,17143,Peoria,256286
IL,Peoria,17143,Bartonville,6113
IL,Peoria,17143,Chillicothe,6012
IL,Peoria,17143,Peoria Heights,5779
IL,Peoria,17143,West Peoria,4455
IL,Peoria,17143,Elmwood,2550
IL,Peoria,17143,Bellevue,2049
IL,Peoria,17143,Lake Camelot,1755
IL,Peoria,17143,Princeville,1672
IL,Peoria,17143,Rome,1525
IL,Peoria,17143,Dunlap,1448
IL,Peoria,17143,Hanna City,1192
IL,Peoria,17143,Glasford,957
IL,Peoria,17143,Brimfield,828
IL,Peoria,17143,Norwood,459
IL,Peoria,17143,Kingston Mines,282
IL,Peoria,17143,Mapleton,269
IL,Perry,17145,Du Quoin,6001
IL,Perry,17145,Pinckneyville,5393
IL,Perry,17145,Tamaroa,597
IL,Perry,17145,Willisville,587
IL,Perry,17145,Cutler,413
IL,Perry,17145,St. Johns,208
IL,Piatt,17147,Monticello,5534
IL,Piatt,17147,Bement,1667
IL,Piatt,17147,Cerro Gordo,1347
IL,Piatt,17147,Mansfield,948
IL,Piatt,17147,Hammond,479
IL,Piatt,17147,De Land,425
IL,Piatt,17147,Cisco,242
IL,Piatt,17147,White Heath,154
IL,Piatt,17147,LaPlace,144
IL,Pike,17149,Pittsfield,4254
IL,Pike,17149,Barry,1247
IL,Pike,17149,Griggsville,1150
IL,Pike,17149,Pleasant Hill,925
IL,Pike,17149,Hull,433
IL,Pike,17149,Perry,382
IL,Pike,17149,New Canton,346
IL,Pike,17149,Nebo,328
IL,Pike,17149,Milton,266
IL,Pike,17149,Kinderhook,208
IL,Pike,17149,Baylis,196
IL,Pike,17149,New Salem,134
IL,Pike,17149,Pearl,132
IL,Pike,17149,Detroit,81
IL,Pike,17149,El Dara,76
IL,Pike,17149,Florence,37
IL,Pike,17149,Time,22
IL,Pike,17149,Valley City,13
IL,Pope,17151,Golconda,631
IL,Pope,17151,Eddyville,98
IL,Pulaski,17153,Mounds,684
IL,Pulaski,17153,Mound City,504
IL,Pulaski,17153,Karnak,434
IL,Pulaski,17153,Ullin,400
IL,Pulaski,17153,Olmsted,294
IL,Pulaski,17153,New Grand Chain,182
IL,Pulaski,17153,Pulaski,175
IL,Putnam,17155,Granville,1308
IL,Putnam,17155,Hennepin,705
IL,Putnam,17155,Mark,539
IL,Putnam,17155,McNabb,260
IL,Putnam,17155,Magnolia,248
IL,Putnam,17155,Standard,203
IL,Randolph,17157,Chester,8213
IL,Randolph,17157,Sparta,4273
IL,Randolph,17157,Red Bud,3480
IL,Randolph,17157,Steeleville,3206
IL,Randolph,17157,Percy,919
IL,Randolph,17157,Coulterville,895
IL,Randolph,17157,Tilden,881
IL,Randolph,17157,Evansville,647
IL,Randolph,17157,Prairie du Rocher,558
IL,Randolph,17157,Ellis Grove,348
IL,Randolph,17157,Baldwin,340
IL,Randolph,17157,Ruma,304
IL,Randolph,17157,Rockwood,41
IL,Randolph,17157,Kaskaskia,13
IL,Richland,17159,Olney,8732
IL,Richland,17159,Noble,641
IL,Richland,17159,Parkersburg,200
IL,Richland,17159,Claremont,170
IL,Richland,17159,Calhoun,166
IL,Rock Island,17161,Moline,41356
IL,Rock Island,17161,Rock Island,37176
IL,Rock Island,17161,East Moline,20645
IL,Rock Island,17161,Silvis,7475
IL,Rock Island,17161,Milan,4991
IL,Rock Island,17161,Coal Valley,3723
IL,Rock Island,17161,Carbon Cliff,1957
IL,Rock Island,17161,Hampton,1742
IL,Rock Island,17161,Port Byron,1607
IL,Rock Island,17161,Andalusia,1148
IL,Rock Island,17161,Coyne Center,982
IL,Rock Island,17161,Rapids City,967
IL,Rock Island,17161,Cordova,645
IL,Rock Island,17161,Oak Grove,591
IL,Rock Island,17161,Reynolds,507
IL,Rock Island,17161,Hillsdale,505
IL,Saline,17165,Harrisburg,8933
IL,Saline,17165,Eldorado,4336
IL,Saline,17165,Carrier Mills,1552
IL,Saline,17165,Galatia,880
IL,Saline,17165,Raleigh,329
IL,Saline,17165,Muddy,63
IL,Sangamon,17167,Springfield,158509
IL,Sangamon,17167,Chatham,13008
IL,Sangamon,17167,Sherman,4679
IL,Sangamon,17167,Auburn,4623
IL,Sangamon,17167,Rochester,3709
IL,Sangamon,17167,Riverton,3434
IL,Sangamon,17167,Pawnee,2764
IL,Sangamon,17167,Jerome,1588
IL,Sangamon,17167,Southern View,1570
IL,Sangamon,17167,Williamsville,1485
IL,Sangamon,17167,Leland Grove,1464
IL,Sangamon,17167,Grandview,1383
IL,Sangamon,17167,New Berlin,1333
IL,Sangamon,17167,Divernon,1105
IL,Sangamon,17167,Spaulding,849
IL,Sangamon,17167,Illiopolis,842
IL,Sangamon,17167,Pleasant Plains,791
IL,Sangamon,17167,Loami,750
IL,Sangamon,17167,Mechanicsburg,661
IL,Sangamon,17167,Thayer,655
IL,Sangamon,17167,Dawson,482
IL,Sangamon,17167,Buffalo,480
IL,Sangamon,17167,Clear Lake,220
IL,Sangamon,17167,Curran,207
IL,Sangamon,17167,Berlin,174
IL,Sangamon,17167,Cantrall,133
IL,Schuyler,17169,Rushville,2851
IL,Schuyler,17169,Littleton,160
IL,Schuyler,17169,Browning,123
IL,Schuyler,17169,Camden,78
IL,Scott,17171,Winchester,1467
IL,Scott,17171,Bluffs,659
IL,Scott,17171,Manchester,269
IL,Scott,17171,Alsey,210
IL,Scott,17171,Glasgow,132
IL,Scott,17171,Naples,119
IL,Scott,17171,Exeter,60
IL,Shelby,17173,Shelbyville,4757
IL,Shelby,17173,Moweaqua,1714
IL,Shelby,17173,Windsor,1151
IL,Shelby,17173,Stewardson,721
IL,Shelby,17173,Findlay,638
IL,Shelby,17173,Tower Hill,588
IL,Shelby,17173,Cowden,579
IL,Shelby,17173,Strasburg,439
IL,Shelby,17173,Herrick,431
IL,Shelby,17173,Sigel,355
IL,Shelby,17173,Oconee,172
IL,Shelby,17173,Westervelt,47
IL,St. Clair,17163,Belleville,40897
IL,St. Clair,17163,O'Fallon,29583
IL,St. Clair,17163,East St. Louis,26047
IL,St. Clair,17163,Fairview Heights,16303
IL,St. Clair,17163,Cahokia,13880
IL,St. Clair,17163,Shiloh,13586
IL,St. Clair,17163,Swansea,13350
IL,St. Clair,17163,Mascoutah,7994
IL,St. Clair,17163,Centreville,4897
IL,St. Clair,17163,Freeburg,4242
IL,St. Clair,17163,Lebanon,4238
IL,St. Clair,17163,Caseyville,4110
IL,St. Clair,17163,Dupo,3877
IL,St. Clair,17163,Washington Park,3865
IL,St. Clair,17163,Millstadt,3857
IL,St. Clair,17163,Smithton,3844
IL,St. Clair,17163,Scott AFB,2893
IL,St. Clair,17163,Fairmont City,2453
IL,St. Clair,17163,Alorton,1901
IL,St. Clair,17163,New Athens,1884
IL,St. Clair,17163,Marissa,1806
IL,St. Clair,17163,Brooklyn,698
IL,St. Clair,17163,St. Libory,603
IL,St. Clair,17163,Lenzburg,487
IL,St. Clair,17163,East Carondelet,473
IL,St. Clair,17163,Summerfield,395
IL,St. Clair,17163,Fayetteville,339
IL,St. Clair,17163,Sauget,168
IL,St. Clair,17163,Paderborn,76
IL,St. Clair,17163,Floraville,29
IL,St. Clair,17163,Rentchler,6
IL,Stark,17175,Wyoming,1273
IL,Stark,17175,Toulon,1161
IL,Stark,17175,Bradford,682
IL,Stark,17175,La Fayette,200
IL,Stephenson,17177,Freeport,24092
IL,Stephenson,17177,Lena,2719
IL,Stephenson,17177,Pearl City,783
IL,Stephenson,17177,Orangeville,752
IL,Stephenson,17177,Cedarville,689
IL,Stephenson,17177,Davis,627
IL,Stephenson,17177,Dakota,468
IL,Stephenson,17177,German Valley,425
IL,Stephenson,17177,Winslow,312
IL,Stephenson,17177,Rock City,283
IL,Stephenson,17177,Ridott,151
IL,Tazewell,17179,Pekin,32045
IL,Tazewell,17179,East Peoria,22546
IL,Tazewell,17179,Washington,16516
IL,Tazewell,17179,Morton,16277
IL,Tazewell,17179,Creve Coeur,5169
IL,Tazewell,17179,Mackinaw,3335
IL,Tazewell,17179,Marquette Heights,2645
IL,Tazewell,17179,Tremont,2120
IL,Tazewell,17179,Heritage Lake,1690
IL,Tazewell,17179,Delavan,1616
IL,Tazewell,17179,North Pekin,1545
IL,Tazewell,17179,Minier,1190
IL,Tazewell,17179,South Pekin,1093
IL,Tazewell,17179,Hopedale,825
IL,Tazewell,17179,Deer Creek,663
IL,Tazewell,17179,Green Valley,643
IL,Tazewell,17179,Armington,323
IL,Union,17181,Anna,5610
IL,Union,17181,Jonesboro,1700
IL,Union,17181,Cobden,1064
IL,Union,17181,Dongola,678
IL,Union,17181,Alto Pass,362
IL,Union,17181,Mill Creek,64
IL,Vermilion,17183,Danville,47059
IL,Vermilion,17183,Hoopeston,5009
IL,Vermilion,17183,Georgetown,3185
IL,Vermilion,17183,Westville,2945
IL,Vermilion,17183,Tilton,2686
IL,Vermilion,17183,Catlin,1926
IL,Vermilion,17183,Oakwood,1485
IL,Vermilion,17183,Rossville,1217
IL,Vermilion,17183,Ridge Farm,812
IL,Vermilion,17183,Potomac,690
IL,Vermilion,17183,Fairmount,596
IL,Vermilion,17183,Sidell,563
IL,Vermilion,17183,Bismarck,530
IL,Vermilion,17183,Rankin,513
IL,Vermilion,17183,Fithian,449
IL,Vermilion,17183,Belgium,367
IL,Vermilion,17183,Olivet,355
IL,Vermilion,17183,Indianola,257
IL,Vermilion,17183,Alvan,249
IL,Vermilion,17183,Henning,234
IL,Vermilion,17183,Muncie,138
IL,Wabash,17185,Mount Carmel,7016
IL,Wabash,17185,Allendale,477
IL,Wabash,17185,Bellmont,267
IL,Wabash,17185,Keensburg,201
IL,Warren,17187,Monmouth,9084
IL,Warren,17187,Roseville,898
IL,Warren,17187,Alexis,777
IL,Warren,17187,Kirkwood,675
IL,Warren,17187,Little York,311
IL,Washington,17189,Nashville,3011
IL,Washington,17189,Okawville,1360
IL,Washington,17189,Irvington,613
IL,Washington,17189,Hoyleton,494
IL,Washington,17189,Ashley,490
IL,Washington,17189,Richview,243
IL,Washington,17189,Addieville,238
IL,Washington,17189,Radom,211
IL,Washington,17189,New Minden,206
IL,Washington,17189,Oakdale,200
IL,Washington,17189,Du Bois,189
IL,Washington,17189,Venedy,133
IL,Wayne,17191,Fairfield,4936
IL,Wayne,17191,Wayne City,993
IL,Wayne,17191,Cisne,660
IL,Wayne,17191,Jeffersonville,359
IL,Wayne,17191,Sims,240
IL,Wayne,17191,Mount Erie,83
IL,Wayne,17191,Keenes,80
IL,Wayne,17191,Johnsonville,77
IL,Wayne,17191,Golden Gate,65
IL,White,17193,Carmi,5111
IL,White,17193,Norris City,1151
IL,White,17193,Crossville,689
IL,White,17193,Enfield,552
IL,White,17193,Mill Shoals,197
IL,White,17193,Maunie,130
IL,White,17193,Springerton,102
IL,White,17193,Burnt Prairie,48
IL,White,17193,Phillipstown,41
IL,Whiteside,17195,Sterling,27127
IL,Whiteside,17195,Rock Falls,8740
IL,Whiteside,17195,Morrison,3988
IL,Whiteside,17195,Fulton,3315
IL,Whiteside,17195,Prophetstown,1939
IL,Whiteside,17195,Erie,1499
IL,Whiteside,17195,Albany,863
IL,Whiteside,17195,Tampico,729
IL,Whiteside,17195,Lyndon,610
IL,Whiteside,17195,Como,593
IL,Whiteside,17195,Coleta,152
IL,Whiteside,17195,Deer Grove,45
IL,Will,17197,Joliet,147344
IL,Will,17197,Bolingbrook,74545
IL,Will,17197,Plainfield,44308
IL,Will,17197,Romeoville,39746
IL,Will,17197,New Lenox,26926
IL,Will,17197,Lockport,25615
IL,Will,17197,Homer Glen,24472
IL,Will,17197,Braidwood,22670
IL,Will,17197,Crest Hill,20376
IL,Will,17197,Mokena,20159
IL,Will,17197,Frankfort,19373
IL,Will,17197,Shorewood,17509
IL,Will,17197,Channahon,13239
IL,Will,17197,Frankfort Square,8768
IL,Will,17197,Manhattan,8240
IL,Will,17197,Crete,8023
IL,Will,17197,Wilmington,5653
IL,Will,17197,Monee,5061
IL,Will,17197,Beecher,4427
IL,Will,17197,Peotone,4135
IL,Will,17197,Ingalls Park,3171
IL,Will,17197,Fairmont,2699
IL,Will,17197,Preston Heights,2651
IL,Will,17197,Elwood,2226
IL,Will,17197,Rockdale,1910
IL,Will,17197,Crystal Lawns,1815
IL,Will,17197,Lakewood Shores,1459
IL,Will,17197,Godley,756
IL,Will,17197,Symerton,91
IL,Williamson,17199,Marion,17520
IL,Williamson,17199,Herrin,12687
IL,Williamson,17199,Carterville,5847
IL,Williamson,17199,Johnston City,3464
IL,Williamson,17199,Cambria,1463
IL,Williamson,17199,Crainville,1400
IL,Williamson,17199,Energy,1109
IL,Williamson,17199,Hurst,786
IL,Williamson,17199,Pittsburg,551
IL,Williamson,17199,Creal Springs,527
IL,Williamson,17199,Stonefort,285
IL,Williamson,17199,Freeman Spur,279
IL,Williamson,17199,Bush,267
IL,Williamson,17199,Colp,210
IL,Williamson,17199,Spillertown,196
IL,Williamson,17199,Crab Orchard,155
IL,Williamson,17199,Whiteash,148
IL,Winnebago,17201,Rockford,282762
IL,Winnebago,17201,Loves Park,23371
IL,Winnebago,17201,Machesney Park,22677
IL,Winnebago,17201,Roscoe,10510
IL,Winnebago,17201,South Beloit,7624
IL,Winnebago,17201,Rockton,7441
IL,Winnebago,17201,Winnebago,2991
IL,Winnebago,17201,Cherry Valley,2877
IL,Winnebago,17201,Pecatonica,2078
IL,Winnebago,17201,Lake Summerset,2057
IL,Winnebago,17201,Durand,1394
IL,Winnebago,17201,New Milford,699
IL,Woodford,17203,Eureka,5560
IL,Woodford,17203,Metamora,3713
IL,Woodford,17203,Germantown Hills,3423
IL,Woodford,17203,El Paso,2730
IL,Woodford,17203,Roanoke,1990
IL,Woodford,17203,Minonk,1974
IL,Woodford,17203,Washburn,1082
IL,Woodford,17203,Goodfield,986
IL,Woodford,17203,Congerville,492
IL,Woodford,17203,Spring Bay,462
IL,Woodford,17203,Bay View Gardens,412
IL,Woodford,17203,Benson,409
IL,Woodford,17203,Secor,355
IL,Woodford,17203,Kappa,240
IL,Woodford,17203,Panola,52
IN,Adams,18001,Decatur,10943
IN,Adams,18001,Berne,5830
IN,Adams,18001,Geneva,1359
IN,Adams,18001,Monroe,883
IN,Allen,18003,Fort Wayne,334122
IN,Allen,18003,New Haven,15922
IN,Allen,18003,Huntertown,6824
IN,Allen,18003,Leo-Cedarville,3858
IN,Allen,18003,Woodburn,1639
IN,Allen,18003,Harlan,1622
IN,Allen,18003,Monroeville,1341
IN,Allen,18003,Grabill,1152
IN,Allen,18003,Hoagland,951
IN,Bartholomew,18005,Columbus,59897
IN,Bartholomew,18005,Hope,2228
IN,Bartholomew,18005,Taylorsville,979
IN,Bartholomew,18005,Elizabethtown,538
IN,Bartholomew,18005,Hartsville,400
IN,Bartholomew,18005,Clifford,251
IN,Bartholomew,18005,Jonesville,194
IN,Benton,18007,Fowler,2302
IN,Benton,18007,Otterbein,1265
IN,Benton,18007,Oxford,1149
IN,Benton,18007,Boswell,769
IN,Benton,18007,Earl Park,343
IN,Benton,18007,Ambia,227
IN,Blackford,18009,Hartford City,5660
IN,Blackford,18009,Montpelier,1654
IN,Blackford,18009,Shamrock Lakes,216
IN,Boone,18011,Zionsville,28357
IN,Boone,18011,Lebanon,16065
IN,Boone,18011,Whitestown,9092
IN,Boone,18011,Thorntown,1573
IN,Boone,18011,Jamestown,924
IN,Boone,18011,Advance,514
IN,Boone,18011,Ulen,126
IN,Brown,18013,Cordry Sweetwater Lakes,1131
IN,Brown,18013,Nashville,1098
IN,Carroll,18015,Delphi,3024
IN,Carroll,18015,Flora,2002
IN,Carroll,18015,Camden,619
IN,Carroll,18015,Burlington,604
IN,Carroll,18015,Yeoman,141
IN,Cass,18017,Logansport,20608
IN,Cass,18017,Galveston,1259
IN,Cass,18017,Walton,1015
IN,Cass,18017,Royal Center,834
IN,Cass,18017,Onward,98
IN,Clark,18019,Jeffersonville,48126
IN,Clark,18019,Clarksville,21558
IN,Clark,18019,Sellersburg,8908
IN,Clark,18019,Charlestown,8370
IN,Clark,18019,Henryville,1878
IN,Clark,18019,Borden,936
IN,Clark,18019,Utica,934
IN,Clark,18019,Memphis,891
IN,Clark,18019,New Washington,720
IN,Clay,18021,Brazil,7993
IN,Clay,18021,Clay City,827
IN,Clay,18021,Knightsville,767
IN,Clay,18021,Harmony,641
IN,Clay,18021,Staunton,510
IN,Clay,18021,Carbon,377
IN,Clay,18021,Coalmont,304
IN,Clay,18021,Center Point,231
IN,Clinton,18023,Frankfort,16136
IN,Clinton,18023,Rossville,1545
IN,Clinton,18023,Mulberry,1220
IN,Clinton,18023,Kirklin,772
IN,Clinton,18023,Colfax,679
IN,Clinton,18023,Michigantown,452
IN,Crawford,18025,Milltown,810
IN,Crawford,18025,Marengo,807
IN,Crawford,18025,English,625
IN,Crawford,18025,Leavenworth,233
IN,Crawford,18025,Alton,54
IN,Daviess,18027,Washington,13565
IN,Daviess,18027,Odon,1385
IN,Daviess,18027,Montgomery,759
IN,Daviess,18027,Elnora,676
IN,Daviess,18027,Plainville,498
IN,Daviess,18027,Cannelburg,164
IN,Daviess,18027,Alfordsville,100
IN,DeKalb,18033,Auburn,22994
IN,DeKalb,18033,Garrett,6413
IN,DeKalb,18033,Butler,2718
IN,DeKalb,18033,Waterloo,2259
IN,DeKalb,18033,Ashley,981
IN,DeKalb,18033,St. Joe,473
IN,DeKalb,18033,Corunna,256
IN,DeKalb,18033,Altona,197
IN,Dearborn,18029,Lawrenceburg,12871
IN,Dearborn,18029,Bright,5816
IN,Dearborn,18029,Hidden Valley,5531
IN,Dearborn,18029,Greendale,4341
IN,Dearborn,18029,Aurora,3676
IN,Dearborn,18029,Dillsboro,1410
IN,Dearborn,18029,St. Leon,663
IN,Dearborn,18029,Moores Hill,618
IN,Dearborn,18029,West Harrison,280
IN,Decatur,18031,Greensburg,11960
IN,Decatur,18031,Westport,1424
IN,Decatur,18031,St. Paul,1064
IN,Decatur,18031,Lake Santee,860
IN,Decatur,18031,New Point,341
IN,Decatur,18031,Millhousen,130
IN,Decatur,18031,Clarksburg,46
IN,Delaware,18035,Muncie,87879
IN,Delaware,18035,Yorktown,11111
IN,Delaware,18035,Albany,2148
IN,Delaware,18035,Eaton,1733
IN,Delaware,18035,Daleville,1648
IN,Delaware,18035,Gaston,873
IN,Delaware,18035,Selma,811
IN,Dubois,18037,Jasper,16477
IN,Dubois,18037,Huntingburg,6170
IN,Dubois,18037,Ferdinand,2247
IN,Dubois,18037,Holland,650
IN,Dubois,18037,Birdseye,417
IN,Dubois,18037,Dubois,207
IN,Elkhart,18039,Elkhart,147567
IN,Elkhart,18039,Goshen,34217
IN,Elkhart,18039,Nappanee,7139
IN,Elkhart,18039,Dunlap,6667
IN,Elkhart,18039,Simonton Lake,5362
IN,Elkhart,18039,Middlebury,4292
IN,Elkhart,18039,Wakarusa,1850
IN,Elkhart,18039,Bristol,1692
IN,Elkhart,18039,New Paris,1503
IN,Elkhart,18039,Millersburg,951
IN,Fayette,18041,Connersville,14566
IN,Floyd,18043,New Albany,36843
IN,Floyd,18043,Georgetown,3371
IN,Floyd,18043,Galena,1780
IN,Floyd,18043,Greenville,1051
IN,Fountain,18045,Attica,5187
IN,Fountain,18045,Covington,2500
IN,Fountain,18045,Veedersburg,2047
IN,Fountain,18045,Hillsboro,501
IN,Fountain,18045,Kingman,461
IN,Fountain,18045,Newtown,243
IN,Fountain,18045,Mellott,193
IN,Fountain,18045,Wallace,82
IN,Franklin,18047,Brookville,2529
IN,Franklin,18047,Oldenburg,663
IN,Franklin,18047,Laurel,542
IN,Franklin,18047,New Trenton,283
IN,Franklin,18047,Cedar Grove,152
IN,Franklin,18047,Metamora,151
IN,Franklin,18047,Mount Carmel,68
IN,Fulton,18049,Rochester,7046
IN,Fulton,18049,Akron,1105
IN,Fulton,18049,Kewanna,595
IN,Fulton,18049,Fulton,327
IN,Gibson,18051,Princeton,8733
IN,Gibson,18051,Fort Branch,4370
IN,Gibson,18051,Oakland City,2489
IN,Gibson,18051,Haubstadt,1697
IN,Gibson,18051,Owensville,1347
IN,Gibson,18051,Patoka,772
IN,Gibson,18051,Francisco,554
IN,Gibson,18051,Somerville,289
IN,Gibson,18051,Hazleton,268
IN,Gibson,18051,Mackey,132
IN,Grant,18053,Marion,40588
IN,Grant,18053,Gas City,5772
IN,Grant,18053,Upland,3726
IN,Grant,18053,Fairmount,2768
IN,Grant,18053,Jonesboro,1643
IN,Grant,18053,Sweetser,1104
IN,Grant,18053,Swayzee,911
IN,Grant,18053,Van Buren,812
IN,Grant,18053,Matthews,559
IN,Grant,18053,Fowlerton,253
IN,Grant,18053,Jalapa,212
IN,Grant,18053,Point Isabel,179
IN,Grant,18053,Herbst,143
IN,Grant,18053,Landess,119
IN,Grant,18053,Sims,106
IN,Grant,18053,Mier,41
IN,Greene,18055,Linton,5596
IN,Greene,18055,Bloomfield,2410
IN,Greene,18055,Jasonville,2122
IN,Greene,18055,Worthington,1407
IN,Greene,18055,Lyons,716
IN,Greene,18055,Owensburg,483
IN,Greene,18055,Switz City,289
IN,Greene,18055,Scotland,192
IN,Greene,18055,Newberry,185
IN,Hamilton,18057,Carmel,101068
IN,Hamilton,18057,Fishers,95310
IN,Hamilton,18057,Noblesville,64668
IN,Hamilton,18057,Westfield,43649
IN,Hamilton,18057,Cicero,4953
IN,Hamilton,18057,Sheridan,3139
IN,Hamilton,18057,Arcadia,1662
IN,Hamilton,18057,Atlanta,745
IN,Hancock,18059,Greenfield,23006
IN,Hancock,18059,McCordsville,7479
IN,Hancock,18059,Fortville,4162
IN,Hancock,18059,New Palestine,2559
IN,Hancock,18059,Shirley,888
IN,Hancock,18059,Wilkinson,454
IN,Hancock,18059,Spring Lake,228
IN,Harrison,18061,Corydon,5645
IN,Harrison,18061,Palmyra,956
IN,Harrison,18061,New Salisbury,590
IN,Harrison,18061,Lanesville,565
IN,Harrison,18061,Elizabeth,206
IN,Harrison,18061,Crandall,151
IN,Harrison,18061,New Middletown,87
IN,Harrison,18061,Mauckport,85
IN,Harrison,18061,Laconia,51
IN,Harrison,18061,New Amsterdam,28
IN,Hendricks,18063,Plainfield,35287
IN,Hendricks,18063,Brownsburg,27001
IN,Hendricks,18063,Avon,18706
IN,Hendricks,18063,Danville,10126
IN,Hendricks,18063,Pittsboro,3614
IN,Hendricks,18063,Clayton,1055
IN,Hendricks,18063,Coatesville,564
IN,Hendricks,18063,North Salem,538
IN,Hendricks,18063,Lizton,489
IN,Hendricks,18063,Amo,431
IN,Hendricks,18063,Stilesville,337
IN,Henry,18065,New Castle,21555
IN,Henry,18065,Knightstown,2862
IN,Henry,18065,Middletown,2451
IN,Henry,18065,Spiceland,940
IN,Henry,18065,Kennard,446
IN,Henry,18065,Sulphur Springs,371
IN,Henry,18065,Mooreland,353
IN,Henry,18065,Lewisville,350
IN,Henry,18065,Mount Summit,331
IN,Henry,18065,Straughn,213
IN,Henry,18065,Dunreith,169
IN,Henry,18065,Springport,140
IN,Henry,18065,Greensboro,137
IN,Henry,18065,Cadiz,136
IN,Henry,18065,Blountsville,128
IN,Howard,18067,Kokomo,79351
IN,Howard,18067,Greentown,3164
IN,Howard,18067,Russiaville,1119
IN,Huntington,18069,Huntington,17942
IN,Huntington,18069,Roanoke,1710
IN,Huntington,18069,Warren,1211
IN,Huntington,18069,Andrews,1137
IN,Huntington,18069,Markle,1093
IN,Huntington,18069,Mount Etna,105
IN,Jackson,18071,Seymour,23598
IN,Jackson,18071,Brownstown,3089
IN,Jackson,18071,Crothersville,1546
IN,Jackson,18071,Medora,696
IN,Jackson,18071,Vallonia,388
IN,Jackson,18071,Freetown,337
IN,Jasper,18073,Rensselaer,6029
IN,Jasper,18073,De Motte,5073
IN,Jasper,18073,Remington,1155
IN,Jasper,18073,Wheatfield,873
IN,Jasper,18073,Collegeville,547
IN,Jay,18075,Portland,6002
IN,Jay,18075,Dunkirk,3402
IN,Jay,18075,Redkey,1282
IN,Jay,18075,Pennville,675
IN,Jay,18075,Bryant,245
IN,Jay,18075,Salamonia,160
IN,Jefferson,18077,Madison,18109
IN,Jefferson,18077,Hanover,3502
IN,Jefferson,18077,Dupont,328
IN,Jefferson,18077,Brooksburg,79
IN,Jefferson,18077,Canaan,71
IN,Jefferson,18077,Kent,68
IN,Jefferson,18077,Deputy,47
IN,Jennings,18079,North Vernon,11310
IN,Jennings,18079,Country Squire Lakes,2813
IN,Jennings,18079,Hayden,589
IN,Jennings,18079,Vernon,317
IN,Jennings,18079,Butlerville,181
IN,Jennings,18079,Scipio,158
IN,Johnson,18081,Greenwood,59458
IN,Johnson,18081,Franklin,25608
IN,Johnson,18081,Bargersville,8076
IN,Johnson,18081,New Whiteland,6241
IN,Johnson,18081,Edinburgh,4590
IN,Johnson,18081,Whiteland,4532
IN,Johnson,18081,Prince's Lakes,1345
IN,Johnson,18081,Trafalgar,1345
IN,Knox,18083,Vincennes,19498
IN,Knox,18083,Bicknell,3134
IN,Knox,18083,Freelandville,800
IN,Knox,18083,Oaktown,595
IN,Knox,18083,Monroe City,528
IN,Knox,18083,Bruceville,475
IN,Knox,18083,Wheatland,470
IN,Knox,18083,Sandborn,404
IN,Knox,18083,Edwardsport,297
IN,Knox,18083,Ragsdale,265
IN,Knox,18083,Decker,247
IN,Knox,18083,Emison,118
IN,Knox,18083,Westphalia,71
IN,Kosciusko,18085,Warsaw,33708
IN,Kosciusko,18085,Syracuse,7085
IN,Kosciusko,18085,Winona Lake,4902
IN,Kosciusko,18085,North Webster,3732
IN,Kosciusko,18085,Milford,1565
IN,Kosciusko,18085,Pierceton,1021
IN,Kosciusko,18085,Mentone,968
IN,Kosciusko,18085,Silver Lake,923
IN,Kosciusko,18085,Etna Green,589
IN,Kosciusko,18085,Leesburg,552
IN,Kosciusko,18085,Claypool,434
IN,Kosciusko,18085,Burket,195
IN,Kosciusko,18085,Sidney,81
IN,LaGrange,18087,Lagrange,3277
IN,LaGrange,18087,Topeka,1225
IN,LaGrange,18087,Shipshewana,721
IN,LaGrange,18087,Howe,270
IN,LaPorte,18091,Michigan City,65058
IN,LaPorte,18091,La Porte,21569
IN,LaPorte,18091,Westville,5943
IN,LaPorte,18091,Trail Creek,1992
IN,LaPorte,18091,Hudson Lake,1638
IN,LaPorte,18091,Fish Lake,1605
IN,LaPorte,18091,Kingsford Heights,1386
IN,LaPorte,18091,Long Beach,1158
IN,LaPorte,18091,Wanatah,1004
IN,LaPorte,18091,La Crosse,515
IN,LaPorte,18091,Rolling Prairie,463
IN,LaPorte,18091,Michiana Shores,297
IN,LaPorte,18091,Hanna,295
IN,LaPorte,18091,Kingsbury,239
IN,LaPorte,18091,Pottawattamie Park,224
IN,Lake,18089,Hammond,75522
IN,Lake,18089,Gary,74879
IN,Lake,18089,Merrillville,34792
IN,Lake,18089,Crown Point,30488
IN,Lake,18089,Schererville,28527
IN,Lake,18089,Hobart,27939
IN,Lake,18089,East Chicago,27817
IN,Lake,18089,Munster,22476
IN,Lake,18089,Highland,22316
IN,Lake,18089,St. John,18796
IN,Lake,18089,Griffith,16060
IN,Lake,18089,Dyer,15976
IN,Lake,18089,Cedar Lake,13183
IN,Lake,18089,Lake Station,11845
IN,Lake,18089,Lowell,10541
IN,Lake,18089,Lakes of the Four Seasons,6809
IN,Lake,18089,Winfield,5987
IN,Lake,18089,Whiting,4765
IN,Lake,18089,New Chicago,1940
IN,Lake,18089,Lake Dalecarlia,1811
IN,Lake,18089,Shelby,397
IN,Lake,18089,Schneider,260
IN,Lawrence,18093,Bedford,14752
IN,Lawrence,18093,Mitchell,4249
IN,Lawrence,18093,Oolitic,1134
IN,Lawrence,18093,Avoca,816
IN,Lawrence,18093,Williams,235
IN,Madison,18095,Anderson,85992
IN,Madison,18095,Elwood,9180
IN,Madison,18095,Alexandria,4968
IN,Madison,18095,Pendleton,4371
IN,Madison,18095,Chesterfield,2477
IN,Madison,18095,Ingalls,2424
IN,Madison,18095,Lapel,2398
IN,Madison,18095,Edgewood,1858
IN,Madison,18095,Frankton,1836
IN,Madison,18095,Summitville,983
IN,Madison,18095,Markleville,513
IN,Madison,18095,Orestes,404
IN,Madison,18095,Country Club Heights,78
IN,Madison,18095,Woodlawn Heights,76
IN,Madison,18095,River Forest,22
IN,Marion,18097,Indianapolis,1588961
IN,Marion,18097,Lawrence,49462
IN,Marion,18097,Beech Grove,14937
IN,Marion,18097,Speedway,12193
IN,Marion,18097,Cumberland,6017
IN,Marion,18097,Southport,1770
IN,Marion,18097,Meridian Hills,1715
IN,Marion,18097,Warren Park,1572
IN,Marion,18097,Clermont,1463
IN,Marion,18097,Homecroft,763
IN,Marion,18097,Rocky Ripple,652
IN,Marion,18097,Williams Creek,427
IN,Marion,18097,Wynnedale,248
IN,Marion,18097,Spring Hill,106
IN,Marion,18097,Crows Nest,75
IN,Marion,18097,North Crows Nest,47
IN,Marshall,18099,Plymouth,12433
IN,Marshall,18099,Bremen,4546
IN,Marshall,18099,Bourbon,1754
IN,Marshall,18099,Argos,1626
IN,Marshall,18099,Culver,1461
IN,Marshall,18099,La Paz,549
IN,Martin,18101,Loogootee,2917
IN,Martin,18101,Shoals,789
IN,Martin,18101,Crane,179
IN,Martin,18101,Burns City,90
IN,Martin,18101,Dover Hill,26
IN,Miami,18103,Peru,12642
IN,Miami,18103,Grissom AFB,2453
IN,Miami,18103,Converse,1222
IN,Miami,18103,Mexico,978
IN,Miami,18103,Bunker Hill,851
IN,Miami,18103,Denver,467
IN,Miami,18103,Amboy,358
IN,Miami,18103,Macy,199
IN,Monroe,18105,Bloomington,115884
IN,Monroe,18105,Ellettsville,6747
IN,Monroe,18105,Smithville-Sanders,3424
IN,Monroe,18105,Harrodsburg,686
IN,Monroe,18105,Stinesville,218
IN,Montgomery,18107,Crawfordsville,18242
IN,Montgomery,18107,Lake Holiday,1323
IN,Montgomery,18107,Ladoga,997
IN,Montgomery,18107,Waynetown,962
IN,Montgomery,18107,Darlington,862
IN,Montgomery,18107,Linden,767
IN,Montgomery,18107,New Market,623
IN,Montgomery,18107,Waveland,418
IN,Montgomery,18107,New Ross,343
IN,Montgomery,18107,New Richmond,333
IN,Montgomery,18107,Wingate,266
IN,Montgomery,18107,Alamo,64
IN,Morgan,18109,Martinsville,13097
IN,Morgan,18109,Mooresville,9788
IN,Morgan,18109,Brooklyn,1597
IN,Morgan,18109,Monrovia,1504
IN,Morgan,18109,Morgantown,984
IN,Morgan,18109,Paragon,678
IN,Morgan,18109,Painted Hills,532
IN,Morgan,18109,Bethany,89
IN,Newton,18111,Roselawn,3954
IN,Newton,18111,Kentland,1668
IN,Newton,18111,Morocco,1094
IN,Newton,18111,Goodland,990
IN,Newton,18111,Brook,955
IN,Newton,18111,Lake Village,773
IN,Newton,18111,Mount Ayr,117
IN,Noble,18113,Kendallville,10432
IN,Noble,18113,Ligonier,4760
IN,Noble,18113,Avilla,2454
IN,Noble,18113,Albion,2373
IN,Noble,18113,Rome City,1397
IN,Noble,18113,Wolcottville,1044
IN,Noble,18113,Kimmell,574
IN,Noble,18113,Cromwell,509
IN,Ohio,18115,Rising Sun,2139
IN,Orange,18117,Paoli,3627
IN,Orange,18117,Orleans,2125
IN,Orange,18117,French Lick,1777
IN,Orange,18117,West Baden Springs,561
IN,Owen,18119,Spencer,2256
IN,Owen,18119,Gosport,797
IN,Parke,18121,Rockville,4124
IN,Parke,18121,Montezuma,986
IN,Parke,18121,Rosedale,706
IN,Parke,18121,Bloomingdale,329
IN,Parke,18121,Mecca,326
IN,Parke,18121,Marshall,317
IN,Perry,18123,Tell City,9529
IN,Perry,18123,Cannelton,1481
IN,Perry,18123,Troy,398
IN,Pike,18125,Petersburg,2317
IN,Pike,18125,Winslow,828
IN,Pike,18125,Otwell,390
IN,Pike,18125,Spurgeon,204
IN,Porter,18127,Portage,36988
IN,Porter,18127,Valparaiso,33897
IN,Porter,18127,Chesterton,14088
IN,Porter,18127,South Haven,5092
IN,Porter,18127,Porter,4834
IN,Porter,18127,Hebron,3670
IN,Porter,18127,Shorewood Forest,2825
IN,Porter,18127,Salt Creek Commons,2126
IN,Porter,18127,Kouts,1958
IN,Porter,18127,Burns Harbor,1828
IN,Porter,18127,Aberdeen,1591
IN,Porter,18127,Ogden Dunes,1088
IN,Porter,18127,Town of Pines,691
IN,Porter,18127,Beverly Shores,599
IN,Porter,18127,Wheeler,313
IN,Porter,18127,Dune Acres,182
IN,Posey,18129,Mount Vernon,6816
IN,Posey,18129,Poseyville,1036
IN,Posey,18129,New Harmony,753
IN,Posey,18129,Parkers Settlement,537
IN,Posey,18129,Cynthiana,536
IN,Posey,18129,Griffin,169
IN,Pulaski,18131,Winamac,2351
IN,Pulaski,18131,Francesville,797
IN,Pulaski,18131,Medaryville,565
IN,Pulaski,18131,Monterey,201
IN,Pulaski,18131,Star City,171
IN,Putnam,18133,Greencastle,10567
IN,Putnam,18133,Heritage Lake,2782
IN,Putnam,18133,Cloverdale,2145
IN,Putnam,18133,Roachdale,877
IN,Putnam,18133,Bainbridge,746
IN,Putnam,18133,Van Bibber Lake,679
IN,Putnam,18133,Fillmore,533
IN,Putnam,18133,Russellville,356
IN,Randolph,18135,Union City,5223
IN,Randolph,18135,Winchester,4705
IN,Randolph,18135,Parker City,1344
IN,Randolph,18135,Farmland,1251
IN,Randolph,18135,Lynn,1027
IN,Randolph,18135,Ridgeville,747
IN,Randolph,18135,Saratoga,236
IN,Randolph,18135,Losantville,224
IN,Randolph,18135,Modoc,181
IN,Ripley,18137,Batesville,7930
IN,Ripley,18137,Versailles,2083
IN,Ripley,18137,Milan,1848
IN,Ripley,18137,Osgood,1585
IN,Ripley,18137,Sunman,1033
IN,Ripley,18137,Holton,450
IN,Ripley,18137,Napoleon,227
IN,Rush,18139,Rushville,6383
IN,Rush,18139,Carthage,889
IN,Rush,18139,Milroy,511
IN,Rush,18139,Manilla,401
IN,Rush,18139,Arlington,312
IN,Rush,18139,Glenwood,236
IN,Scott,18143,Scottsburg,11408
IN,Scott,18143,Austin,4118
IN,Shelby,18145,Shelbyville,21028
IN,Shelby,18145,Morristown,1340
IN,Shelby,18145,Waldron,647
IN,Shelby,18145,Fairland,579
IN,Spencer,18147,Santa Claus,2411
IN,Spencer,18147,Rockport,2144
IN,Spencer,18147,Dale,1491
IN,Spencer,18147,Hatfield,838
IN,Spencer,18147,Grandview,719
IN,Spencer,18147,St. Meinrad,658
IN,Spencer,18147,Chrisney,472
IN,Spencer,18147,Richland,391
IN,Spencer,18147,Gentryville,265
IN,St. Joseph,18141,South Bend,280498
IN,St. Joseph,18141,Mishawaka,50363
IN,St. Joseph,18141,Granger,30776
IN,St. Joseph,18141,Notre Dame,6646
IN,St. Joseph,18141,New Carlisle,4122
IN,St. Joseph,18141,Walkerton,3192
IN,St. Joseph,18141,Osceola,2484
IN,St. Joseph,18141,North Liberty,1915
IN,St. Joseph,18141,Lakeville,798
IN,St. Joseph,18141,Roseland,636
IN,St. Joseph,18141,Indian Village,135
IN,Starke,18149,Knox,3545
IN,Starke,18149,North Judson,1712
IN,Starke,18149,Bass Lake,1510
IN,Starke,18149,Koontz Lake,1445
IN,Starke,18149,Hamlet,761
IN,Starke,18149,San Pierre,86
IN,Steuben,18151,Angola,11352
IN,Steuben,18151,Fremont,2190
IN,Steuben,18151,Hamilton,1580
IN,Steuben,18151,Hudson,516
IN,Steuben,18151,Orland,424
IN,Steuben,18151,Clear Lake,344
IN,Sullivan,18153,Sullivan,4351
IN,Sullivan,18153,Shelburn,1217
IN,Sullivan,18153,Farmersburg,1070
IN,Sullivan,18153,Dugger,872
IN,Sullivan,18153,Hymera,761
IN,Sullivan,18153,Carlisle,658
IN,Sullivan,18153,Merom,218
IN,Switzerland,18155,Vevay,1648
IN,Switzerland,18155,East Enterprise,219
IN,Switzerland,18155,Patriot,209
IN,Switzerland,18155,Florence,29
IN,Tippecanoe,18157,Lafayette,157820
IN,Tippecanoe,18157,West Lafayette,50996
IN,Tippecanoe,18157,Battle Ground,1975
IN,Tippecanoe,18157,Shadeland,1916
IN,Tippecanoe,18157,Dayton,1668
IN,Tippecanoe,18157,Clarks Hill,727
IN,Tippecanoe,18157,West Point,465
IN,Tippecanoe,18157,Stockwell,435
IN,Tippecanoe,18157,Montmorenci,348
IN,Tippecanoe,18157,Americus,292
IN,Tippecanoe,18157,Colburn,287
IN,Tippecanoe,18157,Buck Creek,162
IN,Tipton,18159,Tipton,6348
IN,Tipton,18159,Windfall City,782
IN,Tipton,18159,Sharpsville,567
IN,Tipton,18159,Kempton,309
IN,Union,18161,Liberty,1986
IN,Union,18161,West College Corner,626
IN,Vanderburgh,18163,Evansville,230427
IN,Vanderburgh,18163,Melody Hill,3761
IN,Vanderburgh,18163,Darmstadt,1432
IN,Vermillion,18165,Clinton,6152
IN,Vermillion,18165,Fairview Park,1312
IN,Vermillion,18165,Cayuga,1104
IN,Vermillion,18165,Dana,570
IN,Vermillion,18165,Newport,482
IN,Vermillion,18165,St. Bernice,463
IN,Vermillion,18165,Perrysville,433
IN,Vermillion,18165,Universal,344
IN,Vermillion,18165,Blanford,226
IN,Vigo,18167,Terre Haute,92490
IN,Vigo,18167,North Terre Haute,4339
IN,Vigo,18167,West Terre Haute,2208
IN,Vigo,18167,Seelyville,1010
IN,Vigo,18167,St. Mary of the Woods,868
IN,Vigo,18167,Tecumseh,799
IN,Vigo,18167,Fontanet,455
IN,Vigo,18167,New Goshen,434
IN,Vigo,18167,Riley,216
IN,Vigo,18167,Toad Hop,216
IN,Vigo,18167,Shepardsville,130
IN,Vigo,18167,Dresser,38
IN,Wabash,18169,Wabash,9941
IN,Wabash,18169,North Manchester,5747
IN,Wabash,18169,La Fontaine,828
IN,Wabash,18169,Laketon,454
IN,Wabash,18169,Roann,451
IN,Wabash,18169,Somerset,420
IN,Wabash,18169,Lagro,391
IN,Warren,18171,Williamsport,1852
IN,Warren,18171,West Lebanon,692
IN,Warren,18171,Pine Village,202
IN,Warren,18171,State Line City,139
IN,Warrick,18173,Boonville,6238
IN,Warrick,18173,Chandler,3318
IN,Warrick,18173,Newburgh,3252
IN,Warrick,18173,Lynnville,960
IN,Warrick,18173,Elberfeld,656
IN,Warrick,18173,Tennyson,300
IN,Washington,18175,Salem,6422
IN,Washington,18175,New Pekin,1390
IN,Washington,18175,Campbellsburg,579
IN,Washington,18175,Hardinsburg,239
IN,Washington,18175,Little York,190
IN,Washington,18175,Fredericksburg,168
IN,Washington,18175,Livonia,123
IN,Washington,18175,Saltillo,91
IN,Wayne,18177,Richmond,42373
IN,Wayne,18177,Cambridge City,3560
IN,Wayne,18177,Centerville,2579
IN,Wayne,18177,Hagerstown,1673
IN,Wayne,18177,Fountain City,756
IN,Wayne,18177,Dublin,747
IN,Wayne,18177,Milton,446
IN,Wayne,18177,Greens Fork,387
IN,Wayne,18177,East Germantown,351
IN,Wayne,18177,Spring Grove,322
IN,Wayne,18177,Economy,175
IN,Wayne,18177,Boston,130
IN,Wayne,18177,Mount Auburn,104
IN,Wayne,18177,Whitewater,70
IN,Wells,18179,Bluffton,10202
IN,Wells,18179,Ossian,3816
IN,Wells,18179,Zanesville,621
IN,Wells,18179,Uniondale,315
IN,Wells,18179,Poneto,193
IN,Wells,18179,Vera Cruz,86
IN,White,18181,Monticello,8416
IN,White,18181,Monon,1745
IN,White,18181,Brookston,1533
IN,White,18181,Wolcott,969
IN,White,18181,Buffalo,698
IN,White,18181,Reynolds,528
IN,White,18181,Chalmers,493
IN,White,18181,Idaville,397
IN,White,18181,Norway,355
IN,White,18181,Burnettsville,339
IN,Whitley,18183,Columbia City,9735
IN,Whitley,18183,Churubusco,1979
IN,Whitley,18183,Tri-Lakes,1750
IN,Whitley,18183,South Whitley,1741
IN,Whitley,18183,Larwill,284
KS,Allen,20001,Iola,5288
KS,Allen,20001,Humboldt,1769
KS,Allen,20001,La Harpe,530
KS,Allen,20001,Moran,510
KS,Allen,20001,Gas,501
KS,Allen,20001,Savonburg,103
KS,Allen,20001,Elsmore,67
KS,Allen,20001,Mildred,23
KS,Allen,20001,Bassett,21
KS,Anderson,20003,Garnett,3235
KS,Anderson,20003,Colony,414
KS,Anderson,20003,Greeley,296
KS,Anderson,20003,Westphalia,162
KS,Anderson,20003,Kincaid,116
KS,Anderson,20003,Welda,61
KS,Anderson,20003,Lone Elm,23
KS,Anderson,20003,Harris,8
KS,Atchison,20005,Atchison,10613
KS,Atchison,20005,Effingham,522
KS,Atchison,20005,Lancaster,283
KS,Atchison,20005,Muscotah,167
KS,Atchison,20005,Huron,73
KS,Barber,20007,Medicine Lodge,1835
KS,Barber,20007,Kiowa,931
KS,Barber,20007,Hardtner,158
KS,Barber,20007,Sharon,144
KS,Barber,20007,Hazelton,86
KS,Barber,20007,Isabel,81
KS,Barber,20007,Sun City,48
KS,Barton,20009,Great Bend,15144
KS,Barton,20009,Hoisington,2472
KS,Barton,20009,Ellinwood,1943
KS,Barton,20009,Claflin,601
KS,Barton,20009,Pawnee Rock,231
KS,Barton,20009,Albert,164
KS,Barton,20009,Odin,124
KS,Barton,20009,Olmitz,105
KS,Barton,20009,Galatia,36
KS,Barton,20009,Susank,31
KS,Bourbon,20011,Fort Scott,7697
KS,Bourbon,20011,Bronson,305
KS,Bourbon,20011,Uniontown,264
KS,Bourbon,20011,Fulton,155
KS,Bourbon,20011,Redfield,143
KS,Bourbon,20011,Mapleton,81
KS,Brown,20013,Hiawatha,3118
KS,Brown,20013,Horton,1685
KS,Brown,20013,Everest,274
KS,Brown,20013,Fairview,248
KS,Brown,20013,Morrill,227
KS,Brown,20013,Robinson,225
KS,Brown,20013,Kickapoo Tribal Center,158
KS,Brown,20013,Reserve,81
KS,Brown,20013,Powhattan,72
KS,Brown,20013,Kickapoo Site 2,70
KS,Brown,20013,Kickapoo Site 1,68
KS,Brown,20013,Kickapoo Site 5,44
KS,Brown,20013,Kickapoo Site 7,43
KS,Brown,20013,Willis,38
KS,Brown,20013,Hamlin,36
KS,Brown,20013,Kickapoo Site 6,35
KS,Butler,20015,El Dorado,14648
KS,Butler,20015,Andover,13405
KS,Butler,20015,Augusta,9422
KS,Butler,20015,Rose Hill,3968
KS,Butler,20015,Douglass,1658
KS,Butler,20015,Towanda,1454
KS,Butler,20015,Benton,871
KS,Butler,20015,Leon,733
KS,Butler,20015,Whitewater,721
KS,Butler,20015,Potwin,437
KS,Butler,20015,Elbing,226
KS,Butler,20015,Latham,138
KS,Butler,20015,Cassoday,123
KS,Butler,20015,Rosalia,108
KS,Chase,20017,Cottonwood Falls,862
KS,Chase,20017,Strong City,455
KS,Chase,20017,Elmdale,52
KS,Chase,20017,Matfield Green,43
KS,Chase,20017,Cedar Point,27
KS,Chautauqua,20019,Sedan,998
KS,Chautauqua,20019,Cedar Vale,508
KS,Chautauqua,20019,Peru,124
KS,Chautauqua,20019,Chautauqua,91
KS,Chautauqua,20019,Elgin,79
KS,Chautauqua,20019,Niotaze,73
KS,Cherokee,20021,Baxter Springs,4741
KS,Cherokee,20021,Columbus,3052
KS,Cherokee,20021,Galena,2858
KS,Cherokee,20021,Riverton,741
KS,Cherokee,20021,Weir,636
KS,Cherokee,20021,Scammon,444
KS,Cherokee,20021,Lowell,349
KS,Cherokee,20021,West Mineral,171
KS,Cherokee,20021,Roseland,67
KS,Cheyenne,20023,St. Francis,1292
KS,Cheyenne,20023,Bird City,432
KS,Clark,20025,Ashland,775
KS,Clark,20025,Minneola,679
KS,Clark,20025,Englewood,69
KS,Clay,20027,Clay Center,3983
KS,Clay,20027,Wakefield,920
KS,Clay,20027,Morganville,190
KS,Clay,20027,Green,121
KS,Clay,20027,Longford,72
KS,Clay,20027,Vining,42
KS,Clay,20027,Oak Hill,23
KS,Cloud,20029,Concordia,4987
KS,Cloud,20029,Clyde,658
KS,Cloud,20029,Miltonvale,487
KS,Cloud,20029,Glasco,455
KS,Cloud,20029,Jamestown,263
KS,Cloud,20029,Aurora,56
KS,Coffey,20031,Burlington,2543
KS,Coffey,20031,Lebo,887
KS,Coffey,20031,Waverly,545
KS,Coffey,20031,LeRoy,538
KS,Coffey,20031,New Strawn,380
KS,Coffey,20031,Gridley,324
KS,Comanche,20033,Coldwater,736
KS,Comanche,20033,Protection,463
KS,Comanche,20033,Wilmore,48
KS,Cowley,20035,Arkansas City,12242
KS,Cowley,20035,Winfield,11943
KS,Cowley,20035,Udall,707
KS,Cowley,20035,Burden,526
KS,Cowley,20035,Parkerfield,415
KS,Cowley,20035,Dexter,274
KS,Cowley,20035,Atlanta,181
KS,Cowley,20035,Cambridge,82
KS,Crawford,20037,Pittsburg,22711
KS,Crawford,20037,Frontenac,3388
KS,Crawford,20037,Girard,2671
KS,Crawford,20037,Arma,1420
KS,Crawford,20037,Cherokee,708
KS,Crawford,20037,Franklin,590
KS,Crawford,20037,Chicopee,565
KS,Crawford,20037,Mulberry,521
KS,Crawford,20037,McCune,412
KS,Crawford,20037,Arcadia,309
KS,Crawford,20037,Walnut,227
KS,Crawford,20037,Hepler,131
KS,Decatur,20039,Oberlin,1700
KS,Decatur,20039,Norcatur,144
KS,Decatur,20039,Jennings,92
KS,Decatur,20039,Dresden,40
KS,Dickinson,20041,Abilene,6390
KS,Dickinson,20041,Herington,2268
KS,Dickinson,20041,Chapman,1340
KS,Dickinson,20041,Solomon,1000
KS,Dickinson,20041,Enterprise,784
KS,Dickinson,20041,Hope,329
KS,Dickinson,20041,Detroit,178
KS,Dickinson,20041,Woodbine,165
KS,Dickinson,20041,Talmage,112
KS,Dickinson,20041,Manchester,96
KS,Dickinson,20041,Carlton,40
KS,Doniphan,20043,Wathena,1294
KS,Doniphan,20043,Elwood,1192
KS,Doniphan,20043,Highland,995
KS,Doniphan,20043,Troy,960
KS,Doniphan,20043,White Cloud,168
KS,Doniphan,20043,Denton,141
KS,Doniphan,20043,Bendena,134
KS,Doniphan,20043,Severance,90
KS,Doniphan,20043,Leona,50
KS,Douglas,20045,Lawrence,98648
KS,Douglas,20045,Eudora,6415
KS,Douglas,20045,Baldwin City,4700
KS,Douglas,20045,Lecompton,654
KS,Edwards,20047,Kinsley,1353
KS,Edwards,20047,Lewis,416
KS,Edwards,20047,Offerle,183
KS,Edwards,20047,Belpre,82
KS,Elk,20049,Howard,606
KS,Elk,20049,Moline,323
KS,Elk,20049,Longton,308
KS,Elk,20049,Grenola,188
KS,Elk,20049,Elk Falls,93
KS,Ellis,20051,Hays,21421
KS,Ellis,20051,Ellis,2011
KS,Ellis,20051,Victoria,1212
KS,Ellis,20051,Schoenchen,205
KS,Ellis,20051,Munjor,193
KS,Ellis,20051,Catharine,130
KS,Ellsworth,20053,Ellsworth,2961
KS,Ellsworth,20053,Wilson,724
KS,Ellsworth,20053,Kanopolis,452
KS,Ellsworth,20053,Holyrood,415
KS,Ellsworth,20053,Lorraine,127
KS,Finney,20055,Garden City,29659
KS,Finney,20055,Holcomb,2073
KS,Ford,20057,Dodge City,27104
KS,Ford,20057,Spearville,784
KS,Ford,20057,Bucklin,771
KS,Ford,20057,Wilroads Gardens,446
KS,Ford,20057,Ford,216
KS,Ford,20057,Fort Dodge,168
KS,Ford,20057,Wright,97
KS,Franklin,20059,Ottawa,12254
KS,Franklin,20059,Wellsville,1781
KS,Franklin,20059,Pomona,820
KS,Franklin,20059,Richmond,456
KS,Franklin,20059,Williamsburg,391
KS,Franklin,20059,Princeton,269
KS,Franklin,20059,Lane,225
KS,Franklin,20059,Rantoul,186
KS,Geary,20061,Junction City,35677
KS,Geary,20061,Grandview Plaza,1528
KS,Geary,20061,Milford,511
KS,Gove,20063,Quinter,1057
KS,Gove,20063,Grainfield,244
KS,Gove,20063,Grinnell,230
KS,Gove,20063,Park,113
KS,Gove,20063,Gove City,70
KS,Graham,20065,Hill City,1410
KS,Graham,20065,Morland,146
KS,Graham,20065,Bogue,136
KS,Grant,20067,Ulysses,5711
KS,Gray,20069,Cimarron,2201
KS,Gray,20069,Montezuma,964
KS,Gray,20069,Copeland,297
KS,Gray,20069,Ingalls,289
KS,Gray,20069,Ensign,183
KS,Greeley,20071,Tribune,745
KS,Greeley,20071,Horace,66
KS,Greenwood,20073,Eureka,2346
KS,Greenwood,20073,Madison,618
KS,Greenwood,20073,Hamilton,242
KS,Greenwood,20073,Severy,231
KS,Greenwood,20073,Fall River,145
KS,Greenwood,20073,Climax,65
KS,Greenwood,20073,Virgil,63
KS,Hamilton,20075,Syracuse,1706
KS,Hamilton,20075,Coolidge,90
KS,Harper,20077,Anthony,2070
KS,Harper,20077,Harper,1317
KS,Harper,20077,Attica,557
KS,Harper,20077,Bluff City,59
KS,Harper,20077,Danville,34
KS,Harper,20077,Waldron,10
KS,Harper,20077,Freeport,4
KS,Harvey,20079,Newton,20361
KS,Harvey,20079,Hesston,3742
KS,Harvey,20079,Halstead,2041
KS,Harvey,20079,North Newton,1762
KS,Harvey,20079,Sedgwick,1658
KS,Harvey,20079,Burrton,860
KS,Harvey,20079,Walton,233
KS,Haskell,20081,Sublette,1339
KS,Haskell,20081,Satanta,1130
KS,Hodgeman,20083,Jetmore,813
KS,Hodgeman,20083,Hanston,201
KS,Jackson,20085,Holton,3208
KS,Jackson,20085,Hoyt,630
KS,Jackson,20085,Mayetta,346
KS,Jackson,20085,Whiting,183
KS,Jackson,20085,Denison,177
KS,Jackson,20085,Delia,176
KS,Jackson,20085,Circleville,161
KS,Jackson,20085,Netawaka,137
KS,Jackson,20085,Soldier,132
KS,Jefferson,20087,Valley Falls,1153
KS,Jefferson,20087,Oskaloosa,1057
KS,Jefferson,20087,Perry,910
KS,Jefferson,20087,McLouth,849
KS,Jefferson,20087,Meriden,780
KS,Jefferson,20087,Ozawkie,620
KS,Jefferson,20087,Nortonville,610
KS,Jefferson,20087,Winchester,526
KS,Jefferson,20087,Grantville,201
KS,Jewell,20089,Mankato,816
KS,Jewell,20089,Jewell,402
KS,Jewell,20089,Burr Oak,161
KS,Jewell,20089,Esbon,92
KS,Jewell,20089,Formoso,86
KS,Jewell,20089,Randall,62
KS,Jewell,20089,Webber,24
KS,Johnson,20091,Overland Park,195494
KS,Johnson,20091,Olathe,140545
KS,Johnson,20091,Shawnee,65807
KS,Johnson,20091,Lenexa,55625
KS,Johnson,20091,Leawood,34727
KS,Johnson,20091,Prairie Village,22295
KS,Johnson,20091,Gardner,22031
KS,Johnson,20091,Merriam,11081
KS,Johnson,20091,Mission,9911
KS,Johnson,20091,Spring Hill,7345
KS,Johnson,20091,Roeland Park,6688
KS,Johnson,20091,De Soto,6512
KS,Johnson,20091,Fairway,3960
KS,Johnson,20091,Mission Hills,3547
KS,Johnson,20091,Edgerton,1784
KS,Johnson,20091,Westwood,1641
KS,Johnson,20091,Lake Quivira,933
KS,Johnson,20091,Westwood Hills,391
KS,Johnson,20091,Mission Woods,193
KS,Kearny,20093,Lakin,2141
KS,Kearny,20093,Deerfield,690
KS,Kingman,20095,Kingman,2842
KS,Kingman,20095,Norwich,440
KS,Kingman,20095,Cunningham,438
KS,Kingman,20095,Zenda,78
KS,Kingman,20095,Spivey,78
KS,Kingman,20095,Nashville,57
KS,Kingman,20095,Penalosa,17
KS,Kiowa,20097,Greensburg,778
KS,Kiowa,20097,Haviland,672
KS,Kiowa,20097,Mullinville,241
KS,Labette,20099,Parsons,9477
KS,Labette,20099,Oswego,1680
KS,Labette,20099,Altamont,1019
KS,Labette,20099,Chetopa,1018
KS,Labette,20099,Edna,402
KS,Labette,20099,Mound Valley,372
KS,Labette,20099,Bartlett,73
KS,Labette,20099,Labette,66
KS,Lane,20101,Dighton,902
KS,Lane,20101,Healy,223
KS,Leavenworth,20103,Leavenworth,46192
KS,Leavenworth,20103,Lansing,11949
KS,Leavenworth,20103,Basehor,6496
KS,Leavenworth,20103,Tonganoxie,5583
KS,Leavenworth,20103,Linwood,419
KS,Leavenworth,20103,Easton,258
KS,Lincoln,20105,Lincoln Center,1181
KS,Lincoln,20105,Sylvan Grove,266
KS,Lincoln,20105,Beverly,147
KS,Lincoln,20105,Barnard,63
KS,Linn,20107,Pleasanton,1162
KS,Linn,20107,La Cygne,1119
KS,Linn,20107,Linn Valley,868
KS,Linn,20107,Mound City,678
KS,Linn,20107,Blue Mound,270
KS,Linn,20107,Prescott,268
KS,Linn,20107,Parker,266
KS,Logan,20109,Oakley,2075
KS,Logan,20109,Winona,159
KS,Logan,20109,Russell Springs,24
KS,Lyon,20111,Emporia,24598
KS,Lyon,20111,Americus,879
KS,Lyon,20111,Olpe,535
KS,Lyon,20111,Hartford,371
KS,Lyon,20111,Neosho Rapids,262
KS,Lyon,20111,Reading,227
KS,Lyon,20111,Allen,172
KS,Lyon,20111,Admire,152
KS,Lyon,20111,Bushong,33
KS,Marion,20115,Hillsboro,2816
KS,Marion,20115,Marion,1775
KS,Marion,20115,Peabody,1101
KS,Marion,20115,Goessel,501
KS,Marion,20115,Florence,435
KS,Marion,20115,Burns,209
KS,Marion,20115,Lincolnville,193
KS,Marion,20115,Ramona,177
KS,Marion,20115,Lehigh,169
KS,Marion,20115,Durham,109
KS,Marion,20115,Tampa,102
KS,Marion,20115,Lost Springs,67
KS,Marshall,20117,Marysville,3269
KS,Marshall,20117,Blue Rapids,961
KS,Marshall,20117,Frankfort,695
KS,Marshall,20117,Waterville,636
KS,Marshall,20117,Axtell,403
KS,Marshall,20117,Beattie,189
KS,Marshall,20117,Summerfield,147
KS,Marshall,20117,Home,128
KS,Marshall,20117,Vermillion,102
KS,Marshall,20117,Oketo,63
KS,McPherson,20113,McPherson,13061
KS,McPherson,20113,Lindsborg,3290
KS,McPherson,20113,Moundridge,1869
KS,McPherson,20113,Inman,1334
KS,McPherson,20113,Galva,876
KS,McPherson,20113,Canton,695
KS,McPherson,20113,Marquette,599
KS,McPherson,20113,Windom,124
KS,McPherson,20113,Roxbury,16
KS,Meade,20119,Meade,1523
KS,Meade,20119,Plains,1021
KS,Meade,20119,Fowler,517
KS,Miami,20121,Paola,5719
KS,Miami,20121,Louisburg,4562
KS,Miami,20121,Osawatomie,4284
KS,Miami,20121,Bucyrus,322
KS,Miami,20121,Hillsdale,311
KS,Miami,20121,Fontana,239
KS,Mitchell,20123,Beloit,3625
KS,Mitchell,20123,Cawker City,433
KS,Mitchell,20123,Glen Elder,423
KS,Mitchell,20123,Tipton,193
KS,Mitchell,20123,Simpson,79
KS,Mitchell,20123,Hunter,54
KS,Mitchell,20123,Scottsville,23
KS,Montgomery,20125,Coffeyville,9827
KS,Montgomery,20125,Independence,8931
KS,Montgomery,20125,Cherryvale,2138
KS,Montgomery,20125,Caney,1968
KS,Montgomery,20125,Dearing,379
KS,Montgomery,20125,Elk City,292
KS,Montgomery,20125,Tyro,197
KS,Montgomery,20125,Liberty,111
KS,Montgomery,20125,Havana,105
KS,Morris,20127,Council Grove,2121
KS,Morris,20127,White City,581
KS,Morris,20127,Dwight,259
KS,Morris,20127,Wilsey,143
KS,Morris,20127,Parkerville,61
KS,Morris,20127,Dunlap,28
KS,Morris,20127,Latimer,19
KS,Morton,20129,Elkhart,1758
KS,Morton,20129,Rolla,356
KS,Morton,20129,Richfield,36
KS,Nemaha,20131,Sabetha,2583
KS,Nemaha,20131,Seneca,2075
KS,Nemaha,20131,Centralia,525
KS,Nemaha,20131,Wetmore,366
KS,Nemaha,20131,Baileyville,201
KS,Nemaha,20131,Bern,164
KS,Nemaha,20131,Corning,164
KS,Nemaha,20131,Goff,118
KS,Nemaha,20131,Oneida,72
KS,Neosho,20133,Chanute,9042
KS,Neosho,20133,Erie,1087
KS,Neosho,20133,St. Paul,597
KS,Neosho,20133,Thayer,470
KS,Neosho,20133,Galesburg,119
KS,Neosho,20133,Stark,67
KS,Neosho,20133,Earlton,52
KS,Ness,20135,Ness City,1303
KS,Ness,20135,Bazine,292
KS,Ness,20135,Ransom,260
KS,Ness,20135,Utica,141
KS,Ness,20135,Brownell,26
KS,Norton,20137,Norton,2722
KS,Norton,20137,Almena,378
KS,Norton,20137,Lenora,230
KS,Norton,20137,Clayton,55
KS,Norton,20137,Edmond,46
KS,Osage,20139,Osage City,2809
KS,Osage,20139,Carbondale,1369
KS,Osage,20139,Overbrook,1023
KS,Osage,20139,Lyndon,1021
KS,Osage,20139,Burlingame,901
KS,Osage,20139,Vassar,799
KS,Osage,20139,Scranton,682
KS,Osage,20139,Quenemo,377
KS,Osage,20139,Melvern,374
KS,Osage,20139,Olivet,67
KS,Osborne,20141,Osborne,1272
KS,Osborne,20141,Downs,814
KS,Osborne,20141,Natoma,295
KS,Osborne,20141,Alton,91
KS,Osborne,20141,Portis,91
KS,Ottawa,20143,Minneapolis,1900
KS,Ottawa,20143,Bennington,612
KS,Ottawa,20143,Delphos,330
KS,Ottawa,20143,Tescott,291
KS,Ottawa,20143,Ada,160
KS,Ottawa,20143,Culver,114
KS,Pawnee,20145,Larned,4313
KS,Pawnee,20145,Burdett,221
KS,Pawnee,20145,Garfield,169
KS,Pawnee,20145,Rozel,140
KS,Phillips,20147,Phillipsburg,2471
KS,Phillips,20147,Logan,534
KS,Phillips,20147,Agra,241
KS,Phillips,20147,Kirwin,156
KS,Phillips,20147,Long Island,121
KS,Phillips,20147,Prairie View,119
KS,Phillips,20147,Glade,90
KS,Phillips,20147,Speed,34
KS,Pottawatomie,20149,Wamego,4782
KS,Pottawatomie,20149,St. Marys,2699
KS,Pottawatomie,20149,St. George,998
KS,Pottawatomie,20149,Westmoreland,742
KS,Pottawatomie,20149,Onaga,682
KS,Pottawatomie,20149,Louisville,225
KS,Pottawatomie,20149,Olsburg,218
KS,Pottawatomie,20149,Belvue,200
KS,Pottawatomie,20149,Emmett,186
KS,Pottawatomie,20149,Havensville,155
KS,Pottawatomie,20149,Wheaton,113
KS,Pratt,20151,Pratt,6496
KS,Pratt,20151,Iuka,156
KS,Pratt,20151,Preston,146
KS,Pratt,20151,Sawyer,131
KS,Pratt,20151,Cullison,97
KS,Pratt,20151,Coats,76
KS,Pratt,20151,Byers,33
KS,Rawlins,20153,Atwood,1217
KS,Rawlins,20153,McDonald,157
KS,Rawlins,20153,Herndon,130
KS,Reno,20155,Hutchinson,42531
KS,Reno,20155,South Hutchinson,2488
KS,Reno,20155,Buhler,1278
KS,Reno,20155,Haven,1188
KS,Reno,20155,Nickerson,998
KS,Reno,20155,Pretty Prairie,649
KS,Reno,20155,Arlington,449
KS,Reno,20155,Turon,371
KS,Reno,20155,The Highlands,314
KS,Reno,20155,Partridge,240
KS,Reno,20155,Sylvia,205
KS,Reno,20155,Yoder,179
KS,Reno,20155,Plevna,98
KS,Reno,20155,Abbyville,85
KS,Reno,20155,Willowbrook,85
KS,Reno,20155,Langdon,41
KS,Republic,20157,Belleville,1879
KS,Republic,20157,Scandia,342
KS,Republic,20157,Courtland,264
KS,Republic,20157,Cuba,144
KS,Republic,20157,Republic,107
KS,Republic,20157,Munden,93
KS,Republic,20157,Narka,86
KS,Republic,20157,Agenda,66
KS,Rice,20159,Lyons,3504
KS,Rice,20159,Sterling,2209
KS,Rice,20159,Little River,522
KS,Rice,20159,Chase,438
KS,Rice,20159,Geneseo,257
KS,Rice,20159,Bushton,255
KS,Rice,20159,Alden,142
KS,Rice,20159,Raymond,76
KS,Rice,20159,Frederick,19
KS,Riley,20161,Manhattan,57046
KS,Riley,20161,Fort Riley,6368
KS,Riley,20161,Ogden,1958
KS,Riley,20161,Riley,952
KS,Riley,20161,Leonardville,431
KS,Riley,20161,Randolph,156
KS,Rooks,20163,Plainville,1804
KS,Rooks,20163,Stockton,1257
KS,Rooks,20163,Palco,267
KS,Rooks,20163,Woodston,129
KS,Rooks,20163,Damar,125
KS,Rooks,20163,Zurich,93
KS,Rush,20165,La Crosse,1232
KS,Rush,20165,Otis,260
KS,Rush,20165,Bison,233
KS,Rush,20165,McCracken,176
KS,Rush,20165,Rush Center,157
KS,Rush,20165,Liebenthal,94
KS,Rush,20165,Timken,65
KS,Rush,20165,Alexander,59
KS,Russell,20167,Russell,4423
KS,Russell,20167,Lucas,391
KS,Russell,20167,Gorham,337
KS,Russell,20167,Luray,184
KS,Russell,20167,Dorrance,179
KS,Russell,20167,Bunker Hill,94
KS,Russell,20167,Paradise,48
KS,Russell,20167,Waldo,30
KS,Saline,20169,Salina,46550
KS,Saline,20169,Assaria,408
KS,Saline,20169,Gypsum,391
KS,Saline,20169,Brookville,253
KS,Saline,20169,Smolan,204
KS,Saline,20169,New Cambria,126
KS,Saline,20169,Falun,84
KS,Scott,20171,Scott City,3748
KS,Sedgwick,20173,Wichita,482249
KS,Sedgwick,20173,Derby,24943
KS,Sedgwick,20173,Haysville,11338
KS,Sedgwick,20173,Bel Aire,8300
KS,Sedgwick,20173,Park City,7764
KS,Sedgwick,20173,Valley Center,7325
KS,Sedgwick,20173,Maize,4934
KS,Sedgwick,20173,Goddard,4796
KS,Sedgwick,20173,Oaklawn-Sunview,3441
KS,Sedgwick,20173,Clearwater,2552
KS,Sedgwick,20173,Cheney,2167
KS,Sedgwick,20173,Kechi,2005
KS,Sedgwick,20173,McConnell AFB,1532
KS,Sedgwick,20173,Colwich,1467
KS,Sedgwick,20173,Andale,987
KS,Sedgwick,20173,Garden Plain,909
KS,Sedgwick,20173,Mount Hope,801
KS,Sedgwick,20173,Eastborough,732
KS,Sedgwick,20173,Bentley,517
KS,Sedgwick,20173,Viola,128
KS,Seward,20175,Liberal,19174
KS,Seward,20175,Kismet,435
KS,Shawnee,20177,Topeka,147458
KS,Shawnee,20177,Silver Lake,1406
KS,Shawnee,20177,Auburn,1211
KS,Shawnee,20177,Rossville,1124
KS,Shawnee,20177,Wakarusa,226
KS,Shawnee,20177,Willard,90
KS,Sheridan,20179,Hoxie,1193
KS,Sheridan,20179,Selden,211
KS,Sherman,20181,Goodland,4469
KS,Sherman,20181,Kanorado,154
KS,Smith,20183,Smith Center,1570
KS,Smith,20183,Kensington,437
KS,Smith,20183,Lebanon,198
KS,Smith,20183,Gaylord,105
KS,Smith,20183,Athol,41
KS,Smith,20183,Cedar,13
KS,Stafford,20185,St. John,1176
KS,Stafford,20185,Stafford,949
KS,Stafford,20185,Macksville,530
KS,Stafford,20185,Hudson,124
KS,Stafford,20185,Seward,62
KS,Stafford,20185,Radium,24
KS,Stanton,20187,Johnson City,1343
KS,Stanton,20187,Manter,154
KS,Stevens,20189,Hugoton,3776
KS,Stevens,20189,Moscow,299
KS,Sumner,20191,Wellington,7662
KS,Sumner,20191,Mulvane,6489
KS,Sumner,20191,Belle Plaine,1556
KS,Sumner,20191,Conway Springs,1218
KS,Sumner,20191,Oxford,999
KS,Sumner,20191,Caldwell,987
KS,Sumner,20191,Argonia,471
KS,Sumner,20191,South Haven,346
KS,Sumner,20191,Milton,184
KS,Sumner,20191,Geuda Springs,176
KS,Sumner,20191,Mayfield,107
KS,Sumner,20191,Milan,78
KS,Sumner,20191,Hunnewell,64
KS,Thomas,20193,Colby,5445
KS,Thomas,20193,Brewster,292
KS,Thomas,20193,Rexford,225
KS,Thomas,20193,Gem,85
KS,Thomas,20193,Menlo,59
KS,Thomas,20193,Levant,11
KS,Trego,20195,WaKeeney,1764
KS,Trego,20195,Collyer,100
KS,Wabaunsee,20197,Alma,780
KS,Wabaunsee,20197,Maple Hill,606
KS,Wabaunsee,20197,Eskridge,505
KS,Wabaunsee,20197,Alta Vista,424
KS,Wabaunsee,20197,Harveyville,248
KS,Wabaunsee,20197,McFarland,248
KS,Wabaunsee,20197,Paxico,215
KS,Wallace,20199,Sharon Springs,760
KS,Wallace,20199,Weskan,138
KS,Wallace,20199,Wallace,60
KS,Washington,20201,Washington,1060
KS,Washington,20201,Hanover,648
KS,Washington,20201,Clifton,505
KS,Washington,20201,Linn,382
KS,Washington,20201,Greenleaf,305
KS,Washington,20201,Barnes,152
KS,Washington,20201,Morrowville,147
KS,Washington,20201,Palmer,104
KS,Washington,20201,Haddam,96
KS,Washington,20201,Mahaska,76
KS,Washington,20201,Hollenberg,20
KS,Wichita,20203,Leoti,1448
KS,Wichita,20203,Marienthal,52
KS,Wilson,20205,Neodesha,2338
KS,Wilson,20205,Fredonia,2225
KS,Wilson,20205,Altoona,379
KS,Wilson,20205,Buffalo,209
KS,Wilson,20205,Benedict,66
KS,Wilson,20205,New Albany,51
KS,Wilson,20205,Coyville,42
KS,Woodson,20207,Yates Center,1321
KS,Woodson,20207,Toronto,263
KS,Woodson,20207,Neosho Falls,137
KS,Woodson,20207,Piqua,81
KS,Wyandotte,20209,Kansas City,152960
KS,Wyandotte,20209,Bonner Springs,7906
KS,Wyandotte,20209,Edwardsville,4495
KY,Adair,21001,Columbia,4734
KY,Allen,21003,Scottsville,4568
KY,Anderson,21005,Lawrenceburg,13666
KY,Ballard,21007,La Center,959
KY,Ballard,21007,Wickliffe,649
KY,Ballard,21007,Barlow,644
KY,Ballard,21007,Kevil,584
KY,Ballard,21007,Bandana,376
KY,Ballard,21007,Blandville,87
KY,Ballard,21007,Lovelaceville,19
KY,Barren,21009,Glasgow,14485
KY,Barren,21009,Cave City,2426
KY,Barren,21009,Park City,559
KY,Barren,21009,Hiseville,204
KY,Bath,21011,Owingsville,1573
KY,Bath,21011,Sharpsburg,338
KY,Bath,21011,Salt Lick,327
KY,Bell,21013,Middlesborough,13475
KY,Bell,21013,Pineville,1730
KY,Bell,21013,Arjay,440
KY,Boone,21015,Florence,33004
KY,Boone,21015,Burlington,17401
KY,Boone,21015,Francisville,9387
KY,Boone,21015,Oakbrook,9023
KY,Boone,21015,Hebron,6461
KY,Boone,21015,Union,6034
KY,Boone,21015,Walton,4058
KY,Boone,21015,Verona,1414
KY,Boone,21015,Petersburg,579
KY,Boone,21015,Belleview,336
KY,Boone,21015,Rabbit Hash,233
KY,Bourbon,21017,Paris,12485
KY,Bourbon,21017,Millersburg,780
KY,Bourbon,21017,North Middletown,646
KY,Boyd,21019,Ashland,20146
KY,Boyd,21019,Westwood,4706
KY,Boyd,21019,Catlettsburg,1747
KY,Boyd,21019,Ironville,984
KY,Boyd,21019,Cannonsburg,639
KY,Boyle,21021,Danville,19529
KY,Boyle,21021,Junction City,2306
KY,Boyle,21021,Perryville,749
KY,Bracken,21023,Augusta,1148
KY,Bracken,21023,Brooksville,631
KY,Bracken,21023,Germantown,149
KY,Breathitt,21025,Jackson,2230
KY,Breckinridge,21027,Hardinsburg,2338
KY,Breckinridge,21027,Irvington,1189
KY,Breckinridge,21027,Cloverport,1152
KY,Bullitt,21029,Mount Washington,14817
KY,Bullitt,21029,Shepherdsville,12442
KY,Bullitt,21029,Hillview,9225
KY,Bullitt,21029,Pioneer Village,2941
KY,Bullitt,21029,Brooks,2481
KY,Bullitt,21029,Lebanon Junction,1962
KY,Bullitt,21029,Hebron Estates,1177
KY,Bullitt,21029,Fox Chase,487
KY,Bullitt,21029,Hunters Hollow,358
KY,Butler,21031,Morgantown,2431
KY,Butler,21031,Rochester,151
KY,Butler,21031,Woodbury,90
KY,Caldwell,21033,Princeton,6115
KY,Caldwell,21033,Fredonia,396
KY,Calloway,21035,Murray,20776
KY,Calloway,21035,Hazel,403
KY,Calloway,21035,Dexter,289
KY,Campbell,21037,Fort Thomas,16263
KY,Campbell,21037,Newport,14932
KY,Campbell,21037,Alexandria,9715
KY,Campbell,21037,Highland Heights,7065
KY,Campbell,21037,Cold Spring,6571
KY,Campbell,21037,Bellevue,5721
KY,Campbell,21037,Dayton,5609
KY,Campbell,21037,Southgate,4013
KY,Campbell,21037,Wilder,3056
KY,Campbell,21037,Claryville,2432
KY,Campbell,21037,Silver Grove,1186
KY,Campbell,21037,Crestview,494
KY,Campbell,21037,Melbourne,482
KY,Campbell,21037,Woodlawn,238
KY,Campbell,21037,Mentor,223
KY,Campbell,21037,California,98
KY,Carlisle,21039,Bardwell,673
KY,Carlisle,21039,Arlington,301
KY,Carlisle,21039,Cunningham,247
KY,Carroll,21041,Carrollton,4958
KY,Carroll,21041,Ghent,305
KY,Carroll,21041,Sanders,235
KY,Carroll,21041,Worthville,186
KY,Carroll,21041,Prestonville,159
KY,Carter,21043,Grayson,5277
KY,Carter,21043,Olive Hill,1556
KY,Casey,21045,Liberty,2130
KY,Christian,21047,Hopkinsville,31569
KY,Christian,21047,Fort Campbell North,13735
KY,Christian,21047,Oak Grove,7320
KY,Christian,21047,Pembroke,889
KY,Christian,21047,Crofton,707
KY,Christian,21047,Fairview,253
KY,Christian,21047,LaFayette,160
KY,Christian,21047,Gracey,71
KY,Clark,21049,Winchester,26083
KY,Clay,21051,Manchester,4787
KY,Clay,21051,Oneida,427
KY,Clinton,21053,Albany,2002
KY,Crittenden,21055,Marion,2841
KY,Crittenden,21055,Crayne,266
KY,Crittenden,21055,Tolu,42
KY,Cumberland,21057,Burkesville,1464
KY,Cumberland,21057,Marrowbone,103
KY,Daviess,21059,Owensboro,74068
KY,Daviess,21059,Masonville,1381
KY,Daviess,21059,Whitesville,555
KY,Daviess,21059,Utica,512
KY,Daviess,21059,Maceo,407
KY,Edmonson,21061,Brownsville,826
KY,Elliott,21063,Sandy Hook,609
KY,Estill,21065,Irvine,2964
KY,Estill,21065,Ravenna,559
KY,Fayette,21067,Lexington,323152
KY,Fleming,21069,Flemingsburg,2949
KY,Fleming,21069,Ewing,245
KY,Fleming,21069,Elizaville,142
KY,Floyd,21071,Prestonsburg,6473
KY,Floyd,21071,Auxier,1045
KY,Floyd,21071,McDowell,656
KY,Floyd,21071,Martin,554
KY,Floyd,21071,Wheelwright,503
KY,Floyd,21071,Wayland,381
KY,Floyd,21071,Betsy Layne,345
KY,Floyd,21071,Allen,172
KY,Floyd,21071,Dwale,107
KY,Floyd,21071,Maytown,92
KY,Franklin,21073,Frankfort,38852
KY,Fulton,21075,Fulton,3762
KY,Fulton,21075,Hickman,2108
KY,Fulton,21075,Cayce,90
KY,Gallatin,21077,Warsaw,1703
KY,Gallatin,21077,Glencoe,366
KY,Gallatin,21077,Sparta,277
KY,Garrard,21079,Lancaster,4201
KY,Grant,21081,Williamstown,4473
KY,Grant,21081,Crittenden,4288
KY,Grant,21081,Dry Ridge,2205
KY,Grant,21081,Corinth,226
KY,Graves,21083,Mayfield,11121
KY,Graves,21083,Wingo,631
KY,Graves,21083,Fancy Farm,588
KY,Graves,21083,Symsonia,522
KY,Graves,21083,Sedalia,433
KY,Graves,21083,Hickory,277
KY,Graves,21083,Pryorsburg,272
KY,Graves,21083,Water Valley,187
KY,Graves,21083,Farmington,153
KY,Graves,21083,Lowes,78
KY,Grayson,21085,Leitchfield,6962
KY,Grayson,21085,Clarkson,886
KY,Grayson,21085,Caneyville,607
KY,Grayson,21085,Big Clifty,343
KY,Green,21087,Greensburg,2066
KY,Green,21087,Summersville,457
KY,Greenup,21089,Flatwoods,7079
KY,Greenup,21089,Russell,3231
KY,Greenup,21089,Raceland,2355
KY,Greenup,21089,Worthington,1505
KY,Greenup,21089,Greenup,1113
KY,Greenup,21089,South Shore,1057
KY,Greenup,21089,Wurtland,1026
KY,Greenup,21089,Bellefonte,822
KY,Hancock,21091,Lewisport,1690
KY,Hancock,21091,Hawesville,990
KY,Hardin,21093,Elizabethtown,78002
KY,Hardin,21093,Radcliff,22914
KY,Hardin,21093,Fort Knox,8695
KY,Hardin,21093,Vine Grove,6439
KY,Hardin,21093,Rineyville,3565
KY,Hardin,21093,West Point,876
KY,Hardin,21093,Upton,698
KY,Hardin,21093,Cecilia,618
KY,Hardin,21093,Sonora,520
KY,Harlan,21095,Harlan,6089
KY,Harlan,21095,Cumberland,3203
KY,Harlan,21095,Evarts,2209
KY,Harlan,21095,South Wallins,849
KY,Harlan,21095,Lynch,644
KY,Harlan,21095,Loyall,601
KY,Harlan,21095,Cawood,501
KY,Harlan,21095,Kenvir,472
KY,Harlan,21095,Pathfork,464
KY,Harlan,21095,Benham,425
KY,Harlan,21095,Ages,367
KY,Harlan,21095,Wallins Creek,343
KY,Harlan,21095,Coldiron,232
KY,Harlan,21095,Coxton,165
KY,Harrison,21097,Cynthiana,6356
KY,Harrison,21097,Berry,260
KY,Hart,21099,Horse Cave,4460
KY,Hart,21099,Munfordville,1659
KY,Hart,21099,Hardyville,362
KY,Hart,21099,Bonnieville,264
KY,Henderson,21101,Henderson,28207
KY,Henderson,21101,Corydon,692
KY,Henderson,21101,Robards,502
KY,Henderson,21101,Spottsville,442
KY,Henderson,21101,Anthoston,278
KY,Henry,21103,Eminence,2581
KY,Henry,21103,New Castle,939
KY,Henry,21103,Campbellsburg,789
KY,Henry,21103,Smithfield,114
KY,Hickman,21105,Clinton,1251
KY,Hickman,21105,Columbus,153
KY,Hopkins,21107,Madisonville,23580
KY,Hopkins,21107,Dawson Springs,2631
KY,Hopkins,21107,Earlington,1332
KY,Hopkins,21107,Nortonville,1150
KY,Hopkins,21107,White Plains,897
KY,Hopkins,21107,Mortons Gap,826
KY,Hopkins,21107,Hanson,710
KY,Hopkins,21107,Manitou,434
KY,Hopkins,21107,St. Charles,269
KY,Hopkins,21107,Nebo,226
KY,Jackson,21109,Annville,893
KY,Jackson,21109,McKee,779
KY,Jefferson,21111,Louisville,1005654
KY,Jefferson,21111,Jeffersontown,27715
KY,Jefferson,21111,St. Matthews,18105
KY,Jefferson,21111,Shively,15689
KY,Jefferson,21111,Lyndon,11423
KY,Jefferson,21111,Middletown,7877
KY,Jefferson,21111,Douglass Hills,5707
KY,Jefferson,21111,Prospect,4905
KY,Jefferson,21111,Hurstbourne,4388
KY,Jefferson,21111,Indian Hills,2968
KY,Jefferson,21111,Graymoor-Devondale,2948
KY,Jefferson,21111,Windy Hills,2459
KY,Jefferson,21111,Anchorage,2423
KY,Jefferson,21111,Hurstbourne Acres,1890
KY,Jefferson,21111,Worthington Hills,1550
KY,Jefferson,21111,St. Regis Park,1497
KY,Jefferson,21111,Audubon Park,1489
KY,Jefferson,21111,Beechwood Village,1350
KY,Jefferson,21111,West Buechel,1272
KY,Jefferson,21111,Barbourmeade,1250
KY,Jefferson,21111,Coldstream,1161
KY,Jefferson,21111,Heritage Creek,1133
KY,Jefferson,21111,Northfield,1051
KY,Jefferson,21111,Watterson Park,1020
KY,Jefferson,21111,Rolling Hills,989
KY,Jefferson,21111,Woodlawn Park,967
KY,Jefferson,21111,Lynnview,933
KY,Jefferson,21111,Langdon Place,915
KY,Jefferson,21111,Bellemeade,886
KY,Jefferson,21111,Plantation,854
KY,Jefferson,21111,Fincastle,844
KY,Jefferson,21111,Hollow Creek,806
KY,Jefferson,21111,Blue Ridge Manor,777
KY,Jefferson,21111,Meadow Vale,759
KY,Jefferson,21111,Green Spring,747
KY,Jefferson,21111,Woodland Hills,738
KY,Jefferson,21111,Seneca Gardens,709
KY,Jefferson,21111,Spring Valley,683
KY,Jefferson,21111,Brownsboro Farm,672
KY,Jefferson,21111,Rolling Fields,661
KY,Jefferson,21111,Strathmoor Village,660
KY,Jefferson,21111,Parkway Village,660
KY,Jefferson,21111,Murray Hill,605
KY,Jefferson,21111,Wellington,574
KY,Jefferson,21111,Hollyvilla,555
KY,Jefferson,21111,Glenview,543
KY,Jefferson,21111,Bancroft,512
KY,Jefferson,21111,Houston Acres,504
KY,Jefferson,21111,Riverwood,466
KY,Jefferson,21111,Forest Hills,458
KY,Jefferson,21111,Norbourne Estates,449
KY,Jefferson,21111,Moorland,445
KY,Jefferson,21111,Briarwood,445
KY,Jefferson,21111,Poplar Hills,423
KY,Jefferson,21111,Richlawn,412
KY,Jefferson,21111,Kingsley,390
KY,Jefferson,21111,Norwood,382
KY,Jefferson,21111,Old Brownsboro Place,366
KY,Jefferson,21111,Strathmoor Manor,341
KY,Jefferson,21111,Glenview Hills,330
KY,Jefferson,21111,Bellewood,327
KY,Jefferson,21111,Brownsboro Village,326
KY,Jefferson,21111,Creekside,320
KY,Jefferson,21111,Druid Hills,313
KY,Jefferson,21111,Goose Creek,303
KY,Jefferson,21111,Spring Mill,296
KY,Jefferson,21111,Broeck Pointe,282
KY,Jefferson,21111,Wildwood,269
KY,Jefferson,21111,Manor Creek,233
KY,Jefferson,21111,Crossgate,230
KY,Jefferson,21111,Glenview Manor,196
KY,Jefferson,21111,Thornhill,187
KY,Jefferson,21111,Maryhill Estates,184
KY,Jefferson,21111,Cambridge,180
KY,Jefferson,21111,Meadowview Estates,167
KY,Jefferson,21111,Sycamore,165
KY,Jefferson,21111,Mockingbird Valley,164
KY,Jefferson,21111,Lincolnshire,150
KY,Jefferson,21111,Hills and Dales,146
KY,Jefferson,21111,Meadowbrook Farm,142
KY,Jefferson,21111,Hickory Hill,118
KY,Jefferson,21111,Ten Broeck,105
KY,Jefferson,21111,South Park View,7
KY,Jessamine,21113,Nicholasville,30912
KY,Jessamine,21113,Wilmore,9616
KY,Jessamine,21113,High Bridge,263
KY,Jessamine,21113,Keene,88
KY,Johnson,21115,Paintsville,6952
KY,Kenton,21117,Covington,40341
KY,Kenton,21117,Independence,28521
KY,Kenton,21117,Erlanger,19246
KY,Kenton,21117,Edgewood,8759
KY,Kenton,21117,Elsmere,8595
KY,Kenton,21117,Fort Mitchell,8241
KY,Kenton,21117,Villa Hills,7461
KY,Kenton,21117,Taylor Mill,6802
KY,Kenton,21117,Fort Wright,5745
KY,Kenton,21117,Ludlow,4504
KY,Kenton,21117,Crescent Springs,4058
KY,Kenton,21117,Crestview Hills,3343
KY,Kenton,21117,Park Hills,2984
KY,Kenton,21117,Lakeside Park,2762
KY,Kenton,21117,Ryland Heights,1077
KY,Kenton,21117,Bromley,797
KY,Kenton,21117,Kenton Vale,108
KY,Knott,21119,Hindman,678
KY,Knott,21119,Pippa Passes,659
KY,Knox,21121,Barbourville,6036
KY,Knox,21121,Flat Lick,1072
KY,Knox,21121,Artemus,615
KY,Larue,21123,Hodgenville,3459
KY,Larue,21123,Magnolia,616
KY,Larue,21123,Buffalo,334
KY,Laurel,21125,London,37714
KY,Laurel,21125,North Corbin,2035
KY,Laurel,21125,East Bernstadt,906
KY,Lawrence,21127,Louisa,4012
KY,Lawrence,21127,Blaine,46
KY,Lee,21129,Beattyville,1221
KY,Leslie,21131,Hyden,332
KY,Letcher,21133,Jenkins,1929
KY,Letcher,21133,Whitesburg,1843
KY,Letcher,21133,McRoberts,898
KY,Letcher,21133,Fleming-Neon,677
KY,Letcher,21133,Mayking,488
KY,Letcher,21133,Payne Gap,282
KY,Letcher,21133,Millstone,172
KY,Letcher,21133,Blackey,143
KY,Lewis,21135,Vanceburg,1400
KY,Lewis,21135,Garrison,776
KY,Lewis,21135,Concord,33
KY,Lincoln,21137,Stanford,4393
KY,Lincoln,21137,Crab Orchard,825
KY,Lincoln,21137,Hustonville,369
KY,Lincoln,21137,McKinney,115
KY,Livingston,21139,Ledbetter,1860
KY,Livingston,21139,Salem,723
KY,Livingston,21139,Grand Rivers,367
KY,Livingston,21139,Smithland,288
KY,Livingston,21139,Burna,224
KY,Livingston,21139,Carrsville,48
KY,Logan,21141,Russellville,7109
KY,Logan,21141,Auburn,1380
KY,Logan,21141,Adairville,885
KY,Logan,21141,Lewisburg,804
KY,Lyon,21143,Eddyville,2545
KY,Lyon,21143,Kuttawa,670
KY,Madison,21151,Richmond,40972
KY,Madison,21151,Berea,18423
KY,Magoffin,21153,Salyersville,1657
KY,Marion,21155,Lebanon,5817
KY,Marion,21155,Loretto,693
KY,Marion,21155,Bradfordsville,297
KY,Marion,21155,Raywick,135
KY,Marion,21155,St. Mary,128
KY,Marshall,21157,Benton,4563
KY,Marshall,21157,Calvert City,2505
KY,Marshall,21157,Hardin,604
KY,Marshall,21157,Gilbertsville,569
KY,Martin,21159,Inez,620
KY,Martin,21159,Warfield,231
KY,Mason,21161,Maysville,11093
KY,Mason,21161,Mays Lick,293
KY,Mason,21161,Dover,248
KY,Mason,21161,Sardis,101
KY,McCracken,21145,Paducah,48481
KY,McCracken,21145,Hendron,5228
KY,McCracken,21145,Massac,5064
KY,McCracken,21145,Reidland,4265
KY,McCracken,21145,Farley,4245
KY,McCreary,21147,Pine Knot,1486
KY,McCreary,21147,Whitley City,1400
KY,McCreary,21147,Stearns,1190
KY,McLean,21149,Livermore,1289
KY,McLean,21149,Calhoun,734
KY,McLean,21149,Island,451
KY,McLean,21149,Sacramento,440
KY,McLean,21149,Beech Grove,404
KY,Meade,21163,Brandenburg,2877
KY,Meade,21163,Doe Valley,1847
KY,Meade,21163,Muldraugh,986
KY,Meade,21163,Ekron,150
KY,Menifee,21165,Frenchburg,545
KY,Mercer,21167,Harrodsburg,8916
KY,Mercer,21167,Burgin,992
KY,Mercer,21167,Salvisa,121
KY,Metcalfe,21169,Edmonton,1595
KY,Metcalfe,21169,Summer Shade,233
KY,Monroe,21171,Tompkinsville,2252
KY,Monroe,21171,Gamaliel,358
KY,Monroe,21171,Fountain Run,209
KY,Montgomery,21173,Mount Sterling,11363
KY,Montgomery,21173,Jeffersonville,1753
KY,Montgomery,21173,Camargo,1144
KY,Morgan,21175,West Liberty,3520
KY,Morgan,21175,Ezel,140
KY,Muhlenberg,21177,Central City,9531
KY,Muhlenberg,21177,Greenville,4204
KY,Muhlenberg,21177,Powderly,736
KY,Muhlenberg,21177,Beechmont,559
KY,Muhlenberg,21177,Drakesboro,498
KY,Muhlenberg,21177,Dunmor,213
KY,Muhlenberg,21177,Bremen,190
KY,Muhlenberg,21177,South Carrollton,180
KY,Muhlenberg,21177,Cleaton,175
KY,Nelson,21179,Bardstown,21184
KY,Nelson,21179,Bloomfield,1066
KY,Nelson,21179,New Haven,894
KY,Nelson,21179,Chaplin,606
KY,Nelson,21179,Boston,131
KY,Nelson,21179,Fairfield,118
KY,Nelson,21179,New Hope,103
KY,Nicholas,21181,Carlisle,1986
KY,Ohio,21183,Beaver Dam,6621
KY,Ohio,21183,Hartford,2726
KY,Ohio,21183,Fordsville,530
KY,Ohio,21183,Centertown,430
KY,Ohio,21183,McHenry,388
KY,Ohio,21183,Rockport,265
KY,Ohio,21183,Rosine,176
KY,Oldham,21185,La Grange,9031
KY,Oldham,21185,Buckner,5545
KY,Oldham,21185,Crestwood,5081
KY,Oldham,21185,Orchard Grass Hills,1775
KY,Oldham,21185,Pewee Valley,1569
KY,Oldham,21185,Goshen,1010
KY,Oldham,21185,River Bluff,442
KY,Oldham,21185,Westport,261
KY,Owen,21187,Owenton,1533
KY,Owen,21187,Monterey,133
KY,Owen,21187,Gratz,77
KY,Owsley,21189,Booneville,158
KY,Pendleton,21191,Falmouth,2103
KY,Pendleton,21191,Butler,583
KY,Perry,21193,Hazard,8118
KY,Perry,21193,Diablock,595
KY,Perry,21193,Vicco,301
KY,Perry,21193,Jeff,198
KY,Perry,21193,Combs,164
KY,Perry,21193,Buckhorn,139
KY,Pike,21195,Pikeville,7531
KY,Pike,21195,Coal Run Village,1520
KY,Pike,21195,Elkhorn City,890
KY,Pike,21195,Phelps,771
KY,Pike,21195,South Williamson,569
KY,Pike,21195,Belfry,358
KY,Pike,21195,Freeburn,354
KY,Pike,21195,Virgie,215
KY,Pike,21195,McCarr,83
KY,Powell,21197,Stanton,4119
KY,Powell,21197,Clay City,1094
KY,Pulaski,21199,Somerset,30053
KY,Pulaski,21199,Ferguson,947
KY,Pulaski,21199,Burnside,843
KY,Pulaski,21199,Science Hill,696
KY,Pulaski,21199,Eubank,330
KY,Robertson,21201,Mount Olivet,336
KY,Rockcastle,21203,Mount Vernon,2560
KY,Rockcastle,21203,Brodhead,1180
KY,Rockcastle,21203,Livingston,215
KY,Rowan,21205,Morehead,8044
KY,Rowan,21205,Lakeview Heights,224
KY,Rowan,21205,Farmers,25
KY,Russell,21207,Russell Springs,2638
KY,Russell,21207,Jamestown,1791
KY,Scott,21209,Georgetown,36994
KY,Scott,21209,Stamping Ground,802
KY,Scott,21209,Sadieville,362
KY,Shelby,21211,Shelbyville,24351
KY,Shelby,21211,Simpsonville,2923
KY,Shelby,21211,Pleasureville,883
KY,Simpson,21213,Franklin,10118
KY,Spencer,21215,Elk Creek,1654
KY,Spencer,21215,Taylorsville,1308
KY,Taylor,21217,Campbellsville,14772
KY,Todd,21219,Elkton,2129
KY,Todd,21219,Guthrie,1409
KY,Todd,21219,Trenton,375
KY,Todd,21219,Allensville,155
KY,Trigg,21221,Cadiz,3090
KY,Trigg,21221,Cerulean,357
KY,Trimble,21223,Milton,601
KY,Trimble,21223,Bedford,576
KY,Union,21225,Morganfield,5337
KY,Union,21225,Breckinridge Center,2109
KY,Union,21225,Sturgis,1781
KY,Union,21225,Uniontown,930
KY,Union,21225,Waverly,291
KY,Warren,21227,Bowling Green,95135
KY,Warren,21227,Plano,1348
KY,Warren,21227,Smiths Grove,798
KY,Warren,21227,Plum Springs,528
KY,Warren,21227,Woodburn,365
KY,Warren,21227,Oakland,218
KY,Washington,21229,Springfield,2961
KY,Washington,21229,Willisburg,285
KY,Washington,21229,Mackville,223
KY,Wayne,21231,Monticello,6499
KY,Webster,21233,Providence,2999
KY,Webster,21233,Sebree,1530
KY,Webster,21233,Clay,1096
KY,Webster,21233,Dixon,881
KY,Webster,21233,Slaughters,205
KY,Webster,21233,Wheatcroft,153
KY,Webster,21233,Poole,95
KY,Webster,21233,Onton,40
KY,Whitley,21235,Corbin,7202
KY,Whitley,21235,Williamsburg,6002
KY,Whitley,21235,Emlyn,558
KY,Whitley,21235,Pleasant View,483
KY,Whitley,21235,Rockholds,297
KY,Wolfe,21237,Campton,422
KY,Wolfe,21237,Hazel Green,57
KY,Woodford,21239,Versailles,17298
KY,Woodford,21239,Midway,1893
LA,Acadia,22001,Crowley,14147
LA,Acadia,22001,Rayne,9431
LA,Acadia,22001,Church Point,4388
LA,Acadia,22001,Iota,1433
LA,Acadia,22001,Estherwood,1074
LA,Acadia,22001,Morse,802
LA,Acadia,22001,Mermentau,629
LA,Acadia,22001,Egan,616
LA,Acadia,22001,Branch,231
LA,Allen,22003,Oakdale,7656
LA,Allen,22003,Kinder,2368
LA,Allen,22003,Oberlin,1730
LA,Allen,22003,Elizabeth,537
LA,Allen,22003,Reeves,244
LA,Ascension,22005,Prairieville,31974
LA,Ascension,22005,Donaldsonville,16540
LA,Ascension,22005,Gonzales,10957
LA,Ascension,22005,Sorrento,1704
LA,Ascension,22005,Lemannville,1118
LA,Assumption,22007,Belle Rose,2338
LA,Assumption,22007,Pierre Part,2179
LA,Assumption,22007,Bayou L'Ourse,1892
LA,Assumption,22007,Labadieville,1698
LA,Assumption,22007,Paincourtville,1205
LA,Assumption,22007,Supreme,839
LA,Assumption,22007,Napoleonville,590
LA,Assumption,22007,Bayou Corne,41
LA,Avoyelles,22009,Marksville,7036
LA,Avoyelles,22009,Bunkie,3858
LA,Avoyelles,22009,Cottonport,3438
LA,Avoyelles,22009,Simmesport,2060
LA,Avoyelles,22009,Mansura,1352
LA,Avoyelles,22009,Moreauville,857
LA,Avoyelles,22009,Fifth Ward,809
LA,Avoyelles,22009,Hessmer,750
LA,Avoyelles,22009,Center Point,486
LA,Avoyelles,22009,Bordelonville,377
LA,Avoyelles,22009,Evergreen,288
LA,Avoyelles,22009,Plaucheville,229
LA,Beauregard,22011,DeRidder,13354
LA,Beauregard,22011,Merryville,1108
LA,Beauregard,22011,Singer,314
LA,Beauregard,22011,Oretta,306
LA,Beauregard,22011,Longville,261
LA,Beauregard,22011,Sugartown,196
LA,Bienville,22013,Arcadia,2700
LA,Bienville,22013,Ringgold,1370
LA,Bienville,22013,Gibsland,878
LA,Bienville,22013,Saline,277
LA,Bienville,22013,Lucky,256
LA,Bienville,22013,Castor,242
LA,Bienville,22013,Bienville,198
LA,Bienville,22013,Jamestown,126
LA,Bienville,22013,Bryceland,99
LA,Bienville,22013,Mount Lebanon,70
LA,Bossier,22015,Bossier City,68159
LA,Bossier,22015,Red Chute,7335
LA,Bossier,22015,Benton,5732
LA,Bossier,22015,Eastwood,4548
LA,Bossier,22015,Haughton,3296
LA,Bossier,22015,Plain Dealing,944
LA,Caddo,22017,Shreveport,280062
LA,Caddo,22017,Vivian,3482
LA,Caddo,22017,Blanchard,3140
LA,Caddo,22017,Greenwood,3128
LA,Caddo,22017,Lakeview,1312
LA,Caddo,22017,Oil City,970
LA,Caddo,22017,Mooringsport,750
LA,Caddo,22017,Hosston,299
LA,Caddo,22017,Rodessa,261
LA,Caddo,22017,Belcher,248
LA,Caddo,22017,Ida,208
LA,Caddo,22017,Gilliam,152
LA,Calcasieu,22019,Lake Charles,156181
LA,Calcasieu,22019,Sulphur,20065
LA,Calcasieu,22019,Moss Bluff,11055
LA,Calcasieu,22019,Prien,8437
LA,Calcasieu,22019,Carlyss,5248
LA,Calcasieu,22019,Westlake,4951
LA,Calcasieu,22019,DeQuincy,4785
LA,Calcasieu,22019,Iowa,3434
LA,Calcasieu,22019,Vinton,3234
LA,Calcasieu,22019,Hayes,1182
LA,Calcasieu,22019,Gillis,569
LA,Calcasieu,22019,Starks,303
LA,Caldwell,22021,Banks Springs,1142
LA,Caldwell,22021,Clarks,1000
LA,Caldwell,22021,Grayson,513
LA,Caldwell,22021,Columbia,366
LA,Cameron,22023,Hackberry,1384
LA,Cameron,22023,Cameron,203
LA,Catahoula,22025,Jonesville,2000
LA,Catahoula,22025,Wallace Ridge,936
LA,Catahoula,22025,Sicily Island,465
LA,Catahoula,22025,Harrisonburg,317
LA,Claiborne,22027,Homer,2834
LA,Claiborne,22027,Haynesville,2019
LA,Claiborne,22027,Athens,269
LA,Claiborne,22027,Lisbon,167
LA,Concordia,22029,Ferriday,5412
LA,Concordia,22029,Vidalia,3815
LA,Concordia,22029,Minorca,1691
LA,Concordia,22029,Clayton,640
LA,Concordia,22029,Ridgecrest,603
LA,Concordia,22029,Monterey,481
LA,Concordia,22029,Spokane,360
LA,De Soto,22031,Mansfield,5604
LA,De Soto,22031,Stonewall,2465
LA,De Soto,22031,Logansport,1537
LA,De Soto,22031,South Mansfield,357
LA,De Soto,22031,Gloster,321
LA,De Soto,22031,Keachi,303
LA,De Soto,22031,Grand Cane,240
LA,De Soto,22031,Frierson,205
LA,De Soto,22031,Longstreet,162
LA,De Soto,22031,Stanley,110
LA,East Baton Rouge,22033,Baton Rouge,570308
LA,East Baton Rouge,22033,Central,29357
LA,East Baton Rouge,22033,Shenandoah,20252
LA,East Baton Rouge,22033,Zachary,17949
LA,East Baton Rouge,22033,Baker,13194
LA,East Baton Rouge,22033,Gardere,11394
LA,East Baton Rouge,22033,Merrydale,8903
LA,East Baton Rouge,22033,Oak Hills Place,8326
LA,East Baton Rouge,22033,Old Jefferson,7659
LA,East Baton Rouge,22033,Village St. George,7334
LA,East Baton Rouge,22033,Inniswold,5963
LA,East Baton Rouge,22033,Brownfields,5772
LA,East Baton Rouge,22033,Monticello,4774
LA,East Baton Rouge,22033,Westminster,2760
LA,East Carroll,22035,Lake Providence,4361
LA,East Feliciana,22037,Jackson,3728
LA,East Feliciana,22037,Clinton,1502
LA,East Feliciana,22037,Slaughter,906
LA,East Feliciana,22037,Wilson,567
LA,East Feliciana,22037,Norwood,291
LA,Evangeline,22039,Ville Platte,8829
LA,Evangeline,22039,Mamou,3745
LA,Evangeline,22039,Basile,1783
LA,Evangeline,22039,Pine Prairie,1454
LA,Evangeline,22039,Reddell,895
LA,Evangeline,22039,Turkey Creek,464
LA,Evangeline,22039,Chataignier,360
LA,Franklin,22041,Winnsboro,4967
LA,Franklin,22041,Wisner,900
LA,Franklin,22041,Gilbert,553
LA,Franklin,22041,Baskin,244
LA,Grant,22043,Colfax,1464
LA,Grant,22043,Montgomery,734
LA,Grant,22043,Pollock,479
LA,Grant,22043,Dry Prong,438
LA,Grant,22043,Prospect,417
LA,Grant,22043,Georgetown,320
LA,Grant,22043,Creola,227
LA,Grant,22043,Rock Hill,134
LA,Iberia,22045,New Iberia,28454
LA,Iberia,22045,Jeanerette,6303
LA,Iberia,22045,Delcambre,1849
LA,Iberia,22045,Lydia,1061
LA,Iberia,22045,Loreauville,840
LA,Iberville,22047,St. Gabriel,7460
LA,Iberville,22047,Plaquemine,6539
LA,Iberville,22047,White Castle,1691
LA,Iberville,22047,Maringouin,994
LA,Iberville,22047,Crescent,878
LA,Iberville,22047,Rosedale,743
LA,Iberville,22047,Grosse Tete,629
LA,Iberville,22047,Bayou Goula,531
LA,Jackson,22049,Jonesboro,5333
LA,Jackson,22049,Chatham,550
LA,Jackson,22049,Hodge,436
LA,Jackson,22049,North Hodge,376
LA,Jackson,22049,East Hodge,275
LA,Jackson,22049,Quitman,174
LA,Jackson,22049,Eros,151
LA,Jefferson,22051,Metairie,142135
LA,Jefferson,22051,Kenner,66340
LA,Jefferson,22051,Marrero,30894
LA,Jefferson,22051,Terrytown,24953
LA,Jefferson,22051,Harvey,21054
LA,Jefferson,22051,Estelle,17968
LA,Jefferson,22051,Gretna,17647
LA,Jefferson,22051,River Ridge,13337
LA,Jefferson,22051,Jefferson,10501
LA,Jefferson,22051,Woodmere,10173
LA,Jefferson,22051,Waggaman,10017
LA,Jefferson,22051,Timberlane,9950
LA,Jefferson,22051,Harahan,9250
LA,Jefferson,22051,Westwego,8326
LA,Jefferson,22051,Bridge City,6602
LA,Jefferson,22051,Elmwood,5698
LA,Jefferson,22051,Avondale,5321
LA,Jefferson,22051,Jean Lafitte,2837
LA,Jefferson,22051,Grand Isle,1438
LA,Jefferson,22051,Barataria,1200
LA,Jefferson,22051,Lafitte,816
LA,Jefferson Davis,22053,Jennings,9800
LA,Jefferson Davis,22053,Welsh,3227
LA,Jefferson Davis,22053,Lake Arthur,2795
LA,Jefferson Davis,22053,Elton,1141
LA,Jefferson Davis,22053,Roanoke,440
LA,Jefferson Davis,22053,Fenton,359
LA,Jefferson Davis,22053,Lacassine,278
LA,LaSalle,22059,Jena,3990
LA,LaSalle,22059,Olla,1375
LA,LaSalle,22059,Urania,1301
LA,LaSalle,22059,Midway,1155
LA,LaSalle,22059,Tullos,391
LA,Lafayette,22055,Lafayette,264357
LA,Lafayette,22055,Youngsville,14704
LA,Lafayette,22055,Broussard,12700
LA,Lafayette,22055,Carencro,9449
LA,Lafayette,22055,Scott,8675
LA,Lafayette,22055,Milton,2299
LA,Lafayette,22055,Ossun,1993
LA,Lafayette,22055,Duson,1768
LA,Lafourche,22057,Thibodaux,14425
LA,Lafourche,22057,Bayou Blue,11401
LA,Lafourche,22057,Raceland,10698
LA,Lafourche,22057,Larose,7151
LA,Lafourche,22057,Galliano,6987
LA,Lafourche,22057,Cut Off,5985
LA,Lafourche,22057,Chackbay,5368
LA,Lafourche,22057,Mathews,2551
LA,Lafourche,22057,Lockport,2404
LA,Lafourche,22057,Lafourche Crossing,2142
LA,Lafourche,22057,Golden Meadow,1960
LA,Lafourche,22057,Lockport Heights,1588
LA,Lafourche,22057,Bayou Country Club,1146
LA,Lafourche,22057,Choctaw,1060
LA,Lafourche,22057,Kraemer,767
LA,Lincoln,22061,Ruston,27717
LA,Lincoln,22061,Grambling,5150
LA,Lincoln,22061,Choudrant,981
LA,Lincoln,22061,Dubach,907
LA,Lincoln,22061,Simsboro,835
LA,Lincoln,22061,Vienna,374
LA,Livingston,22063,Denham Springs,9753
LA,Livingston,22063,Walker,6248
LA,Livingston,22063,Livingston,1974
LA,Livingston,22063,Killian,1322
LA,Livingston,22063,Watson,1252
LA,Livingston,22063,French Settlement,1192
LA,Livingston,22063,Albany,1159
LA,Livingston,22063,Port Vincent,755
LA,Livingston,22063,Springfield,526
LA,Madison,22065,Tallulah,8346
LA,Madison,22065,Richmond,544
LA,Madison,22065,Delta,252
LA,Madison,22065,Mound,16
LA,Morehouse,22067,Bastrop,12327
LA,Morehouse,22067,Mer Rouge,549
LA,Morehouse,22067,Collinston,251
LA,Morehouse,22067,Bonita,246
LA,Morehouse,22067,Oak Ridge,123
LA,Natchitoches,22069,Natchitoches,18859
LA,Natchitoches,22069,Vienna Bend,1230
LA,Natchitoches,22069,Campti,1047
LA,Natchitoches,22069,Provencal,607
LA,Natchitoches,22069,Natchez,601
LA,Natchitoches,22069,Clarence,484
LA,Natchitoches,22069,Point Place,446
LA,Natchitoches,22069,Goldonna,423
LA,Natchitoches,22069,Ashland,263
LA,Natchitoches,22069,Robeline,166
LA,Natchitoches,22069,Powhatan,128
LA,Orleans,22071,New Orleans,1020886
LA,Ouachita,22073,Monroe,112891
LA,Ouachita,22073,West Monroe,12227
LA,Ouachita,22073,Claiborne,11602
LA,Ouachita,22073,Swartz,4629
LA,Ouachita,22073,Brownsville,3756
LA,Ouachita,22073,Richwood,3399
LA,Ouachita,22073,Sterlington,2931
LA,Ouachita,22073,Bawcomville,2696
LA,Ouachita,22073,Lakeshore,2170
LA,Ouachita,22073,Calhoun,385
LA,Plaquemines,22075,Belle Chasse,14024
LA,Plaquemines,22075,Port Sulphur,1789
LA,Plaquemines,22075,Empire,1222
LA,Plaquemines,22075,Buras,789
LA,Plaquemines,22075,Boothville,594
LA,Plaquemines,22075,Triumph,500
LA,Plaquemines,22075,Venice,232
LA,Plaquemines,22075,Pointe a la Hache,134
LA,Pointe Coupee,22077,New Roads,7370
LA,Pointe Coupee,22077,Livonia,3701
LA,Pointe Coupee,22077,Fordoche,913
LA,Pointe Coupee,22077,Ventress,864
LA,Pointe Coupee,22077,Morganza,575
LA,Rapides,22079,Alexandria,80129
LA,Rapides,22079,Pineville,14122
LA,Rapides,22079,Ball,3935
LA,Rapides,22079,Deville,1314
LA,Rapides,22079,Glenmora,1312
LA,Rapides,22079,Lecompte,1160
LA,Rapides,22079,Woodworth,1142
LA,Rapides,22079,Boyce,980
LA,Rapides,22079,Forest Hill,843
LA,Rapides,22079,Cheneyville,584
LA,Rapides,22079,McNary,210
LA,Red River,22081,Coushatta,1787
LA,Red River,22081,Martin,554
LA,Red River,22081,Hall Summit,287
LA,Red River,22081,Edgefield,192
LA,Richland,22083,Rayville,4011
LA,Richland,22083,Delhi,2795
LA,Richland,22083,Start,1067
LA,Richland,22083,Mangham,631
LA,Sabine,22085,Many,2696
LA,Sabine,22085,Zwolle,1937
LA,Sabine,22085,Pleasant Hill,688
LA,Sabine,22085,Florien,599
LA,Sabine,22085,Converse,433
LA,Sabine,22085,Fort Jesup,413
LA,Sabine,22085,Belmont,304
LA,Sabine,22085,Noble,244
LA,Sabine,22085,Fisher,219
LA,St. Bernard,22087,Chalmette,23851
LA,St. Bernard,22087,Meraux,7007
LA,St. Bernard,22087,Violet,5755
LA,St. Bernard,22087,Arabi,4387
LA,St. Bernard,22087,Poydras,2790
LA,St. Charles,22089,Luling,14049
LA,St. Charles,22089,Destrehan,11398
LA,St. Charles,22089,St. Rose,7352
LA,St. Charles,22089,Hahnville,3269
LA,St. Charles,22089,Boutte,3030
LA,St. Charles,22089,Norco,2850
LA,St. Charles,22089,Montz,2111
LA,St. Charles,22089,Bayou Gauche,1819
LA,St. Charles,22089,Des Allemands,1690
LA,St. Charles,22089,Paradis,1586
LA,St. Charles,22089,New Sarpy,1389
LA,St. Charles,22089,Ama,1172
LA,St. Charles,22089,Killona,816
LA,St. Charles,22089,Taft,59
LA,St. Helena,22091,Greensburg,652
LA,St. Helena,22091,Montpelier,241
LA,St. James,22093,Gramercy,13873
LA,St. James,22093,South Vacherie,3392
LA,St. James,22093,Grand Point,3275
LA,St. James,22093,Lutcher,3183
LA,St. James,22093,North Vacherie,1857
LA,St. James,22093,Paulina,1280
LA,St. James,22093,Welcome,884
LA,St. James,22093,St. James,734
LA,St. James,22093,Union,518
LA,St. James,22093,Convent,446
LA,St. James,22093,Hester,327
LA,St. James,22093,Moonshine,160
LA,St. James,22093,Romeville,139
LA,St. John the Baptist,22095,Laplace,29108
LA,St. John the Baptist,22095,Reserve,8611
LA,St. John the Baptist,22095,Garyville,2155
LA,St. John the Baptist,22095,Edgard,1785
LA,St. John the Baptist,22095,Wallace,1263
LA,St. John the Baptist,22095,Pleasure Bend,287
LA,St. Landry,22097,Opelousas,24423
LA,St. Landry,22097,Eunice,11269
LA,St. Landry,22097,Sunset,3457
LA,St. Landry,22097,Port Barre,2640
LA,St. Landry,22097,Lawtell,1252
LA,St. Landry,22097,Krotz Springs,1176
LA,St. Landry,22097,Leonville,1102
LA,St. Landry,22097,Arnaudville,1046
LA,St. Landry,22097,Melville,1029
LA,St. Landry,22097,Washington,914
LA,St. Landry,22097,Grand Coteau,905
LA,St. Landry,22097,Cankton,505
LA,St. Landry,22097,Palmetto,160
LA,St. Martin,22099,Breaux Bridge,18484
LA,St. Martin,22099,St. Martinville,6872
LA,St. Martin,22099,Cecilia,1917
LA,St. Martin,22099,Henderson,1795
LA,St. Martin,22099,Cade,1655
LA,St. Martin,22099,Catahoula,1054
LA,St. Martin,22099,Parks,699
LA,St. Mary,22101,Morgan City,27728
LA,St. Mary,22101,Franklin,12803
LA,St. Mary,22101,Patterson,5792
LA,St. Mary,22101,Berwick,4419
LA,St. Mary,22101,Bayou Vista,4316
LA,St. Mary,22101,Baldwin,2219
LA,St. Mary,22101,Amelia,2215
LA,St. Mary,22101,Charenton,1500
LA,St. Mary,22101,Siracusaville,532
LA,St. Mary,22101,Sorrel,504
LA,St. Mary,22101,Glencoe,261
LA,St. Tammany,22103,Mandeville,95968
LA,St. Tammany,22103,Slidell,93040
LA,St. Tammany,22103,Covington,10564
LA,St. Tammany,22103,Lacombe,8960
LA,St. Tammany,22103,Eden Isle,7365
LA,St. Tammany,22103,Abita Springs,2614
LA,St. Tammany,22103,Pearl River,2610
LA,St. Tammany,22103,Folsom,862
LA,St. Tammany,22103,Madisonville,848
LA,St. Tammany,22103,Sun,489
LA,Tangipahoa,22105,Hammond,72413
LA,Tangipahoa,22105,Ponchatoula,7369
LA,Tangipahoa,22105,Amite City,6600
LA,Tangipahoa,22105,Natalbany,2908
LA,Tangipahoa,22105,Kentwood,2436
LA,Tangipahoa,22105,Independence,1893
LA,Tangipahoa,22105,Roseland,1262
LA,Tangipahoa,22105,Tangipahoa,853
LA,Tangipahoa,22105,Tickfaw,764
LA,Tensas,22107,St. Joseph,973
LA,Tensas,22107,Newellton,963
LA,Tensas,22107,Waterproof,555
LA,Terrebonne,22109,Houma,140469
LA,Terrebonne,22109,Bayou Cane,20093
LA,Terrebonne,22109,Schriever,6500
LA,Terrebonne,22109,Gray,5944
LA,Terrebonne,22109,Bourg,2479
LA,Terrebonne,22109,Chauvin,2408
LA,Terrebonne,22109,Montegut,2133
LA,Terrebonne,22109,Presquille,1424
LA,Terrebonne,22109,Dulac,1154
LA,Union,22111,Farmerville,3739
LA,Union,22111,Bernice,1594
LA,Union,22111,Marion,738
LA,Union,22111,Junction City,554
LA,Union,22111,Downsville,130
LA,Union,22111,Spearsville,127
LA,Union,22111,Lillie,120
LA,Vermilion,22113,Abbeville,19470
LA,Vermilion,22113,Kaplan,4639
LA,Vermilion,22113,Erath,2039
LA,Vermilion,22113,Maurice,1609
LA,Vermilion,22113,Gueydan,1348
LA,Vernon,22115,Fort Polk South,9048
LA,Vernon,22115,Leesville,8132
LA,Vernon,22115,Fort Polk North,2263
LA,Vernon,22115,New Llano,2212
LA,Vernon,22115,Rosepine,1539
LA,Vernon,22115,Anacoco,783
LA,Vernon,22115,Pitkin,588
LA,Vernon,22115,Simpson,586
LA,Vernon,22115,Hornbeck,437
LA,Washington,22117,Bogalusa,11504
LA,Washington,22117,Franklinton,3745
LA,Washington,22117,Varnado,335
LA,Washington,22117,Angie,249
LA,Webster,22119,Minden,12071
LA,Webster,22119,Springhill,5444
LA,Webster,22119,Sibley,1160
LA,Webster,22119,Cullen,1066
LA,Webster,22119,Cotton Valley,936
LA,Webster,22119,Sarepta,826
LA,Webster,22119,Doyline,782
LA,Webster,22119,Dixie Inn,263
LA,Webster,22119,Dubberly,257
LA,Webster,22119,Heflin,221
LA,Webster,22119,Shongaloo,168
LA,West Baton Rouge,22121,Addis,6221
LA,West Baton Rouge,22121,Port Allen,4743
LA,West Baton Rouge,22121,Brusly,2617
LA,West Baton Rouge,22121,Erwinville,2180
LA,West Carroll,22123,Oak Grove,1553
LA,West Carroll,22123,Epps,813
LA,West Carroll,22123,Kilbourne,383
LA,West Carroll,22123,Forest,337
LA,West Carroll,22123,Pioneer,147
LA,West Feliciana,22125,St. Francisville,1625
LA,Winn,22127,Winnfield,4732
LA,Winn,22127,St. Maurice,368
LA,Winn,22127,Dodson,300
LA,Winn,22127,Calvin,219
LA,Winn,22127,Atlanta,146
LA,Winn,22127,Joyce,138
LA,Winn,22127,Sikes,121
LA,Winn,22127,Jordan Hill,65
MA,Barnstable,25001,Barnstable,242847
MA,Barnstable,25001,South Yarmouth,11091
MA,Barnstable,25001,East Falmouth,6441
MA,Barnstable,25001,West Yarmouth,5741
MA,Barnstable,25001,Yarmouth Port,5242
MA,Barnstable,25001,East Harwich,4796
MA,Barnstable,25001,Northwest Harwich,4136
MA,Barnstable,25001,Forestdale,3791
MA,Barnstable,25001,Sagamore,3675
MA,Barnstable,25001,Buzzards Bay,3528
MA,Barnstable,25001,East Sandwich,3473
MA,Barnstable,25001,Dennis Port,3428
MA,Barnstable,25001,South Dennis,3393
MA,Barnstable,25001,Pocasset,2893
MA,Barnstable,25001,Monument Beach,2807
MA,Barnstable,25001,East Dennis,2575
MA,Barnstable,25001,North Falmouth,2516
MA,Barnstable,25001,West Dennis,2236
MA,Barnstable,25001,West Falmouth,1971
MA,Barnstable,25001,Harwich Port,1809
MA,Barnstable,25001,Teaticket,1697
MA,Barnstable,25001,North Eastham,1612
MA,Barnstable,25001,Harwich Center,1406
MA,Barnstable,25001,Mashpee Neck,1386
MA,Barnstable,25001,West Chatham,1154
MA,Barnstable,25001,Woods Hole,816
MA,Barnstable,25001,New Seabury,710
MA,Barnstable,25001,Seabrook,517
MA,Barnstable,25001,Popponesset,150
MA,Barnstable,25001,Monomoscoy Island,100
MA,Barnstable,25001,Seconsett Island,40
MA,Barnstable,25001,Popponesset Island,34
MA,Berkshire,25003,Pittsfield,55697
MA,Berkshire,25003,North Adams,17153
MA,Berkshire,25003,Housatonic,753
MA,Bristol,25005,New Bedford,149910
MA,Bristol,25005,Fall River,89541
MA,Bristol,25005,Taunton,57464
MA,Bristol,25005,Attleboro,45237
MA,Bristol,25005,North Attleborough,29180
MA,Bristol,25005,Mansfield Center,7905
MA,Bristol,25005,Bliss Corner,5150
MA,Bristol,25005,Raynham Center,4923
MA,Bristol,25005,Smith Mills,4678
MA,Bristol,25005,North Westport,4510
MA,Bristol,25005,Acushnet Center,3177
MA,Bristol,25005,Ocean Grove,3092
MA,Bristol,25005,Norton Center,2774
MA,Bristol,25005,North Seekonk,2398
MA,Dukes,25007,Vineyard Haven,2123
MA,Essex,25009,Lynn,94299
MA,Essex,25009,Lawrence,80028
MA,Essex,25009,Haverhill,64014
MA,Essex,25009,Peabody,53070
MA,Essex,25009,Methuen Town,50706
MA,Essex,25009,Salem,43226
MA,Essex,25009,Beverly,42174
MA,Essex,25009,Gloucester,30430
MA,Essex,25009,Newburyport,18289
MA,Essex,25009,Amesbury,17532
MA,Franklin,25011,Greenfield,22703
MA,Franklin,25011,Turners Falls,4010
MA,Franklin,25011,South Deerfield,2041
MA,Franklin,25011,Shelburne Falls,1806
MA,Franklin,25011,Millers Falls,1284
MA,Hampden,25013,Springfield,623401
MA,Hampden,25013,Chicopee,55126
MA,Hampden,25013,Westfield,41204
MA,Hampden,25013,Holyoke,40117
MA,Hampden,25013,Agawam,28613
MA,Hampden,25013,West Springfield,28517
MA,Hampden,25013,Palmer,12232
MA,Hampden,25013,Monson Center,1881
MA,Hampshire,25015,Amherst,39814
MA,Hampshire,25015,Northampton,28451
MA,Hampshire,25015,Amherst Center,20409
MA,Hampshire,25015,Easthampton,15829
MA,Middlesex,25017,Cambridge,118927
MA,Middlesex,25017,Lowell,110997
MA,Middlesex,25017,Newton,88414
MA,Middlesex,25017,Somerville,81360
MA,Middlesex,25017,Framingham,74416
MA,Middlesex,25017,Waltham,62495
MA,Middlesex,25017,Malden,60470
MA,Middlesex,25017,Medford,57341
MA,Middlesex,25017,Everett,46451
MA,Middlesex,25017,Woburn,40228
MA,Middlesex,25017,Marlborough,39597
MA,Middlesex,25017,Watertown Town,35939
MA,Middlesex,25017,Melrose,28016
MA,Middlesex,25017,West Concord,7394
MA,Middlesex,25017,Pinehurst,7283
MA,Middlesex,25017,Cochituate,7226
MA,Middlesex,25017,Littleton Common,3293
MA,Middlesex,25017,Hanscom AFB,2045
MA,Middlesex,25017,East Pepperell,1811
MA,Nantucket,25019,Madaket,274
MA,Nantucket,25019,Siasconset,81
MA,Norfolk,25021,Quincy,94470
MA,Norfolk,25021,Weymouth,57746
MA,Norfolk,25021,Braintree,37190
MA,Norfolk,25021,Randolph,34362
MA,Norfolk,25021,Franklin,34087
MA,Norfolk,25021,Millis-Clicquot,4658
MA,Plymouth,25023,Brockton,95708
MA,Plymouth,25023,Bridgewater,27619
MA,Plymouth,25023,Middleborough Center,7343
MA,Plymouth,25023,Ocean Bluff-Brant Rock,5199
MA,Plymouth,25023,North Scituate,5044
MA,Plymouth,25023,North Plymouth,4091
MA,Plymouth,25023,South Duxbury,3629
MA,Plymouth,25023,North Pembroke,3458
MA,Plymouth,25023,Mattapoisett Center,3354
MA,Plymouth,25023,Wareham Center,3205
MA,Plymouth,25023,North Lakeville,3114
MA,Plymouth,25023,White Island Shores,2634
MA,Plymouth,25023,Marshfield Hills,2315
MA,Plymouth,25023,West Wareham,2259
MA,Plymouth,25023,Weweantic,1797
MA,Plymouth,25023,The Pinehills,1419
MA,Plymouth,25023,Marion Center,1076
MA,Plymouth,25023,Onset,754
MA,Suffolk,25025,Boston,4688346
MA,Suffolk,25025,Revere,53073
MA,Suffolk,25025,Chelsea,39690
MA,Suffolk,25025,Winthrop,18544
MA,Worcester,25027,Worcester,498328
MA,Worcester,25027,Leominster,119690
MA,Worcester,25027,Fitchburg,40638
MA,Worcester,25027,Gardner,20683
MA,Worcester,25027,Southbridge,16878
MA,Worcester,25027,Whitinsville,7220
MA,Worcester,25027,Fiskdale,3087
MA,Worcester,25027,Cordaville,3039
MA,Worcester,25027,East Douglas,2592
MA,Worcester,25027,Devens,1969
MA,Worcester,25027,Baldwinville,1736
MA,Worcester,25027,South Lancaster,1630
MA,Worcester,25027,South Ashburnham,924
MD,Allegany,24001,Cumberland,47980
MD,Allegany,24001,Frostburg,8505
MD,Allegany,24001,Cresaptown,5916
MD,Allegany,24001,Westernport,5330
MD,Allegany,24001,La Vale,3429
MD,Allegany,24001,Bowling Green,1217
MD,Allegany,24001,Lonaconing,1107
MD,Allegany,24001,Potomac Park,818
MD,Allegany,24001,Mount Savage,747
MD,Allegany,24001,McCoole,692
MD,Allegany,24001,Eckhart Mines,665
MD,Allegany,24001,Bowmans Addition,571
MD,Allegany,24001,Corriganville,559
MD,Allegany,24001,Pleasant Grove,476
MD,Allegany,24001,Rawlings,469
MD,Allegany,24001,Barton,423
MD,Allegany,24001,Midland,414
MD,Allegany,24001,Ellerslie,390
MD,Allegany,24001,Midlothian,388
MD,Allegany,24001,Zihlman,369
MD,Allegany,24001,Shaft,351
MD,Allegany,24001,Grahamtown,305
MD,Allegany,24001,Moscow,253
MD,Allegany,24001,Flintstone,238
MD,Allegany,24001,Gilmore,222
MD,Allegany,24001,Bier,214
MD,Allegany,24001,Danville,201
MD,Allegany,24001,Franklin,186
MD,Allegany,24001,National,146
MD,Allegany,24001,Klondike,134
MD,Allegany,24001,Detmold,109
MD,Allegany,24001,Vale Summit,92
MD,Allegany,24001,Barrelville,83
MD,Allegany,24001,Carlos,83
MD,Allegany,24001,Dawson,82
MD,Allegany,24001,Luke,60
MD,Allegany,24001,Spring Gap,57
MD,Allegany,24001,Oldtown,52
MD,Allegany,24001,Woodland,37
MD,Allegany,24001,Little Orleans,35
MD,Allegany,24001,Clarysville,32
MD,Anne Arundel,24003,Glen Burnie,69872
MD,Anne Arundel,24003,Severn,50496
MD,Anne Arundel,24003,Odenton,41846
MD,Anne Arundel,24003,Annapolis,39223
MD,Anne Arundel,24003,Severna Park,38188
MD,Anne Arundel,24003,Pasadena,29918
MD,Anne Arundel,24003,Crofton,29136
MD,Anne Arundel,24003,Arnold,23406
MD,Anne Arundel,24003,Lake Shore,19791
MD,Anne Arundel,24003,Maryland City,17513
MD,Anne Arundel,24003,Ferndale,17208
MD,Anne Arundel,24003,Parole,17074
MD,Anne Arundel,24003,Brooklyn Park,14850
MD,Anne Arundel,24003,Riviera Beach,12658
MD,Anne Arundel,24003,Annapolis Neck,12551
MD,Anne Arundel,24003,Fort Meade,10873
MD,Anne Arundel,24003,Linthicum,10442
MD,Anne Arundel,24003,Jessup,9509
MD,Anne Arundel,24003,Edgewater,9112
MD,Anne Arundel,24003,Cape St. Claire,8729
MD,Anne Arundel,24003,Mayo,8031
MD,Anne Arundel,24003,Naval Academy,5970
MD,Anne Arundel,24003,Shady Side,5423
MD,Anne Arundel,24003,Deale,4706
MD,Anne Arundel,24003,Riva,4130
MD,Anne Arundel,24003,Gambrills,2837
MD,Anne Arundel,24003,Herald Harbor,2747
MD,Anne Arundel,24003,Arden on the Severn,1880
MD,Anne Arundel,24003,Crownsville,1530
MD,Anne Arundel,24003,Galesville,645
MD,Anne Arundel,24003,Friendship,294
MD,Anne Arundel,24003,Highland Beach,110
MD,Baltimore,24510,Baltimore,2106068
MD,Baltimore,24005,Dundalk,63015
MD,Baltimore,24005,Towson,57817
MD,Baltimore,24005,Catonsville,41547
MD,Baltimore,24005,Woodlawn,40469
MD,Baltimore,24005,Essex,39437
MD,Baltimore,24005,Randallstown,35528
MD,Baltimore,24005,Owings Mills,35081
MD,Baltimore,24005,Pikesville,33486
MD,Baltimore,24005,Parkville,31451
MD,Baltimore,24005,Carney,30289
MD,Baltimore,24005,Milford Mill,29926
MD,Baltimore,24005,Perry Hall,28266
MD,Baltimore,24005,Reisterstown,27007
MD,Baltimore,24005,Lochearn,25771
MD,Baltimore,24005,Middle River,25129
MD,Baltimore,24005,Cockeysville,21038
MD,Baltimore,24005,Rosedale,19842
MD,Baltimore,24005,Arbutus,19292
MD,Baltimore,24005,Rossville,15127
MD,Baltimore,24005,Mays Chapel,12253
MD,Baltimore,24005,Overlea,12195
MD,Baltimore,24005,Timonium,10557
MD,Baltimore,24005,White Marsh,9216
MD,Baltimore,24005,Edgemere,8526
MD,Baltimore,24005,Lansdowne,8477
MD,Baltimore,24005,Garrison,8309
MD,Baltimore,24005,Baltimore Highlands,7944
MD,Baltimore,24005,Lutherville,6856
MD,Baltimore,24005,Bowleys Quarters,6412
MD,Baltimore,24005,Hampton,4624
MD,Baltimore,24005,Kingsville,4385
MD,Calvert,24009,Chesapeake Beach,24845
MD,Calvert,24009,Chesapeake Ranch Estates,9702
MD,Calvert,24009,Huntingtown,3486
MD,Calvert,24009,Prince Frederick,2928
MD,Calvert,24009,Dunkirk,2638
MD,Calvert,24009,Owings,2528
MD,Calvert,24009,Drum Point,2227
MD,Calvert,24009,Long Beach,2143
MD,Calvert,24009,Solomons,2132
MD,Calvert,24009,North Beach,2039
MD,Calvert,24009,Lusby,1824
MD,Calvert,24009,Calvert Beach,960
MD,Calvert,24009,St. Leonard,494
MD,Calvert,24009,Broomes Island,421
MD,Caroline,24011,Denton,4871
MD,Caroline,24011,Federalsburg,3098
MD,Caroline,24011,Greensboro,1877
MD,Caroline,24011,Ridgely,1657
MD,Caroline,24011,Preston,703
MD,Caroline,24011,Goldsboro,230
MD,Caroline,24011,Choptank,183
MD,Caroline,24011,Hillsboro,156
MD,Caroline,24011,Henderson,143
MD,Caroline,24011,Marydel,139
MD,Caroline,24011,Templeville,117
MD,Caroline,24011,Williston,96
MD,Caroline,24011,West Denton,16
MD,Carroll,24013,Eldersburg,31108
MD,Carroll,24013,Westminster,18640
MD,Carroll,24013,Mount Airy,9458
MD,Carroll,24013,Taneytown,6817
MD,Carroll,24013,Hampstead,6401
MD,Carroll,24013,Manchester,5367
MD,Carroll,24013,Sykesville,3958
MD,Carroll,24013,New Windsor,1398
MD,Carroll,24013,Union Bridge,963
MD,Cecil,24015,Elkton,15622
MD,Cecil,24015,Perryville,4419
MD,Cecil,24015,North East,3642
MD,Cecil,24015,Rising Sun,2781
MD,Cecil,24015,Charlestown,1196
MD,Cecil,24015,Port Deposit,763
MD,Cecil,24015,Chesapeake City,691
MD,Cecil,24015,Cecilton,670
MD,Charles,24017,Waldorf,75489
MD,Charles,24017,Bensville,13227
MD,Charles,24017,La Plata,9631
MD,Charles,24017,Bryans Road,7847
MD,Charles,24017,Indian Head,3802
MD,Charles,24017,Hughesville,2279
MD,Charles,24017,Potomac Heights,1289
MD,Charles,24017,Cobb Island,846
MD,Charles,24017,Bryantown,637
MD,Charles,24017,Pomfret,519
MD,Charles,24017,Benedict,203
MD,Charles,24017,Rock Point,85
MD,Charles,24017,Port Tobacco Village,15
MD,Dorchester,24019,Cambridge,14178
MD,Dorchester,24019,Hurlock,2024
MD,Dorchester,24019,Algonquin,1237
MD,Dorchester,24019,Secretary,500
MD,Dorchester,24019,East New Market,377
MD,Dorchester,24019,Vienna,265
MD,Dorchester,24019,Taylors Island,221
MD,Dorchester,24019,Madison,204
MD,Dorchester,24019,Fishing Creek,197
MD,Dorchester,24019,Galestown,133
MD,Dorchester,24019,Church Creek,121
MD,Dorchester,24019,Brookview,58
MD,Dorchester,24019,Eldorado,57
MD,Dorchester,24019,Elliott,38
MD,Frederick,24021,Frederick,156787
MD,Frederick,24021,Ballenger Creek,21080
MD,Frederick,24021,Urbana,12587
MD,Frederick,24021,Brunswick,9393
MD,Frederick,24021,Linganore,9112
MD,Frederick,24021,Thurmont,7659
MD,Frederick,24021,Emmitsburg,7235
MD,Frederick,24021,Walkersville,6415
MD,Frederick,24021,Spring Ridge,5876
MD,Frederick,24021,Middletown,4792
MD,Frederick,24021,Braddock Heights,2910
MD,Frederick,24021,Adamstown,2512
MD,Frederick,24021,Jefferson,2235
MD,Frederick,24021,Point of Rocks,1857
MD,Frederick,24021,Myersville,1838
MD,Frederick,24021,Bartonsville,1707
MD,Frederick,24021,Buckeystown,1286
MD,Frederick,24021,Woodsboro,1269
MD,Frederick,24021,Libertytown,993
MD,Frederick,24021,Monrovia,903
MD,Frederick,24021,New Market,738
MD,Frederick,24021,Sabillasville,354
MD,Frederick,24021,Rosemont,322
MD,Frederick,24021,Burkittsville,165
MD,Garrett,24023,Mountain Lake Park,4678
MD,Garrett,24023,Oakland,1815
MD,Garrett,24023,Grantsville,865
MD,Garrett,24023,Finzel,767
MD,Garrett,24023,Loch Lynn Heights,530
MD,Garrett,24023,Friendsville,479
MD,Garrett,24023,Deer Park,368
MD,Garrett,24023,Accident,312
MD,Garrett,24023,Kitzmiller,303
MD,Garrett,24023,Jennings,232
MD,Garrett,24023,Bloomington,192
MD,Garrett,24023,Gorman,91
MD,Garrett,24023,Crellin,84
MD,Garrett,24023,Hutton,72
MD,Harford,24025,Bel Air South,48425
MD,Harford,24025,Bel Air North,31941
MD,Harford,24025,Edgewood,25574
MD,Harford,24025,Aberdeen,16019
MD,Harford,24025,Havre de Grace,14018
MD,Harford,24025,Joppatowne,12304
MD,Harford,24025,Bel Air,10119
MD,Harford,24025,Fallston,8972
MD,Harford,24025,Riverside,6038
MD,Harford,24025,Pleasant Hills,3821
MD,Harford,24025,Jarrettsville,3023
MD,Harford,24025,Aberdeen Proving Ground,2872
MD,Harford,24025,Perryman,2412
MD,Harford,24025,Pylesville,1084
MD,Harford,24025,Darlington,499
MD,Howard,24027,Columbia,103991
MD,Howard,24027,Ellicott City,72665
MD,Howard,24027,Ilchester,26974
MD,Howard,24027,North Laurel,24873
MD,Howard,24027,Elkridge,21458
MD,Howard,24027,Scaggsville,9751
MD,Howard,24027,Savage,6428
MD,Howard,24027,Fulton,4326
MD,Howard,24027,Highland,1206
MD,Kent,24029,Chestertown,6878
MD,Kent,24029,Rock Hall,1274
MD,Kent,24029,Millington,604
MD,Kent,24029,Fairlee,591
MD,Kent,24029,Galena,582
MD,Kent,24029,Kennedyville,436
MD,Kent,24029,Tolchester,350
MD,Kent,24029,Betterton,316
MD,Kent,24029,Butlertown,302
MD,Kent,24029,Edesville,238
MD,Kent,24029,Georgetown,88
MD,Kent,24029,Worton,79
MD,Montgomery,24031,Germantown,90582
MD,Montgomery,24031,Silver Spring,81773
MD,Montgomery,24031,Rockville,68079
MD,Montgomery,24031,Gaithersburg,67985
MD,Montgomery,24031,Bethesda,63195
MD,Montgomery,24031,Aspen Hill,53049
MD,Montgomery,24031,Wheaton,50229
MD,Montgomery,24031,North Bethesda,49872
MD,Montgomery,24031,Potomac,45940
MD,Montgomery,24031,Olney,35191
MD,Montgomery,24031,Montgomery Village,34332
MD,Montgomery,24031,Fairland,25220
MD,Montgomery,24031,Clarksburg,24767
MD,Montgomery,24031,North Potomac,23914
MD,Montgomery,24031,White Oak,19020
MD,Montgomery,24031,Takoma Park,17725
MD,Montgomery,24031,Redland,17414
MD,Montgomery,24031,Calverton,16888
MD,Montgomery,24031,Glenmont,16659
MD,Montgomery,24031,Cloverly,15464
MD,Montgomery,24031,Damascus,15250
MD,Montgomery,24031,Kemp Mill,14733
MD,Montgomery,24031,Colesville,13992
MD,Montgomery,24031,Travilah,11301
MD,Montgomery,24031,Burtonsville,9823
MD,Montgomery,24031,Chevy Chase,9622
MD,Montgomery,24031,Leisure World,9040
MD,Montgomery,24031,North Kensington,9036
MD,Montgomery,24031,South Kensington,8763
MD,Montgomery,24031,Four Corners,8246
MD,Montgomery,24031,Hillandale,6487
MD,Montgomery,24031,Forest Glen,6469
MD,Montgomery,24031,Darnestown,6462
MD,Montgomery,24031,Ashton-Sandy Spring,5997
MD,Montgomery,24031,Friendship Heights Village,5396
MD,Montgomery,24031,Poolesville,5244
MD,Montgomery,24031,Layhill,5216
MD,Montgomery,24031,Brookmont,3921
MD,Montgomery,24031,Kensington,2329
MD,Montgomery,24031,Cabin John,2121
MD,Montgomery,24031,Spencerville,2079
MD,Montgomery,24031,Chevy Chase Village,2056
MD,Montgomery,24031,Derwood,1890
MD,Montgomery,24031,Somerset,1273
MD,Montgomery,24031,Garrett Park,1049
MD,Montgomery,24031,Martin's Additions,993
MD,Montgomery,24031,Chevy Chase View,980
MD,Montgomery,24031,Chevy Chase Section Three,794
MD,Montgomery,24031,Chevy Chase Section Five,702
MD,Montgomery,24031,North Chevy Chase,595
MD,Montgomery,24031,Washington Grove,561
MD,Montgomery,24031,Laytonsville,381
MD,Montgomery,24031,Glen Echo,270
MD,Montgomery,24031,Barnesville,179
MD,Montgomery,24031,Brookeville,144
MD,Prince George's,24033,Bowie,58643
MD,Prince George's,24033,Clinton,39018
MD,Prince George's,24033,Chillum,35557
MD,Prince George's,24033,College Park,32163
MD,Prince George's,24033,South Laurel,28683
MD,Prince George's,24033,Laurel,25631
MD,Prince George's,24033,Suitland,24522
MD,Prince George's,24033,Fort Washington,24237
MD,Prince George's,24033,Greenbelt,23224
MD,Prince George's,24033,Landover,22553
MD,Prince George's,24033,Camp Springs,21841
MD,Prince George's,24033,Langley Park,19520
MD,Prince George's,24033,Seabrook,18616
MD,Prince George's,24033,Hyattsville,18230
MD,Prince George's,24033,Oxon Hill,18080
MD,Prince George's,24033,Beltsville,17812
MD,Prince George's,24033,Glassmanor,16935
MD,Prince George's,24033,East Riverdale,16416
MD,Prince George's,24033,Hillcrest Heights,16388
MD,Prince George's,24033,Adelphi,16377
MD,Prince George's,24033,Summerfield,14343
MD,Prince George's,24033,Kettering,13527
MD,Prince George's,24033,Glenn Dale,13361
MD,Prince George's,24033,New Carrollton,12928
MD,Prince George's,24033,Forestville,12342
MD,Prince George's,24033,Brock Hall,12117
MD,Prince George's,24033,Accokeek,11647
MD,Prince George's,24033,Mitchellville,11547
MD,Prince George's,24033,Lanham,11120
MD,Prince George's,24033,Largo,10961
MD,Prince George's,24033,Walker Mill,10904
MD,Prince George's,24033,Rosaryville,10501
MD,Prince George's,24033,Friendly,10051
MD,Prince George's,24033,Lake Arbor,9973
MD,Prince George's,24033,Westphalia,9944
MD,Prince George's,24033,Brandywine,9849
MD,Prince George's,24033,Bladensburg,9408
MD,Prince George's,24033,Marlboro Village,9325
MD,Prince George's,24033,Marlton,9071
MD,Prince George's,24033,Coral Hills,8685
MD,Prince George's,24033,Mount Rainier,8093
MD,Prince George's,24033,Temple Hills,7926
MD,Prince George's,24033,Riverdale Park,7200
MD,Prince George's,24033,Cheverly,6428
MD,Prince George's,24033,Fairwood,6261
MD,Prince George's,24033,Glenarden,6143
MD,Prince George's,24033,District Heights,5984
MD,Prince George's,24033,Marlow Heights,5872
MD,Prince George's,24033,Silver Hill,5120
MD,Prince George's,24033,Seat Pleasant,4738
MD,Prince George's,24033,Woodmore,4608
MD,Prince George's,24033,Peppermill Village,4575
MD,Prince George's,24033,Capitol Heights,4514
MD,Prince George's,24033,West Laurel,4383
MD,Prince George's,24033,National Harbor,4296
MD,Prince George's,24033,Melwood,4289
MD,Prince George's,24033,Brentwood,3471
MD,Prince George's,24033,Marlboro Meadows,3468
MD,Prince George's,24033,Berwyn Heights,3255
MD,Prince George's,24033,Springdale,3199
MD,Prince George's,24033,Andrews AFB,3079
MD,Prince George's,24033,University Park,2631
MD,Prince George's,24033,Forest Heights,2564
MD,Prince George's,24033,Konterra,2536
MD,Prince George's,24033,Croom,2174
MD,Prince George's,24033,Queensland,1918
MD,Prince George's,24033,Baden,1743
MD,Prince George's,24033,Landover Hills,1636
MD,Prince George's,24033,Fairmount Heights,1522
MD,Prince George's,24033,Edmonston,1490
MD,Prince George's,24033,Colmar Manor,1454
MD,Prince George's,24033,Cottage City,1356
MD,Prince George's,24033,Morningside,1279
MD,Prince George's,24033,Queen Anne,1049
MD,Prince George's,24033,Aquasco,957
MD,Prince George's,24033,Upper Marlboro,673
MD,Prince George's,24033,North Brentwood,551
MD,Prince George's,24033,Cedarville,539
MD,Prince George's,24033,Eagle Harbor,69
MD,Queen Anne's,24035,Stevensville,7267
MD,Queen Anne's,24035,Centreville,4944
MD,Queen Anne's,24035,Chester,4658
MD,Queen Anne's,24035,Grasonville,3495
MD,Queen Anne's,24035,Kingstown,1917
MD,Queen Anne's,24035,Church Hill,753
MD,Queen Anne's,24035,Queenstown,695
MD,Queen Anne's,24035,Kent Narrows,511
MD,Queen Anne's,24035,Sudlersville,474
MD,Queen Anne's,24035,Barclay,165
MD,Somerset,24039,Princess Anne,11101
MD,Somerset,24039,Crisfield,3385
MD,Somerset,24039,Mount Vernon,966
MD,Somerset,24039,Eden,765
MD,Somerset,24039,Chance,470
MD,Somerset,24039,Fairmount,367
MD,Somerset,24039,Deal Island,351
MD,Somerset,24039,West Pocomoke,323
MD,Somerset,24039,Smith Island,149
MD,Somerset,24039,Frenchtown-Rumbly,109
MD,Somerset,24039,Dames Quarter,50
MD,St. Mary's,24037,California,14815
MD,St. Mary's,24037,Lexington Park,11082
MD,St. Mary's,24037,Leonardtown,6182
MD,St. Mary's,24037,Golden Beach,3060
MD,St. Mary's,24037,Charlotte Hall,1865
MD,St. Mary's,24037,Mechanicsville,1765
MD,St. Mary's,24037,Piney Point,794
MD,St. Mary's,24037,Tall Timbers,602
MD,St. Mary's,24037,St. George Island,357
MD,Talbot,24041,Easton,17911
MD,Talbot,24041,St. Michaels,1040
MD,Talbot,24041,Tilghman Island,1005
MD,Talbot,24041,Trappe,1000
MD,Talbot,24041,Cordova,612
MD,Talbot,24041,Oxford,606
MD,Washington,24043,Hagerstown,184755
MD,Washington,24043,Halfway,10898
MD,Washington,24043,Robinwood,7684
MD,Washington,24043,Fountainhead-Orchard Hills,5774
MD,Washington,24043,St. James,3860
MD,Washington,24043,Boonsboro,3655
MD,Washington,24043,Paramount-Long Meadow,3062
MD,Washington,24043,Smithsburg,2974
MD,Washington,24043,Maugansville,2543
MD,Washington,24043,Wilson-Conococheague,2263
MD,Washington,24043,Williamsport,2089
MD,Washington,24043,Hancock,1529
MD,Washington,24043,Keedysville,1221
MD,Washington,24043,Cavetown,1129
MD,Washington,24043,Funkstown,871
MD,Washington,24043,Tilghmanton,868
MD,Washington,24043,Highfield-Cascade,809
MD,Washington,24043,Mount Aetna,689
MD,Washington,24043,Sharpsburg,647
MD,Washington,24043,Leitersburg,460
MD,Washington,24043,Mount Lena,451
MD,Washington,24043,Fairplay,435
MD,Washington,24043,Bagtown,386
MD,Washington,24043,Clear Spring,362
MD,Washington,24043,Chewsville,335
MD,Washington,24043,San Mar,333
MD,Washington,24043,Garretts Mill,319
MD,Washington,24043,Downsville,318
MD,Washington,24043,Beaver Creek,304
MD,Washington,24043,Mapleville,300
MD,Washington,24043,Breathedsville,298
MD,Washington,24043,Charlton,288
MD,Washington,24043,Jugtown,284
MD,Washington,24043,Yarrowsburg,275
MD,Washington,24043,Greensburg,253
MD,Washington,24043,Pinesburg,247
MD,Washington,24043,Edgemont,244
MD,Washington,24043,Pecktonville,244
MD,Washington,24043,Sandy Hook,234
MD,Washington,24043,Mount Briar,171
MD,Washington,24043,Dargan,166
MD,Washington,24043,Ringgold,138
MD,Washington,24043,Trego-Rohrersville Station,119
MD,Washington,24043,Rohrersville,117
MD,Washington,24043,Cearfoss,89
MD,Washington,24043,Mercersville,89
MD,Washington,24043,Big Pool,88
MD,Washington,24043,Gapland,78
MD,Washington,24043,Antietam,77
MD,Washington,24043,Fort Ritchie,73
MD,Washington,24043,Big Spring,63
MD,Washington,24043,Bakersville,53
MD,Washington,24043,Pondsville,50
MD,Washington,24043,Ernstville,45
MD,Washington,24043,Reid,36
MD,Washington,24043,Kemps Mill,31
MD,Washington,24043,Brownsville,31
MD,Washington,24043,Fairview,27
MD,Washington,24043,Indian Springs,19
MD,Washington,24043,Middleburg,18
MD,Wicomico,24045,Salisbury,106447
MD,Wicomico,24045,Fruitland,5309
MD,Wicomico,24045,Delmar,3354
MD,Wicomico,24045,Pittsville,1474
MD,Wicomico,24045,Hebron,1096
MD,Wicomico,24045,Willards,1009
MD,Wicomico,24045,Sharptown,658
MD,Wicomico,24045,Allen,453
MD,Wicomico,24045,Parsonsburg,420
MD,Wicomico,24045,Mardela Springs,351
MD,Wicomico,24045,Nanticoke,330
MD,Wicomico,24045,Quantico,278
MD,Wicomico,24045,Jesterville,214
MD,Wicomico,24045,Tyaskin,148
MD,Wicomico,24045,Bivalve,109
MD,Wicomico,24045,Whitehaven,64
MD,Wicomico,24045,Powellville,52
MD,Wicomico,24045,Nanticoke Acres,34
MD,Wicomico,24045,Waterview,19
MD,Worcester,24047,Ocean Pines,12499
MD,Worcester,24047,Ocean City,6944
MD,Worcester,24047,Berlin,4866
MD,Worcester,24047,West Ocean City,4310
MD,Worcester,24047,Pocomoke City,4230
MD,Worcester,24047,Snow Hill,2050
MD,Worcester,24047,Bishopville,774
MD,Worcester,24047,Newark,572
MD,Worcester,24047,Girdletree,106
MD,Worcester,24047,Stockton,86
MD,Worcester,24047,Whaleyville,55
ME,Androscoggin,23001,Lewiston,58802
ME,Androscoggin,23001,Auburn,23414
ME,Androscoggin,23001,Lisbon Falls,4019
ME,Aroostook,23003,Presque Isle,9007
ME,Aroostook,23003,Caribou,7593
ME,Cumberland,23005,Portland,203969
ME,Cumberland,23005,South Portland,25532
ME,Cumberland,23005,Westbrook,19074
ME,Cumberland,23005,North Windham,6131
ME,Cumberland,23005,Cumberland Center,2926
ME,Cumberland,23005,Steep Falls,1683
ME,Cumberland,23005,Falmouth Foreside,1611
ME,Cumberland,23005,South Windham,1119
ME,Cumberland,23005,Little Falls,958
ME,Cumberland,23005,Cousins Island,451
ME,Cumberland,23005,Littlejohn Island,52
ME,Franklin,23007,Chisholm,1513
ME,Hancock,23009,Ellsworth,8180
ME,Kennebec,23011,Waterville,27054
ME,Kennebec,23011,Augusta,22116
ME,Kennebec,23011,Gardiner,5653
ME,Kennebec,23011,Hallowell,2381
ME,Knox,23013,Rockland,8616
ME,Oxford,23017,South Paris,2319
ME,Penobscot,23019,Bangor,59772
ME,Penobscot,23019,Brewer,9035
ME,Penobscot,23019,Old Town,7431
ME,Sagadahoc,23023,Bath,8338
ME,Waldo,23027,Belfast,6679
ME,Washington,23029,Calais,3005
ME,Washington,23029,Eastport,1265
ME,Washington,23029,Passamaquoddy Pleasant Point,683
ME,York,23031,Sanford,29535
ME,York,23031,Biddeford,21504
ME,York,23031,Saco,19964
ME,York,23031,South Eliot,3160
ME,York,23031,Lake Arrowhead,3067
ME,York,23031,York Harbor,2522
ME,York,23031,Cape Neddick,2217
ME,York,23031,West Kennebunk,993
ME,York,23031,Kittery Point,985
MI,Alcona,26001,Hubbard Lake,894
MI,Alcona,26001,Harrisville,467
MI,Alcona,26001,Lost Lake Woods,340
MI,Alcona,26001,Lincoln,314
MI,Alger,26003,Munising,2780
MI,Alger,26003,Chatham,205
MI,Allegan,26005,Otsego,11852
MI,Allegan,26005,Allegan,6350
MI,Allegan,26005,Wayland,4679
MI,Allegan,26005,Plainwell,3777
MI,Allegan,26005,Douglas,2806
MI,Allegan,26005,Fennville,1429
MI,Allegan,26005,Saugatuck,960
MI,Allegan,26005,Hopkins,607
MI,Allegan,26005,Martin,409
MI,Alpena,26007,Alpena,13541
MI,Alpena,26007,Ossineke,899
MI,Antrim,26009,Elk Rapids,1615
MI,Antrim,26009,Mancelona,1366
MI,Antrim,26009,Bellaire,1066
MI,Antrim,26009,Central Lake,939
MI,Antrim,26009,Lakes of the North,805
MI,Antrim,26009,Ellsworth,347
MI,Antrim,26009,Alba,342
MI,Antrim,26009,Eastport,245
MI,Antrim,26009,Alden,125
MI,Arenac,26011,Standish,1382
MI,Arenac,26011,Au Gres,829
MI,Arenac,26011,Sterling,499
MI,Arenac,26011,Omer,289
MI,Arenac,26011,Twining,168
MI,Arenac,26011,Turner,102
MI,Baraga,26013,Baraga,1946
MI,Baraga,26013,L'Anse,1842
MI,Baraga,26013,Zeba,389
MI,Barry,26015,Hastings,7670
MI,Barry,26015,Middleville,3475
MI,Barry,26015,Nashville,1684
MI,Barry,26015,Delton,879
MI,Barry,26015,Freeport,500
MI,Barry,26015,Woodland,446
MI,Barry,26015,Dowling,411
MI,Barry,26015,Hickory Corners,159
MI,Bay,26017,Bay City,66107
MI,Bay,26017,Essexville,3278
MI,Bay,26017,Auburn,2083
MI,Bay,26017,Pinconning,1230
MI,Benzie,26019,Frankfort,1290
MI,Benzie,26019,Hardwood Acres,517
MI,Benzie,26019,Benzonia,506
MI,Benzie,26019,Thompsonville,453
MI,Benzie,26019,Elberta,371
MI,Benzie,26019,Beulah,345
MI,Benzie,26019,Honor,331
MI,Benzie,26019,Lake Ann,271
MI,Benzie,26019,Bendon,181
MI,Benzie,26019,Maple Grove,180
MI,Benzie,26019,Nessen City,103
MI,Benzie,26019,Crystal Downs Country Club,77
MI,Benzie,26019,Crystal Mountain,48
MI,Benzie,26019,Pilgrim,20
MI,Berrien,26021,Benton Harbor,59216
MI,Berrien,26021,Niles,11149
MI,Berrien,26021,St. Joseph,8317
MI,Berrien,26021,Fair Plain,7076
MI,Berrien,26021,Berrien Springs,7060
MI,Berrien,26021,Buchanan,4263
MI,Berrien,26021,Benton Heights,4121
MI,Berrien,26021,Paw Paw Lake,3520
MI,Berrien,26021,Bridgman,2212
MI,Berrien,26021,New Buffalo,1868
MI,Berrien,26021,Watervliet,1646
MI,Berrien,26021,Three Oaks,1545
MI,Berrien,26021,Shorewood-Tower Hills-Harbert,1455
MI,Berrien,26021,Coloma,1411
MI,Berrien,26021,Lake Michigan Beach,1190
MI,Berrien,26021,Stevensville,1129
MI,Berrien,26021,Baroda,882
MI,Berrien,26021,Shoreham,832
MI,Berrien,26021,Eau Claire,597
MI,Berrien,26021,Galien,529
MI,Berrien,26021,New Troy,487
MI,Berrien,26021,Grand Beach,281
MI,Berrien,26021,Michiana,181
MI,Branch,26023,Coldwater,18832
MI,Branch,26023,Bronson,2303
MI,Branch,26023,Quincy,1617
MI,Branch,26023,Union City,1564
MI,Branch,26023,Sherwood,307
MI,Calhoun,26025,Battle Creek,76514
MI,Calhoun,26025,Albion,8990
MI,Calhoun,26025,Marshall,7548
MI,Calhoun,26025,Springfield,5198
MI,Calhoun,26025,Level Park-Oak Park,3833
MI,Calhoun,26025,Brownlee Park,1686
MI,Calhoun,26025,Homer,1645
MI,Calhoun,26025,Athens,996
MI,Calhoun,26025,Tekonsha,725
MI,Calhoun,26025,Burlington,278
MI,Cass,26027,Dowagiac,5864
MI,Cass,26027,Cassopolis,1699
MI,Cass,26027,Edwardsburg,1238
MI,Cass,26027,Marcellus,1139
MI,Cass,26027,Vandalia,282
MI,Charlevoix,26029,Charlevoix,4137
MI,Charlevoix,26029,Boyne City,3729
MI,Charlevoix,26029,East Jordan,2348
MI,Charlevoix,26029,Bay Shore,703
MI,Charlevoix,26029,Horton Bay,510
MI,Charlevoix,26029,Advance,391
MI,Charlevoix,26029,Boyne Falls,297
MI,Charlevoix,26029,Walloon Lake,224
MI,Charlevoix,26029,Norwood,195
MI,Charlevoix,26029,St. James,171
MI,Charlevoix,26029,Ironton,114
MI,Cheboygan,26031,Cheboygan,4686
MI,Cheboygan,26031,Indian River,1883
MI,Cheboygan,26031,Mackinaw City,795
MI,Cheboygan,26031,Wolverine,234
MI,Chippewa,26033,Sault Ste. Marie,13420
MI,Chippewa,26033,De Tour Village,317
MI,Clare,26035,Clare,5522
MI,Clare,26035,Harrison,3519
MI,Clare,26035,Farwell,871
MI,Clinton,26037,St. Johns,8510
MI,Clinton,26037,DeWitt,4808
MI,Clinton,26037,Bath,2319
MI,Clinton,26037,Ovid,1613
MI,Clinton,26037,Wacousta,1571
MI,Clinton,26037,Fowler,1222
MI,Clinton,26037,Elsie,978
MI,Clinton,26037,Westphalia,933
MI,Clinton,26037,Lake Victoria,841
MI,Clinton,26037,Maple Rapids,681
MI,Clinton,26037,Eagle,120
MI,Crawford,26039,Grayling,3790
MI,Delta,26041,Escanaba,20094
MI,Delta,26041,Gladstone,4698
MI,Delta,26041,Garden,211
MI,Dickinson,26043,Iron Mountain,18432
MI,Dickinson,26043,Kingsford,4951
MI,Dickinson,26043,Norway,2748
MI,Dickinson,26043,Quinnesec,1177
MI,Eaton,26045,Waverly,24201
MI,Eaton,26045,Charlotte,12703
MI,Eaton,26045,Grand Ledge,7896
MI,Eaton,26045,Eaton Rapids,5439
MI,Eaton,26045,Potterville,2752
MI,Eaton,26045,Olivet,1762
MI,Eaton,26045,Bellevue,1303
MI,Eaton,26045,Dimondale,1257
MI,Eaton,26045,Vermontville,771
MI,Eaton,26045,Sunfield,589
MI,Eaton,26045,Mulliken,561
MI,Emmet,26047,Petoskey,8334
MI,Emmet,26047,Harbor Springs,1205
MI,Emmet,26047,Pellston,843
MI,Emmet,26047,Alanson,764
MI,Emmet,26047,Oden,424
MI,Emmet,26047,Carp Lake,368
MI,Emmet,26047,Bay View,256
MI,Emmet,26047,Conway,170
MI,Emmet,26047,Levering,126
MI,Emmet,26047,Brutus,89
MI,Emmet,26047,Cross Village,62
MI,Emmet,26047,Ponshewaing,45
MI,Genesee,26049,Flint,332190
MI,Genesee,26049,Burton,28574
MI,Genesee,26049,Fenton,11403
MI,Genesee,26049,Beecher,9041
MI,Genesee,26049,Flushing,7880
MI,Genesee,26049,Grand Blanc,7870
MI,Genesee,26049,Goodrich,5935
MI,Genesee,26049,Swartz Creek,5501
MI,Genesee,26049,Lake Fenton,5284
MI,Genesee,26049,Davison,4881
MI,Genesee,26049,Linden,3939
MI,Genesee,26049,Mount Morris,2842
MI,Genesee,26049,Argentine,2558
MI,Genesee,26049,Clio,2497
MI,Genesee,26049,Montrose,1549
MI,Genesee,26049,Otisville,835
MI,Genesee,26049,Gaines,358
MI,Gladwin,26051,Gladwin,2894
MI,Gladwin,26051,Beaverton,1179
MI,Gogebic,26053,Ironwood,6448
MI,Gogebic,26053,Bessemer,1707
MI,Gogebic,26053,Wakefield,1668
MI,Gogebic,26053,Watersmeet,400
MI,Gogebic,26053,Marenisco,134
MI,Grand Traverse,26055,Traverse City,50522
MI,Grand Traverse,26055,Kingsley,1625
MI,Grand Traverse,26055,Chums Corner,984
MI,Grand Traverse,26055,Grawn,912
MI,Grand Traverse,26055,Fife Lake,480
MI,Grand Traverse,26055,Interlochen,268
MI,Gratiot,26057,Alma,16035
MI,Gratiot,26057,St. Louis,7265
MI,Gratiot,26057,Ithaca,2766
MI,Gratiot,26057,Breckenridge,1273
MI,Gratiot,26057,Ashley,545
MI,Gratiot,26057,Perrinton,392
MI,Hillsdale,26059,Hillsdale,11223
MI,Hillsdale,26059,Jonesville,2215
MI,Hillsdale,26059,Litchfield,1331
MI,Hillsdale,26059,Reading,1044
MI,Hillsdale,26059,Waldron,523
MI,Hillsdale,26059,Camden,501
MI,Hillsdale,26059,North Adams,461
MI,Hillsdale,26059,Montgomery,331
MI,Hillsdale,26059,Allen,190
MI,Houghton,26061,Houghton,15543
MI,Houghton,26061,Laurium,7032
MI,Houghton,26061,Hancock,4506
MI,Houghton,26061,Lake Linden,946
MI,Houghton,26061,Hubbell,925
MI,Houghton,26061,Dollar Bay,853
MI,Houghton,26061,South Range,729
MI,Houghton,26061,Calumet,687
MI,Houghton,26061,Copper City,182
MI,Huron,26063,Bad Axe,3249
MI,Huron,26063,Sebewaing,1631
MI,Huron,26063,Harbor Beach,1587
MI,Huron,26063,Pigeon,1120
MI,Huron,26063,Ubly,785
MI,Huron,26063,Elkton,749
MI,Huron,26063,Caseville,735
MI,Huron,26063,Port Austin,622
MI,Huron,26063,Bay Port,520
MI,Huron,26063,Kinde,414
MI,Huron,26063,Port Hope,249
MI,Huron,26063,Owendale,224
MI,Ingham,26065,Lansing,324286
MI,Ingham,26065,East Lansing,48145
MI,Ingham,26065,Holt,26065
MI,Ingham,26065,Okemos,24141
MI,Ingham,26065,Haslett,19565
MI,Ingham,26065,Mason,8458
MI,Ingham,26065,Williamston,6498
MI,Ingham,26065,Edgemont Park,2329
MI,Ingham,26065,Leslie,1898
MI,Ingham,26065,Webberville,1310
MI,Ingham,26065,Stockbridge,1250
MI,Ingham,26065,Dansville,569
MI,Ionia,26067,Ionia,14122
MI,Ionia,26067,Belding,5771
MI,Ionia,26067,Portland,5104
MI,Ionia,26067,Lake Odessa,2040
MI,Ionia,26067,Saranac,1328
MI,Ionia,26067,Lyons,807
MI,Ionia,26067,Muir,611
MI,Ionia,26067,Pewamo,484
MI,Ionia,26067,Hubbardston,400
MI,Ionia,26067,Clarksville,396
MI,Iosco,26069,East Tawas,4239
MI,Iosco,26069,Tawas City,1783
MI,Iosco,26069,Au Sable,1488
MI,Iosco,26069,Sand Lake,1407
MI,Iosco,26069,Oscoda,743
MI,Iosco,26069,Whittemore,375
MI,Iron,26071,Iron River,2995
MI,Iron,26071,Crystal Falls,1364
MI,Iron,26071,Caspian,845
MI,Iron,26071,Gaastra,325
MI,Iron,26071,Amasa,200
MI,Iron,26071,Alpha,134
MI,Isabella,26073,Mount Pleasant,35694
MI,Isabella,26073,Lake Isabella,1676
MI,Isabella,26073,Shepherd,1486
MI,Isabella,26073,Weidman,817
MI,Isabella,26073,Rosebush,362
MI,Isabella,26073,Beal City,336
MI,Isabella,26073,Loomis,163
MI,Jackson,26075,Jackson,87110
MI,Jackson,26075,Michigan Center,4797
MI,Jackson,26075,Vandercook Lake,4615
MI,Jackson,26075,Brooklyn,2703
MI,Jackson,26075,Spring Arbor,2402
MI,Jackson,26075,Grass Lake,1145
MI,Jackson,26075,Concord,1040
MI,Jackson,26075,Napoleon,975
MI,Jackson,26075,Springport,787
MI,Jackson,26075,Parma,744
MI,Jackson,26075,Vineyard Lake,642
MI,Jackson,26075,Hanover,427
MI,Kalamazoo,26077,Kalamazoo,215193
MI,Kalamazoo,26077,Portage,49445
MI,Kalamazoo,26077,Westwood,9271
MI,Kalamazoo,26077,Comstock Northwest,6318
MI,Kalamazoo,26077,Eastwood,5656
MI,Kalamazoo,26077,Vicksburg,3483
MI,Kalamazoo,26077,Galesburg,2081
MI,Kalamazoo,26077,Parchment,1828
MI,Kalamazoo,26077,Schoolcraft,1551
MI,Kalamazoo,26077,South Gull Lake,1236
MI,Kalamazoo,26077,Augusta,899
MI,Kalamazoo,26077,Richland,831
MI,Kalamazoo,26077,Climax,783
MI,Kalkaska,26079,Kalkaska,2766
MI,Kalkaska,26079,Rapid City,1493
MI,Kalkaska,26079,South Boardman,535
MI,Kalkaska,26079,Manistee Lake,489
MI,Kalkaska,26079,Bear Lake,368
MI,Kent,26081,Grand Rapids,609314
MI,Kent,26081,Wyoming,75667
MI,Kent,26081,Kentwood,51898
MI,Kent,26081,Forest Hills,27830
MI,Kent,26081,Walker,24869
MI,Kent,26081,Cutlerville,16895
MI,Kent,26081,Grandville,15858
MI,Kent,26081,Northview,15394
MI,Kent,26081,East Grand Rapids,11956
MI,Kent,26081,Comstock Park,10306
MI,Kent,26081,Lowell,7501
MI,Kent,26081,Byron Center,7089
MI,Kent,26081,Rockford,6391
MI,Kent,26081,Sparta,4399
MI,Kent,26081,Cedar Springs,3785
MI,Kent,26081,Caledonia,1636
MI,Kent,26081,Kent City,1187
MI,Kent,26081,Casnovia,321
MI,Keweenaw,26083,Ahmeek,144
MI,Keweenaw,26083,Eagle River,112
MI,Keweenaw,26083,Eagle Harbor,95
MI,Keweenaw,26083,Copper Harbor,85
MI,Lake,26085,Baldwin,1079
MI,Lake,26085,Luther,324
MI,Lapeer,26087,Lapeer,12959
MI,Lapeer,26087,Imlay City,3761
MI,Lapeer,26087,Almont,2842
MI,Lapeer,26087,North Branch,1006
MI,Lapeer,26087,Dryden,938
MI,Lapeer,26087,Attica,828
MI,Lapeer,26087,Columbiaville,763
MI,Lapeer,26087,Metamora,563
MI,Lapeer,26087,Otter Lake,378
MI,Lapeer,26087,Clifford,319
MI,Leelanau,26089,Greilickville,1647
MI,Leelanau,26089,Suttons Bay,619
MI,Leelanau,26089,Northport,525
MI,Leelanau,26089,Empire,376
MI,Leelanau,26089,Leland,226
MI,Leelanau,26089,Lake Leelanau,160
MI,Leelanau,26089,Omena,144
MI,Leelanau,26089,Glen Arbor,129
MI,Leelanau,26089,Maple City,113
MI,Leelanau,26089,Cedar,106
MI,Lenawee,26091,Adrian,43689
MI,Lenawee,26091,Tecumseh,8398
MI,Lenawee,26091,Blissfield,3266
MI,Lenawee,26091,Clinton,2290
MI,Lenawee,26091,Hudson,2210
MI,Lenawee,26091,Morenci,2147
MI,Lenawee,26091,Manitou Beach-Devils Lake,1724
MI,Lenawee,26091,Onsted,950
MI,Lenawee,26091,Deerfield,857
MI,Lenawee,26091,Addison,583
MI,Lenawee,26091,Britton,563
MI,Lenawee,26091,Cement City,427
MI,Lenawee,26091,Jasper,383
MI,Lenawee,26091,Clayton,330
MI,Livingston,26093,Howell,9604
MI,Livingston,26093,Brighton,7656
MI,Livingston,26093,Fowlerville,3802
MI,Livingston,26093,Pinckney,2420
MI,Luce,26095,Newberry,2965
MI,Mackinac,26097,St. Ignace,2397
MI,Mackinac,26097,Mackinac Island,471
MI,Macomb,26099,Warren,133943
MI,Macomb,26099,Sterling Heights,132438
MI,Macomb,26099,St. Clair Shores,58984
MI,Macomb,26099,Roseville,47018
MI,Macomb,26099,Eastpointe,32081
MI,Macomb,26099,Mount Clemens,16163
MI,Macomb,26099,Fraser,14480
MI,Macomb,26099,New Baltimore,12347
MI,Macomb,26099,Center Line,8171
MI,Macomb,26099,Richmond,6262
MI,Macomb,26099,Utica,5107
MI,Macomb,26099,New Haven,4907
MI,Macomb,26099,Romeo,3606
MI,Macomb,26099,Armada,1715
MI,Macomb,26099,Memphis,1177
MI,Manistee,26101,Manistee,9433
MI,Manistee,26101,Parkdale,740
MI,Manistee,26101,Oak Hill,617
MI,Manistee,26101,Eastlake,507
MI,Manistee,26101,Kaleva,460
MI,Manistee,26101,Brethren,429
MI,Manistee,26101,Onekama,404
MI,Manistee,26101,Arcadia,255
MI,Manistee,26101,Wellston,246
MI,Manistee,26101,Copemish,193
MI,Manistee,26101,Stronach,187
MI,Manistee,26101,Filer City,57
MI,Marquette,26103,Marquette,26491
MI,Marquette,26103,Ishpeming,12198
MI,Marquette,26103,Negaunee,4525
MI,Marquette,26103,K. I. Sawyer,3005
MI,Marquette,26103,West Ishpeming,2739
MI,Marquette,26103,Trowbridge Park,2278
MI,Marquette,26103,Gwinn,2033
MI,Marquette,26103,Harvey,1534
MI,Marquette,26103,Republic,520
MI,Marquette,26103,Palmer,423
MI,Marquette,26103,Michigamme,236
MI,Marquette,26103,Big Bay,189
MI,Mason,26105,Ludington,10752
MI,Mason,26105,Scottville,1211
MI,Mason,26105,Custer,285
MI,Mason,26105,Fountain,198
MI,Mason,26105,Free Soil,144
MI,Mecosta,26107,Big Rapids,13921
MI,Mecosta,26107,Canadian Lakes,2574
MI,Mecosta,26107,Morley,493
MI,Mecosta,26107,Mecosta,454
MI,Mecosta,26107,Barryton,353
MI,Mecosta,26107,Stanwood,212
MI,Menominee,26109,Menominee,8029
MI,Menominee,26109,Stephenson,826
MI,Menominee,26109,Powers,405
MI,Menominee,26109,Daggett,244
MI,Menominee,26109,Carney,182
MI,Midland,26111,Midland,58787
MI,Midland,26111,Coleman,1203
MI,Midland,26111,Sanford,844
MI,Missaukee,26113,Lake City,837
MI,Missaukee,26113,McBain,668
MI,Missaukee,26113,Jennings,266
MI,Monroe,26115,Monroe,48317
MI,Monroe,26115,Lambertville,9524
MI,Monroe,26115,Temperance,8201
MI,Monroe,26115,South Monroe,5977
MI,Monroe,26115,Dundee,4601
MI,Monroe,26115,West Monroe,3488
MI,Monroe,26115,Carleton,2354
MI,Monroe,26115,Woodland Beach,2294
MI,Monroe,26115,Stony Point,1762
MI,Monroe,26115,Detroit Beach,1742
MI,Monroe,26115,South Rockwood,1657
MI,Monroe,26115,Luna Pier,1396
MI,Monroe,26115,Petersburg,1128
MI,Monroe,26115,Maybee,532
MI,Monroe,26115,Estral Beach,397
MI,Montcalm,26117,Greenville,9672
MI,Montcalm,26117,Howard City,1830
MI,Montcalm,26117,Stanton,1422
MI,Montcalm,26117,Edmore,1192
MI,Montcalm,26117,Carson City,1111
MI,Montcalm,26117,Lakeview,1002
MI,Montcalm,26117,Sheridan,650
MI,Montcalm,26117,McBride,205
MI,Montcalm,26117,Pierson,175
MI,Montmorency,26119,Lewiston,1289
MI,Montmorency,26119,Atlanta,703
MI,Montmorency,26119,Hillman,669
MI,Montmorency,26119,Canada Creek Ranch,248
MI,Muskegon,26121,Muskegon,153565
MI,Muskegon,26121,Norton Shores,24664
MI,Muskegon,26121,Whitehall,11061
MI,Muskegon,26121,Muskegon Heights,10736
MI,Muskegon,26121,Wolf Lake,3884
MI,Muskegon,26121,Roosevelt Park,3796
MI,Muskegon,26121,North Muskegon,3793
MI,Muskegon,26121,Montague,2361
MI,Muskegon,26121,Twin Lake,1513
MI,Muskegon,26121,Lakewood Club,1292
MI,Muskegon,26121,Ravenna,1274
MI,Muskegon,26121,Fruitport,1149
MI,Newaygo,26123,Fremont,4494
MI,Newaygo,26123,Newaygo,3489
MI,Newaygo,26123,White Cloud,1387
MI,Newaygo,26123,Grant,884
MI,Oakland,26125,South Lyon,124694
MI,Oakland,26125,Troy,84092
MI,Oakland,26125,Farmington Hills,80612
MI,Oakland,26125,Rochester Hills,74516
MI,Oakland,26125,Southfield,72689
MI,Oakland,26125,Novi,60896
MI,Oakland,26125,Pontiac,59438
MI,Oakland,26125,Royal Oak,59277
MI,Oakland,26125,Madison Heights,29886
MI,Oakland,26125,Oak Park,29431
MI,Oakland,26125,Auburn Hills,24748
MI,Oakland,26125,Birmingham,21389
MI,Oakland,26125,Ferndale,20033
MI,Oakland,26125,Hazel Park,16347
MI,Oakland,26125,Berkley,15366
MI,Oakland,26125,Wixom,14049
MI,Oakland,26125,Rochester,13296
MI,Oakland,26125,Clawson,11845
MI,Oakland,26125,Farmington,10491
MI,Oakland,26125,Beverly Hills,10352
MI,Oakland,26125,Holly,8313
MI,Oakland,26125,Walled Lake,7134
MI,Oakland,26125,Milford,6515
MI,Oakland,26125,Huntington Woods,6265
MI,Oakland,26125,Wolverine Lake,4783
MI,Oakland,26125,Lathrup Village,4091
MI,Oakland,26125,Bloomfield Hills,3997
MI,Oakland,26125,Oxford,3556
MI,Oakland,26125,Keego Harbor,3381
MI,Oakland,26125,Franklin,3246
MI,Oakland,26125,Lake Orion,3189
MI,Oakland,26125,Orchard Lake Village,2473
MI,Oakland,26125,Pleasant Ridge,2425
MI,Oakland,26125,Sylvan Lake,1858
MI,Oakland,26125,Ortonville,1443
MI,Oakland,26125,Bingham Farms,1148
MI,Oakland,26125,Village of Clarkston,921
MI,Oakland,26125,Leonard,409
MI,Oakland,26125,Lake Angelus,307
MI,Oceana,26127,Hart,2485
MI,Oceana,26127,Shelby,2012
MI,Oceana,26127,Hesperia,929
MI,Oceana,26127,Pentwater,848
MI,Oceana,26127,Rothbury,448
MI,Oceana,26127,New Era,440
MI,Oceana,26127,Walkerville,260
MI,Ogemaw,26129,Skidway Lake,3369
MI,Ogemaw,26129,West Branch,2050
MI,Ogemaw,26129,Rose City,632
MI,Ogemaw,26129,Lupton,293
MI,Ogemaw,26129,Prescott,254
MI,Ontonagon,26131,Ontonagon,1250
MI,Ontonagon,26131,White Pine,455
MI,Osceola,26133,Reed City,2391
MI,Osceola,26133,Evart,1882
MI,Osceola,26133,Marion,856
MI,Osceola,26133,Hersey,346
MI,Osceola,26133,Le Roy,252
MI,Osceola,26133,Tustin,217
MI,Oscoda,26135,Mio,1743
MI,Otsego,26137,Gaylord,8388
MI,Otsego,26137,Vanderbilt,565
MI,Ottawa,26139,Holland,100432
MI,Ottawa,26139,Allendale,21672
MI,Ottawa,26139,Jenison,17431
MI,Ottawa,26139,Grand Haven,11047
MI,Ottawa,26139,Hudsonville,7348
MI,Ottawa,26139,Zeeland,5536
MI,Ottawa,26139,Coopersville,4387
MI,Ottawa,26139,Beechwood,3109
MI,Ottawa,26139,Ferrysburg,3028
MI,Ottawa,26139,Spring Lake,2485
MI,Presque Isle,26141,Rogers City,2653
MI,Presque Isle,26141,Onaway,828
MI,Presque Isle,26141,Presque Isle Harbor,579
MI,Presque Isle,26141,Posen,218
MI,Presque Isle,26141,Millersburg,194
MI,Roscommon,26143,Houghton Lake,3350
MI,Roscommon,26143,St. Helen,2671
MI,Roscommon,26143,Prudenville,1942
MI,Roscommon,26143,Roscommon,1050
MI,Saginaw,26145,Saginaw,117958
MI,Saginaw,26145,Freeland,6898
MI,Saginaw,26145,Bridgeport,6425
MI,Saginaw,26145,Buena Vista,6234
MI,Saginaw,26145,Shields,5945
MI,Saginaw,26145,Frankenmuth,5560
MI,Saginaw,26145,Chesaning,2238
MI,Saginaw,26145,St. Charles,1896
MI,Saginaw,26145,Zilwaukee,1529
MI,Saginaw,26145,Birch Run,1476
MI,Saginaw,26145,Hemlock,1261
MI,Saginaw,26145,Burt,1106
MI,Saginaw,26145,Robin Glen-Indiantown,752
MI,Saginaw,26145,Merrill,723
MI,Saginaw,26145,Oakley,274
MI,Sanilac,26151,Sandusky,2609
MI,Sanilac,26151,Croswell,2286
MI,Sanilac,26151,Marlette,1767
MI,Sanilac,26151,Brown City,1250
MI,Sanilac,26151,Lexington,1118
MI,Sanilac,26151,Deckerville,781
MI,Sanilac,26151,Peck,595
MI,Sanilac,26151,Port Sanilac,581
MI,Sanilac,26151,Carsonville,495
MI,Sanilac,26151,Snover,368
MI,Sanilac,26151,Applegate,232
MI,Sanilac,26151,Minden City,184
MI,Sanilac,26151,Melvin,168
MI,Sanilac,26151,Forestville,127
MI,Schoolcraft,26153,Manistique,3303
MI,Shiawassee,26155,Owosso,21315
MI,Shiawassee,26155,Durand,4633
MI,Shiawassee,26155,Perry,4102
MI,Shiawassee,26155,Corunna,3344
MI,Shiawassee,26155,Laingsburg,1285
MI,Shiawassee,26155,Morrice,910
MI,Shiawassee,26155,Middletown,834
MI,Shiawassee,26155,Vernon,772
MI,Shiawassee,26155,New Lothrop,554
MI,Shiawassee,26155,Byron,549
MI,Shiawassee,26155,Bancroft,497
MI,Shiawassee,26155,Lennon,482
MI,Shiawassee,26155,Henderson,370
MI,St. Clair,26147,Port Huron,82970
MI,St. Clair,26147,Marysville,9672
MI,St. Clair,26147,St. Clair,5279
MI,St. Clair,26147,Marine City,4058
MI,St. Clair,26147,Algonac,4037
MI,St. Clair,26147,Pearl Beach,2872
MI,St. Clair,26147,Yale,1870
MI,St. Clair,26147,Capac,1837
MI,St. Clair,26147,Emmett,260
MI,St. Joseph,26149,Sturgis,12881
MI,St. Joseph,26149,Three Rivers,10560
MI,St. Joseph,26149,Constantine,4143
MI,St. Joseph,26149,White Pigeon,1527
MI,St. Joseph,26149,Centreville,1406
MI,St. Joseph,26149,Colon,1158
MI,St. Joseph,26149,Mendon,851
MI,St. Joseph,26149,Burr Oak,806
MI,Tuscola,26157,Caro,4821
MI,Tuscola,26157,Vassar,3500
MI,Tuscola,26157,Cass City,2276
MI,Tuscola,26157,Reese,1364
MI,Tuscola,26157,Millington,997
MI,Tuscola,26157,Mayville,885
MI,Tuscola,26157,Fostoria,563
MI,Tuscola,26157,Fairgrove,525
MI,Tuscola,26157,Unionville,471
MI,Tuscola,26157,Kingston,409
MI,Tuscola,26157,Akron,375
MI,Tuscola,26157,Gagetown,363
MI,Van Buren,26159,Paw Paw,8270
MI,Van Buren,26159,South Haven,5719
MI,Van Buren,26159,Hartford,2592
MI,Van Buren,26159,Mattawan,1982
MI,Van Buren,26159,Bangor,1833
MI,Van Buren,26159,Lawton,1805
MI,Van Buren,26159,Decatur,1732
MI,Van Buren,26159,Lawrence,976
MI,Van Buren,26159,Gobles,798
MI,Van Buren,26159,Bloomingdale,439
MI,Van Buren,26159,Breedsville,191
MI,Washtenaw,26161,Ann Arbor,322267
MI,Washtenaw,26161,Ypsilanti,20171
MI,Washtenaw,26161,Saline,9343
MI,Washtenaw,26161,Milan,7778
MI,Washtenaw,26161,Whitmore Lake,6618
MI,Washtenaw,26161,Chelsea,5837
MI,Washtenaw,26161,Dexter,4715
MI,Washtenaw,26161,Manchester,2154
MI,Washtenaw,26161,Barton Hills,307
MI,Wayne,26163,Detroit,3506126
MI,Wayne,26163,Dearborn,93932
MI,Wayne,26163,Livonia,93665
MI,Wayne,26163,Westland,81511
MI,Wayne,26163,Taylor,60922
MI,Wayne,26163,Dearborn Heights,55353
MI,Wayne,26163,Lincoln Park,36321
MI,Wayne,26163,Southgate,28959
MI,Wayne,26163,Allen Park,26940
MI,Wayne,26163,Garden City,26408
MI,Wayne,26163,Wyandotte,24859
MI,Wayne,26163,Inkster,24284
MI,Wayne,26163,Romulus,23573
MI,Wayne,26163,Hamtramck,21599
MI,Wayne,26163,Trenton,18157
MI,Wayne,26163,Wayne,16814
MI,Wayne,26163,Grosse Pointe Woods,15332
MI,Wayne,26163,Harper Woods,13746
MI,Wayne,26163,Woodhaven,12469
MI,Wayne,26163,Riverview,12032
MI,Wayne,26163,Grosse Pointe Park,11050
MI,Wayne,26163,Highland Park,10775
MI,Wayne,26163,Melvindale,10248
MI,Wayne,26163,Flat Rock,10004
MI,Wayne,26163,Ecorse,9570
MI,Wayne,26163,Plymouth,9154
MI,Wayne,26163,Grosse Pointe Farms,9114
MI,Wayne,26163,River Rouge,7419
MI,Wayne,26163,Northville,5958
MI,Wayne,26163,Grosse Pointe,5154
MI,Wayne,26163,Gibraltar,4519
MI,Wayne,26163,Belleville,3896
MI,Wayne,26163,Rockwood,3158
MI,Wayne,26163,Village of Grosse Pointe Shores,2794
MI,Wexford,26165,Cadillac,11850
MI,Wexford,26165,Manton,1555
MI,Wexford,26165,Buckley,718
MI,Wexford,26165,Haring,484
MI,Wexford,26165,Mesick,405
MI,Wexford,26165,Wedgewood,279
MI,Wexford,26165,Boon,240
MI,Wexford,26165,Harrietta,146
MI,Wexford,26165,Caberfae,57
MN,Aitkin,27001,Aitkin,1985
MN,Aitkin,27001,Hill City,585
MN,Aitkin,27001,McGregor,363
MN,Aitkin,27001,Palisade,169
MN,Aitkin,27001,Tamarack,94
MN,Aitkin,27001,McGrath,74
MN,Anoka,27003,Blaine,65607
MN,Anoka,27003,Coon Rapids,62998
MN,Anoka,27003,Andover,33140
MN,Anoka,27003,Fridley,27826
MN,Anoka,27003,Ramsey,27721
MN,Anoka,27003,Lino Lakes,22119
MN,Anoka,27003,Columbia Heights,20427
MN,Anoka,27003,Anoka,17549
MN,Anoka,27003,Ham Lake,16783
MN,Anoka,27003,East Bethel,12038
MN,Anoka,27003,Oak Grove,8917
MN,Anoka,27003,St. Francis,7916
MN,Anoka,27003,Spring Lake Park,6919
MN,Anoka,27003,Circle Pines,4938
MN,Anoka,27003,Nowthen,4741
MN,Anoka,27003,Columbus,4130
MN,Anoka,27003,Centerville,4002
MN,Anoka,27003,Lexington,2652
MN,Anoka,27003,Martin Lake,806
MN,Anoka,27003,Hilltop,757
MN,Anoka,27003,Bethel,501
MN,Becker,27005,Detroit Lakes,9288
MN,Becker,27005,Frazee,1391
MN,Becker,27005,Lake Park,793
MN,Becker,27005,White Earth,567
MN,Becker,27005,Audubon,520
MN,Becker,27005,Pine Point,373
MN,Becker,27005,Osage,317
MN,Becker,27005,Callaway,230
MN,Becker,27005,Ogema,185
MN,Becker,27005,Wolf Lake,56
MN,Beltrami,27007,Bemidji,16807
MN,Beltrami,27007,Red Lake,1787
MN,Beltrami,27007,Little Rock,1170
MN,Beltrami,27007,Redby,1143
MN,Beltrami,27007,Blackduck,833
MN,Beltrami,27007,Ponemah,742
MN,Beltrami,27007,Wilton,296
MN,Beltrami,27007,Kelliher,267
MN,Beltrami,27007,Tenstrike,200
MN,Beltrami,27007,Solway,95
MN,Beltrami,27007,Turtle River,80
MN,Beltrami,27007,Funkley,8
MN,Benton,27009,Sauk Rapids,14146
MN,Benton,27009,Foley,2673
MN,Benton,27009,Rice,1391
MN,Benton,27009,Gilman,219
MN,Benton,27009,Ronneby,37
MN,Big Stone,27011,Ortonville,1782
MN,Big Stone,27011,Graceville,560
MN,Big Stone,27011,Clinton,413
MN,Big Stone,27011,Beardsley,212
MN,Big Stone,27011,Odessa,131
MN,Big Stone,27011,Correll,32
MN,Big Stone,27011,Johnson,27
MN,Big Stone,27011,Barry,15
MN,Blue Earth,27013,Mankato,62889
MN,Blue Earth,27013,Eagle Lake,3087
MN,Blue Earth,27013,Lake Crystal,2495
MN,Blue Earth,27013,Mapleton,1692
MN,Blue Earth,27013,Madison Lake,1174
MN,Blue Earth,27013,St. Clair,824
MN,Blue Earth,27013,Good Thunder,565
MN,Blue Earth,27013,Amboy,507
MN,Blue Earth,27013,Garden City,317
MN,Blue Earth,27013,Vernon Center,313
MN,Blue Earth,27013,Skyline,300
MN,Blue Earth,27013,Pemberton,241
MN,Brown,27015,New Ulm,13212
MN,Brown,27015,Sleepy Eye,3356
MN,Brown,27015,Springfield,2004
MN,Brown,27015,Hanska,375
MN,Brown,27015,Comfrey,354
MN,Brown,27015,Searles,270
MN,Brown,27015,Evan,84
MN,Brown,27015,Cobden,35
MN,Carlton,27017,Cloquet,12813
MN,Carlton,27017,Moose Lake,3151
MN,Carlton,27017,Esko,2042
MN,Carlton,27017,Carlton,1033
MN,Carlton,27017,Scanlon,959
MN,Carlton,27017,Barnum,600
MN,Carlton,27017,Wrenshall,424
MN,Carlton,27017,Mahtowa,358
MN,Carlton,27017,Cromwell,232
MN,Carlton,27017,Kettle River,172
MN,Carlton,27017,Wright,127
MN,Carver,27019,Chaska,26989
MN,Carver,27019,Chanhassen,26389
MN,Carver,27019,Waconia,12428
MN,Carver,27019,Victoria,10206
MN,Carver,27019,Carver,5046
MN,Carver,27019,Watertown,4529
MN,Carver,27019,Norwood Young America,3769
MN,Carver,27019,Mayer,2266
MN,Carver,27019,Cologne,1797
MN,Carver,27019,Hamburg,517
MN,Carver,27019,New Germany,419
MN,Cass,27021,Lake Shore,1058
MN,Cass,27021,East Gull Lake,1039
MN,Cass,27021,Walker,934
MN,Cass,27021,Pine River,927
MN,Cass,27021,Cass Lake,756
MN,Cass,27021,Pillager,483
MN,Cass,27021,Remer,398
MN,Cass,27021,Hackensack,310
MN,Cass,27021,Backus,252
MN,Cass,27021,Longville,150
MN,Cass,27021,Bena,123
MN,Cass,27021,Chickamaw Beach,111
MN,Cass,27021,Federal Dam,110
MN,Cass,27021,Whipholt,95
MN,Cass,27021,Boy River,51
MN,Chippewa,27023,Montevideo,5043
MN,Chippewa,27023,Clara City,1276
MN,Chippewa,27023,Milan,354
MN,Chippewa,27023,Maynard,345
MN,Chippewa,27023,Watson,189
MN,Chisago,27025,North Branch,10767
MN,Chisago,27025,Lindstrom,9023
MN,Chisago,27025,Wyoming,8066
MN,Chisago,27025,Chisago City,5224
MN,Chisago,27025,Rush City,3218
MN,Chisago,27025,Stacy,1518
MN,Chisago,27025,Harris,1186
MN,Chisago,27025,Shafer,1117
MN,Chisago,27025,Taylors Falls,1034
MN,Chisago,27025,Center City,664
MN,Clay,27027,Moorhead,43652
MN,Clay,27027,Dilworth,4422
MN,Clay,27027,Barnesville,2602
MN,Clay,27027,Hawley,2198
MN,Clay,27027,Glyndon,1373
MN,Clay,27027,Sabin,558
MN,Clay,27027,Ulen,544
MN,Clay,27027,Hitterdal,211
MN,Clay,27027,Felton,172
MN,Clay,27027,Georgetown,126
MN,Clay,27027,Comstock,108
MN,Clay,27027,Baker,37
MN,Clearwater,27029,Bagley,1406
MN,Clearwater,27029,Clearbrook,521
MN,Clearwater,27029,Gonvick,279
MN,Clearwater,27029,Shevlin,175
MN,Clearwater,27029,Ebro,84
MN,Clearwater,27029,South End,49
MN,Clearwater,27029,Leonard,43
MN,Clearwater,27029,Roy Lake,23
MN,Cook,27031,Grand Marais,1357
MN,Cook,27031,Lutsen,213
MN,Cottonwood,27033,Windom,4386
MN,Cottonwood,27033,Mountain Lake,2037
MN,Cottonwood,27033,Westbrook,704
MN,Cottonwood,27033,Jeffers,346
MN,Cottonwood,27033,Storden,204
MN,Cottonwood,27033,Bingham Lake,124
MN,Crow Wing,27035,Brainerd,19583
MN,Crow Wing,27035,Baxter,8364
MN,Crow Wing,27035,Crosby,3385
MN,Crow Wing,27035,Breezy Point,2413
MN,Crow Wing,27035,Crosslake,2354
MN,Crow Wing,27035,Pequot Lakes,2299
MN,Crow Wing,27035,Nisswa,2096
MN,Crow Wing,27035,Emily,840
MN,Crow Wing,27035,Ironton,556
MN,Crow Wing,27035,Deerwood,532
MN,Crow Wing,27035,Jenkins,469
MN,Crow Wing,27035,Fifty Lakes,404
MN,Crow Wing,27035,Cuyuna,360
MN,Crow Wing,27035,Garrison,207
MN,Crow Wing,27035,Riverton,113
MN,Crow Wing,27035,Trommald,100
MN,Crow Wing,27035,Merrifield,73
MN,Crow Wing,27035,Fort Ripley,67
MN,Crow Wing,27035,Manhattan Beach,66
MN,Dakota,27037,Lakeville,67317
MN,Dakota,27037,Eagan,66372
MN,Dakota,27037,Burnsville,61339
MN,Dakota,27037,Apple Valley,55135
MN,Dakota,27037,Inver Grove Heights,35672
MN,Dakota,27037,Rosemount,25207
MN,Dakota,27037,Farmington,23091
MN,Dakota,27037,Hastings,23047
MN,Dakota,27037,South St. Paul,20060
MN,Dakota,27037,West St. Paul,19961
MN,Dakota,27037,Mendota Heights,11343
MN,Dakota,27037,Lilydale,846
MN,Dakota,27037,Hampton,697
MN,Dakota,27037,Sunfish Lake,544
MN,Dakota,27037,Randolph,446
MN,Dakota,27037,Vermillion,419
MN,Dakota,27037,Mendota,217
MN,Dakota,27037,Coates,156
MN,Dakota,27037,Miesville,122
MN,Dakota,27037,New Trier,106
MN,Dodge,27039,Kasson,7715
MN,Dodge,27039,Dodge Center,2768
MN,Dodge,27039,Hayfield,1337
MN,Dodge,27039,Mantorville,1210
MN,Dodge,27039,West Concord,768
MN,Dodge,27039,Claremont,537
MN,Douglas,27041,Alexandria,21204
MN,Douglas,27041,Osakis,1744
MN,Douglas,27041,Evansville,598
MN,Douglas,27041,Carlos,491
MN,Douglas,27041,Brandon,485
MN,Douglas,27041,Miltona,424
MN,Douglas,27041,Garfield,350
MN,Douglas,27041,Kensington,303
MN,Douglas,27041,Nelson,194
MN,Douglas,27041,Forada,190
MN,Douglas,27041,Millerville,104
MN,Faribault,27043,Blue Earth,3108
MN,Faribault,27043,Wells,2169
MN,Faribault,27043,Winnebago,1340
MN,Faribault,27043,Minnesota Lake,644
MN,Faribault,27043,Elmore,616
MN,Faribault,27043,Kiester,462
MN,Faribault,27043,Bricelyn,337
MN,Faribault,27043,Easton,184
MN,Faribault,27043,Frost,182
MN,Faribault,27043,Delavan,166
MN,Faribault,27043,Walters,67
MN,Fillmore,27045,Chatfield,2829
MN,Fillmore,27045,Spring Valley,2410
MN,Fillmore,27045,Rushford,1695
MN,Fillmore,27045,Preston,1289
MN,Fillmore,27045,Harmony,987
MN,Fillmore,27045,Rushford Village,836
MN,Fillmore,27045,Mabel,749
MN,Fillmore,27045,Lanesboro,725
MN,Fillmore,27045,Wykoff,430
MN,Fillmore,27045,Fountain,399
MN,Fillmore,27045,Canton,344
MN,Fillmore,27045,Ostrander,248
MN,Fillmore,27045,Peterson,198
MN,Fillmore,27045,Whalan,66
MN,Freeborn,27047,Albert Lea,17656
MN,Freeborn,27047,Clarks Grove,687
MN,Freeborn,27047,Alden,639
MN,Freeborn,27047,Glenville,622
MN,Freeborn,27047,Geneva,537
MN,Freeborn,27047,Emmons,379
MN,Freeborn,27047,Hartland,306
MN,Freeborn,27047,Hollandale,299
MN,Freeborn,27047,Freeborn,274
MN,Freeborn,27047,Hayward,242
MN,Freeborn,27047,Conger,144
MN,Freeborn,27047,Manchester,55
MN,Freeborn,27047,Myrtle,45
MN,Goodhue,27049,Red Wing,16320
MN,Goodhue,27049,Cannon Falls,4050
MN,Goodhue,27049,Zumbrota,3501
MN,Goodhue,27049,Pine Island,3475
MN,Goodhue,27049,Kenyon,1801
MN,Goodhue,27049,Goodhue,1177
MN,Goodhue,27049,Wanamingo,1078
MN,Goodhue,27049,Frontenac,227
MN,Goodhue,27049,Dennison,214
MN,Goodhue,27049,Bellechester,174
MN,Grant,27051,Elbow Lake,1153
MN,Grant,27051,Hoffman,682
MN,Grant,27051,Ashby,441
MN,Grant,27051,Herman,440
MN,Grant,27051,Barrett,407
MN,Grant,27051,Wendell,163
MN,Grant,27051,Norcross,70
MN,Hennepin,27053,Minneapolis,2977172
MN,Hennepin,27053,Bloomington,84943
MN,Hennepin,27053,Brooklyn Park,80389
MN,Hennepin,27053,Plymouth,79768
MN,Hennepin,27053,Maple Grove,72622
MN,Hennepin,27053,Eden Prairie,64893
MN,Hennepin,27053,Minnetonka,54064
MN,Hennepin,27053,Edina,52857
MN,Hennepin,27053,St. Louis Park,48662
MN,Hennepin,27053,Richfield,36354
MN,Hennepin,27053,Brooklyn Center,30690
MN,Hennepin,27053,Champlin,25268
MN,Hennepin,27053,Crystal,22899
MN,Hennepin,27053,Golden Valley,21886
MN,Hennepin,27053,New Hope,20907
MN,Hennepin,27053,Hopkins,18468
MN,Hennepin,27053,Robbinsdale,14389
MN,Hennepin,27053,Rogers,13490
MN,Hennepin,27053,Mound,9509
MN,Hennepin,27053,St. Anthony,9013
MN,Hennepin,27053,Orono,8339
MN,Hennepin,27053,Minnetrista,8130
MN,Hennepin,27053,Shorewood,8084
MN,Hennepin,27053,Medina,6712
MN,Hennepin,27053,Dayton,6686
MN,Hennepin,27053,Corcoran,6250
MN,Hennepin,27053,Wayzata,4657
MN,Hennepin,27053,Deephaven,3928
MN,Hennepin,27053,Independence,3803
MN,Hennepin,27053,Greenfield,3038
MN,Hennepin,27053,Osseo,2738
MN,Hennepin,27053,St. Bonifacius,2374
MN,Hennepin,27053,Excelsior,2340
MN,Hennepin,27053,Maple Plain,2114
MN,Hennepin,27053,Long Lake,1816
MN,Hennepin,27053,Spring Park,1784
MN,Hennepin,27053,Tonka Bay,1568
MN,Hennepin,27053,Greenwood,752
MN,Hennepin,27053,Loretto,664
MN,Hennepin,27053,Minnetonka Beach,581
MN,Hennepin,27053,Woodland,486
MN,Hennepin,27053,Medicine Lake,374
MN,Houston,27055,La Crescent,5029
MN,Houston,27055,Caledonia,2753
MN,Houston,27055,Spring Grove,1266
MN,Houston,27055,Houston,965
MN,Houston,27055,Hokah,547
MN,Houston,27055,Brownsville,505
MN,Houston,27055,Eitzen,249
MN,Hubbard,27057,Park Rapids,4235
MN,Hubbard,27057,Akeley,443
MN,Hubbard,27057,Nevis,414
MN,Hubbard,27057,Lake George,277
MN,Hubbard,27057,Laporte,116
MN,Isanti,27059,Cambridge,16143
MN,Isanti,27059,Isanti,6120
MN,Isanti,27059,Braham,1816
MN,Isanti,27059,Stanchfield,68
MN,Itasca,27061,Grand Rapids,11214
MN,Itasca,27061,Cohasset,2725
MN,Itasca,27061,Coleraine,1972
MN,Itasca,27061,Keewatin,1013
MN,Itasca,27061,Nashwauk,952
MN,Itasca,27061,Deer River,930
MN,Itasca,27061,Bovey,784
MN,Itasca,27061,Marble,671
MN,Itasca,27061,La Prairie,660
MN,Itasca,27061,Taconite,633
MN,Itasca,27061,Bigfork,442
MN,Itasca,27061,Calumet,351
MN,Itasca,27061,Inger,193
MN,Itasca,27061,Warba,182
MN,Itasca,27061,Ball Club,165
MN,Itasca,27061,Effie,118
MN,Itasca,27061,Squaw Lake,106
MN,Itasca,27061,Zemple,90
MN,Jackson,27063,Jackson,3179
MN,Jackson,27063,Lakefield,1615
MN,Jackson,27063,Heron Lake,648
MN,Jackson,27063,Okabena,195
MN,Jackson,27063,Alpha,119
MN,Jackson,27063,Fish Lake,104
MN,Jackson,27063,Wilder,57
MN,Kanabec,27065,Mora,3653
MN,Kanabec,27065,Ogilvie,374
MN,Kanabec,27065,Grasston,153
MN,Kanabec,27065,Quamba,127
MN,Kandiyohi,27067,Willmar,20510
MN,Kandiyohi,27067,New London,3619
MN,Kandiyohi,27067,Spicer,1222
MN,Kandiyohi,27067,Atwater,1119
MN,Kandiyohi,27067,Raymond,756
MN,Kandiyohi,27067,Pennock,513
MN,Kandiyohi,27067,Prinsburg,498
MN,Kandiyohi,27067,Kandiyohi,481
MN,Kandiyohi,27067,Lake Lillian,235
MN,Kandiyohi,27067,Blomkest,158
MN,Kandiyohi,27067,Sunburg,99
MN,Kandiyohi,27067,Regal,35
MN,Kittson,27069,Hallock,921
MN,Kittson,27069,Karlstad,719
MN,Kittson,27069,Lancaster,334
MN,Kittson,27069,Lake Bronson,205
MN,Kittson,27069,Kennedy,180
MN,Kittson,27069,St. Vincent,62
MN,Kittson,27069,Halma,61
MN,Kittson,27069,Humboldt,42
MN,Kittson,27069,Donaldson,40
MN,Koochiching,27071,International Falls,6382
MN,Koochiching,27071,Littlefork,592
MN,Koochiching,27071,Ranier,556
MN,Koochiching,27071,Big Falls,208
MN,Koochiching,27071,Northome,188
MN,Koochiching,27071,Mizpah,52
MN,Lac qui Parle,27073,Dawson,1400
MN,Lac qui Parle,27073,Madison,1400
MN,Lac qui Parle,27073,Boyd,157
MN,Lac qui Parle,27073,Bellingham,150
MN,Lac qui Parle,27073,Marietta,141
MN,Lac qui Parle,27073,Nassau,67
MN,Lac qui Parle,27073,Louisburg,44
MN,Lake,27075,Two Harbors,3529
MN,Lake,27075,Silver Bay,1762
MN,Lake,27075,Finland,179
MN,Lake,27075,Beaver Bay,171
MN,Lake of the Woods,27077,Baudette,1020
MN,Lake of the Woods,27077,Williams,174
MN,Le Sueur,27079,New Prague,8859
MN,Le Sueur,27079,Le Sueur,4057
MN,Le Sueur,27079,Montgomery,3050
MN,Le Sueur,27079,Le Center,2516
MN,Le Sueur,27079,Waterville,1892
MN,Le Sueur,27079,Elysian,765
MN,Le Sueur,27079,Cleveland,738
MN,Le Sueur,27079,Kasota,672
MN,Le Sueur,27079,Kilkenny,144
MN,Le Sueur,27079,Heidelberg,124
MN,Lincoln,27081,Tyler,1069
MN,Lincoln,27081,Hendricks,675
MN,Lincoln,27081,Lake Benton,635
MN,Lincoln,27081,Ivanhoe,531
MN,Lincoln,27081,Arco,69
MN,Lyon,27083,Marshall,13487
MN,Lyon,27083,Tracy,2077
MN,Lyon,27083,Minneota,1356
MN,Lyon,27083,Cottonwood,1236
MN,Lyon,27083,Balaton,624
MN,Lyon,27083,Lynd,466
MN,Lyon,27083,Ghent,366
MN,Lyon,27083,Russell,342
MN,Lyon,27083,Taunton,133
MN,Lyon,27083,Garvin,131
MN,Lyon,27083,Florence,36
MN,Mahnomen,27087,Mahnomen,1231
MN,Mahnomen,27087,Naytahwaush,463
MN,Mahnomen,27087,Waubun,405
MN,Mahnomen,27087,Riverland,323
MN,Mahnomen,27087,Twin Lakes,235
MN,Mahnomen,27087,Bejou,91
MN,Mahnomen,27087,Pine Bend,56
MN,Mahnomen,27087,West Roy Lake,42
MN,Mahnomen,27087,Midway,37
MN,Mahnomen,27087,Beaulieu,33
MN,Mahnomen,27087,The Ranch,2
MN,Marshall,27089,Warren,1552
MN,Marshall,27089,Stephen,645
MN,Marshall,27089,Argyle,642
MN,Marshall,27089,Newfolden,363
MN,Marshall,27089,Alvarado,362
MN,Marshall,27089,Oslo,322
MN,Marshall,27089,Middle River,301
MN,Marshall,27089,Grygla,211
MN,Marshall,27089,Viking,101
MN,Marshall,27089,Holt,87
MN,Marshall,27089,Strandquist,68
MN,Martin,27091,Fairmont,10030
MN,Martin,27091,Sherburn,1087
MN,Martin,27091,Truman,1042
MN,Martin,27091,Trimont,700
MN,Martin,27091,Welcome,649
MN,Martin,27091,Ceylon,339
MN,Martin,27091,Granada,285
MN,Martin,27091,Northrop,213
MN,Martin,27091,Dunnell,146
MN,Martin,27091,Ormsby,122
MN,McLeod,27085,Hutchinson,13983
MN,McLeod,27085,Glencoe,5544
MN,McLeod,27085,Winsted,2240
MN,McLeod,27085,Lester Prairie,1728
MN,McLeod,27085,Silver Lake,814
MN,McLeod,27085,Brownton,720
MN,McLeod,27085,Stewart,539
MN,McLeod,27085,Plato,304
MN,McLeod,27085,Biscay,110
MN,Meeker,27093,Litchfield,6650
MN,Meeker,27093,Dassel,1449
MN,Meeker,27093,Eden Valley,1039
MN,Meeker,27093,Watkins,953
MN,Meeker,27093,Grove City,619
MN,Meeker,27093,Cosmos,449
MN,Meeker,27093,Darwin,353
MN,Meeker,27093,Kingston,162
MN,Meeker,27093,Cedar Mills,47
MN,Mille Lacs,27095,Princeton,4975
MN,Mille Lacs,27095,Milaca,2930
MN,Mille Lacs,27095,Onamia,864
MN,Mille Lacs,27095,Vineland,861
MN,Mille Lacs,27095,Isle,798
MN,Mille Lacs,27095,Foreston,533
MN,Mille Lacs,27095,Pease,229
MN,Mille Lacs,27095,Wahkon,219
MN,Mille Lacs,27095,Bock,107
MN,Morrison,27097,Little Falls,9406
MN,Morrison,27097,Pierz,1365
MN,Morrison,27097,Royalton,1233
MN,Morrison,27097,Motley,660
MN,Morrison,27097,Randall,624
MN,Morrison,27097,Upsala,424
MN,Morrison,27097,Swanville,342
MN,Morrison,27097,Bowlus,279
MN,Morrison,27097,Buckman,276
MN,Morrison,27097,Flensburg,227
MN,Morrison,27097,Sobieski,201
MN,Morrison,27097,Harding,123
MN,Morrison,27097,Elmdale,117
MN,Morrison,27097,Lastrup,99
MN,Morrison,27097,Genola,67
MN,Morrison,27097,Hillman,37
MN,Mower,27099,Austin,25626
MN,Mower,27099,Grand Meadow,1192
MN,Mower,27099,Le Roy,932
MN,Mower,27099,Adams,790
MN,Mower,27099,Brownsdale,691
MN,Mower,27099,Racine,593
MN,Mower,27099,Lyle,554
MN,Mower,27099,Rose Creek,424
MN,Mower,27099,Dexter,347
MN,Mower,27099,Mapleview,175
MN,Mower,27099,Waltham,150
MN,Mower,27099,Elkton,148
MN,Mower,27099,Lansing,133
MN,Mower,27099,Taopi,65
MN,Mower,27099,Sargeant,60
MN,Murray,27101,Slayton,1974
MN,Murray,27101,Fulda,1208
MN,Murray,27101,The Lakes,631
MN,Murray,27101,Chandler,246
MN,Murray,27101,Lake Wilson,227
MN,Murray,27101,Currie,216
MN,Murray,27101,Avoca,135
MN,Murray,27101,Iona,131
MN,Murray,27101,Hadley,57
MN,Murray,27101,Dovray,51
MN,Nicollet,27103,North Mankato,13948
MN,Nicollet,27103,St. Peter,12421
MN,Nicollet,27103,Nicollet,1169
MN,Nicollet,27103,Courtland,696
MN,Nicollet,27103,Lafayette,493
MN,Nobles,27105,Worthington,13099
MN,Nobles,27105,Adrian,1218
MN,Nobles,27105,Brewster,467
MN,Nobles,27105,Ellsworth,456
MN,Nobles,27105,Round Lake,368
MN,Nobles,27105,Rushmore,335
MN,Nobles,27105,Wilmont,326
MN,Nobles,27105,Bigelow,231
MN,Nobles,27105,Lismore,221
MN,Nobles,27105,Leota,192
MN,Nobles,27105,Dundee,67
MN,Nobles,27105,Kinbrae,12
MN,Norman,27107,Ada,1563
MN,Norman,27107,Twin Valley,755
MN,Norman,27107,Halstad,554
MN,Norman,27107,Hendrum,281
MN,Norman,27107,Gary,202
MN,Norman,27107,Shelly,179
MN,Norman,27107,Borup,103
MN,Norman,27107,Perley,83
MN,Olmsted,27109,Rochester,119942
MN,Olmsted,27109,Stewartville,6094
MN,Olmsted,27109,Byron,5639
MN,Olmsted,27109,Eyota,2001
MN,Olmsted,27109,Oronoco,1525
MN,Olmsted,27109,Dover,770
MN,Otter Tail,27111,Fergus Falls,13794
MN,Otter Tail,27111,Perham,3645
MN,Otter Tail,27111,Pelican Rapids,2552
MN,Otter Tail,27111,New York Mills,1223
MN,Otter Tail,27111,Parkers Prairie,997
MN,Otter Tail,27111,Battle Lake,929
MN,Otter Tail,27111,Henning,808
MN,Otter Tail,27111,Ottertail,648
MN,Otter Tail,27111,Underwood,365
MN,Otter Tail,27111,Vergas,352
MN,Otter Tail,27111,Deer Creek,321
MN,Otter Tail,27111,Dalton,249
MN,Otter Tail,27111,Bluffton,214
MN,Otter Tail,27111,Dent,186
MN,Otter Tail,27111,Elizabeth,171
MN,Otter Tail,27111,Erhard,146
MN,Otter Tail,27111,Clitherall,106
MN,Otter Tail,27111,Richville,98
MN,Otter Tail,27111,Vining,78
MN,Otter Tail,27111,Urbank,52
MN,Pennington,27113,Thief River Falls,9147
MN,Pennington,27113,St. Hilaire,264
MN,Pennington,27113,Goodridge,129
MN,Pine,27115,Pine City,3146
MN,Pine,27115,Sandstone,2639
MN,Pine,27115,Hinckley,1928
MN,Pine,27115,Rock Creek,1652
MN,Pine,27115,Sturgeon Lake,429
MN,Pine,27115,Willow River,400
MN,Pine,27115,Askov,353
MN,Pine,27115,Finlayson,307
MN,Pine,27115,Rutledge,221
MN,Pine,27115,Brook Park,133
MN,Pine,27115,Bruno,99
MN,Pine,27115,Henriette,69
MN,Pine,27115,Kerrick,63
MN,Pine,27115,Denham,34
MN,Pipestone,27117,Pipestone,4046
MN,Pipestone,27117,Edgerton,1125
MN,Pipestone,27117,Jasper,603
MN,Pipestone,27117,Ruthton,221
MN,Pipestone,27117,Holland,173
MN,Pipestone,27117,Woodstock,118
MN,Pipestone,27117,Trosky,79
MN,Pipestone,27117,Ihlen,66
MN,Pipestone,27117,Hatfield,52
MN,Polk,27119,East Grand Forks,8535
MN,Polk,27119,Crookston,7835
MN,Polk,27119,Fosston,1464
MN,Polk,27119,Fertile,818
MN,Polk,27119,McIntosh,605
MN,Polk,27119,Erskine,475
MN,Polk,27119,Fisher,419
MN,Polk,27119,Climax,263
MN,Polk,27119,Winger,222
MN,Polk,27119,Mentor,147
MN,Polk,27119,Beltrami,101
MN,Polk,27119,Lengby,87
MN,Polk,27119,Nielsville,82
MN,Polk,27119,Gully,66
MN,Polk,27119,Trail,47
MN,Pope,27121,Glenwood,2611
MN,Pope,27121,Starbuck,1270
MN,Pope,27121,Long Beach,415
MN,Pope,27121,Lowry,300
MN,Pope,27121,Cyrus,276
MN,Pope,27121,Villard,253
MN,Pope,27121,Westport,61
MN,Pope,27121,Farwell,52
MN,Pope,27121,Sedan,47
MN,Ramsey,27123,St. Paul,308096
MN,Ramsey,27123,Maplewood,40885
MN,Ramsey,27123,Roseville,36457
MN,Ramsey,27123,Shoreview,27130
MN,Ramsey,27123,White Bear Lake,25875
MN,Ramsey,27123,New Brighton,22753
MN,Ramsey,27123,Vadnais Heights,13607
MN,Ramsey,27123,Mounds View,13324
MN,Ramsey,27123,North St. Paul,12506
MN,Ramsey,27123,Little Canada,10501
MN,Ramsey,27123,Arden Hills,10281
MN,Ramsey,27123,Falcon Heights,5528
MN,Ramsey,27123,North Oaks,5351
MN,Ramsey,27123,Lauderdale,2521
MN,Ramsey,27123,Gem Lake,500
MN,Red Lake,27125,Red Lake Falls,1418
MN,Red Lake,27125,Oklee,429
MN,Red Lake,27125,Plummer,291
MN,Red Lake,27125,Brooks,137
MN,Redwood,27127,Redwood Falls,4963
MN,Redwood,27127,Morgan,840
MN,Redwood,27127,Walnut Grove,806
MN,Redwood,27127,Lamberton,768
MN,Redwood,27127,Wabasso,659
MN,Redwood,27127,Belview,354
MN,Redwood,27127,Sanborn,310
MN,Redwood,27127,Vesta,296
MN,Redwood,27127,Milroy,237
MN,Redwood,27127,Lucan,175
MN,Redwood,27127,Clements,141
MN,Redwood,27127,Revere,88
MN,Redwood,27127,Seaforth,82
MN,Redwood,27127,Wanda,80
MN,Redwood,27127,Delhi,64
MN,Renville,27129,Olivia,2335
MN,Renville,27129,Renville,1189
MN,Renville,27129,Fairfax,1131
MN,Renville,27129,Hector,1050
MN,Renville,27129,Bird Island,959
MN,Renville,27129,Buffalo Lake,686
MN,Renville,27129,Sacred Heart,502
MN,Renville,27129,Franklin,469
MN,Renville,27129,Danube,458
MN,Renville,27129,Morton,374
MN,Rice,27131,Faribault,24250
MN,Rice,27131,Northfield,22325
MN,Rice,27131,Lonsdale,4207
MN,Rice,27131,Dundas,1646
MN,Rice,27131,Morristown,995
MN,Rice,27131,Warsaw,774
MN,Rice,27131,Nerstrand,294
MN,Rock,27133,Luverne,4531
MN,Rock,27133,Hills,651
MN,Rock,27133,Beaver Creek,280
MN,Rock,27133,Magnolia,209
MN,Rock,27133,Hardwick,183
MN,Rock,27133,Steen,165
MN,Rock,27133,Kenneth,66
MN,Roseau,27135,Roseau,2804
MN,Roseau,27135,Warroad,1795
MN,Roseau,27135,Greenbush,698
MN,Roseau,27135,Badger,355
MN,Roseau,27135,Roosevelt,138
MN,Roseau,27135,Strathcona,42
MN,Scott,27139,Shakopee,41570
MN,Scott,27139,Savage,32362
MN,Scott,27139,Prior Lake,27241
MN,Scott,27139,Belle Plaine,7185
MN,Scott,27139,Jordan,6402
MN,Scott,27139,Elko New Market,4774
MN,Sherburne,27141,Elk River,25213
MN,Sherburne,27141,Big Lake,11226
MN,Sherburne,27141,Zimmerman,9300
MN,Sherburne,27141,Becker,4954
MN,Sherburne,27141,Clear Lake,707
MN,Sibley,27143,Gaylord,2207
MN,Sibley,27143,Arlington,2146
MN,Sibley,27143,Winthrop,1347
MN,Sibley,27143,Henderson,930
MN,Sibley,27143,Gibbon,755
MN,Sibley,27143,Green Isle,558
MN,Sibley,27143,New Auburn,437
MN,St. Louis,27137,Duluth,119476
MN,St. Louis,27137,Hibbing,15855
MN,St. Louis,27137,Virginia,12381
MN,St. Louis,27137,Hermantown,9637
MN,St. Louis,27137,Chisholm,4849
MN,St. Louis,27137,Rice Lake,4139
MN,St. Louis,27137,Eveleth,3569
MN,St. Louis,27137,Ely,3355
MN,St. Louis,27137,Proctor,3028
MN,St. Louis,27137,Mountain Iron,2834
MN,St. Louis,27137,Hoyt Lakes,1946
MN,St. Louis,27137,Gilbert,1780
MN,St. Louis,27137,Aurora,1626
MN,St. Louis,27137,Babbitt,1484
MN,St. Louis,27137,Buhl,973
MN,St. Louis,27137,Biwabik,969
MN,St. Louis,27137,Cook,562
MN,St. Louis,27137,Floodwood,522
MN,St. Louis,27137,Tower,486
MN,St. Louis,27137,Soudan,378
MN,St. Louis,27137,Orr,334
MN,St. Louis,27137,Nett Lake,326
MN,St. Louis,27137,Winton,167
MN,St. Louis,27137,Kinney,143
MN,St. Louis,27137,Brookston,141
MN,St. Louis,27137,Meadowlands,127
MN,St. Louis,27137,McKinley,123
MN,St. Louis,27137,Iron Junction,86
MN,St. Louis,27137,Leonidas,53
MN,Stearns,27145,St. Cloud,115028
MN,Stearns,27145,Sartell,18926
MN,Stearns,27145,Waite Park,7768
MN,Stearns,27145,St. Joseph,7351
MN,Stearns,27145,Cold Spring,4601
MN,Stearns,27145,Sauk Centre,4505
MN,Stearns,27145,St. Augusta,3835
MN,Stearns,27145,Melrose,3656
MN,Stearns,27145,Albany,2769
MN,Stearns,27145,Rockville,2585
MN,Stearns,27145,Paynesville,2519
MN,Stearns,27145,Avon,1590
MN,Stearns,27145,Richmond,1470
MN,Stearns,27145,St. Stephen,865
MN,Stearns,27145,Kimball,798
MN,Stearns,27145,Belgrade,779
MN,Stearns,27145,Brooten,750
MN,Stearns,27145,Holdingford,721
MN,Stearns,27145,Freeport,669
MN,Stearns,27145,Fairhaven,416
MN,Stearns,27145,St. Martin,348
MN,Stearns,27145,New Munich,324
MN,Stearns,27145,Elrosa,228
MN,Stearns,27145,Greenwald,222
MN,Stearns,27145,Meire Grove,197
MN,Stearns,27145,Roscoe,113
MN,Stearns,27145,Lake Henry,111
MN,Stearns,27145,Spring Hill,91
MN,Stearns,27145,St. Rosa,71
MN,Steele,27147,Owatonna,25704
MN,Steele,27147,Blooming Prairie,1936
MN,Steele,27147,Medford,1256
MN,Steele,27147,Ellendale,672
MN,Stevens,27149,Morris,5333
MN,Stevens,27149,Hancock,745
MN,Stevens,27149,Chokio,386
MN,Stevens,27149,Donnelly,234
MN,Stevens,27149,Alberta,99
MN,Swift,27151,Benson,3043
MN,Swift,27151,Appleton,1325
MN,Swift,27151,Kerkhoven,706
MN,Swift,27151,Murdock,263
MN,Swift,27151,Clontarf,157
MN,Swift,27151,De Graff,123
MN,Swift,27151,Danvers,90
MN,Swift,27151,Holloway,85
MN,Todd,27153,Long Prairie,3301
MN,Todd,27153,Staples,3000
MN,Todd,27153,Browerville,743
MN,Todd,27153,Clarissa,653
MN,Todd,27153,Eagle Bend,519
MN,Todd,27153,Bertha,482
MN,Todd,27153,Grey Eagle,329
MN,Todd,27153,Hewitt,256
MN,Todd,27153,Burtrum,136
MN,Todd,27153,West Union,124
MN,Traverse,27155,Wheaton,1288
MN,Traverse,27155,Browns Valley,528
MN,Traverse,27155,Dumont,88
MN,Traverse,27155,Tintah,55
MN,Wabasha,27157,Lake City,5162
MN,Wabasha,27157,Plainview,3298
MN,Wabasha,27157,Wabasha,2473
MN,Wabasha,27157,Elgin,1079
MN,Wabasha,27157,Mazeppa,845
MN,Wabasha,27157,Kellogg,453
MN,Wabasha,27157,Zumbro Falls,239
MN,Wabasha,27157,Millville,178
MN,Wabasha,27157,Hammond,134
MN,Wadena,27159,Wadena,4105
MN,Wadena,27159,Menahga,1302
MN,Wadena,27159,Sebeka,666
MN,Wadena,27159,Verndale,570
MN,Wadena,27159,Nimrod,64
MN,Wadena,27159,Aldrich,45
MN,Waseca,27161,Waseca,8984
MN,Waseca,27161,Janesville,2252
MN,Waseca,27161,New Richland,1182
MN,Waseca,27161,Waldorf,226
MN,Washington,27163,Woodbury,72828
MN,Washington,27163,Cottage Grove,37604
MN,Washington,27163,Oakdale,27933
MN,Washington,27163,Forest Lake,24853
MN,Washington,27163,Stillwater,19627
MN,Washington,27163,Hugo,15267
MN,Washington,27163,Lake Elmo,9210
MN,Washington,27163,Mahtomedi,8294
MN,Washington,27163,St. Paul Park,5362
MN,Washington,27163,Oak Park Heights,5003
MN,Washington,27163,Scandia,4176
MN,Washington,27163,Grant,4116
MN,Washington,27163,Bayport,3765
MN,Washington,27163,Newport,3588
MN,Washington,27163,Afton,3028
MN,Washington,27163,Lakeland,1819
MN,Washington,27163,Dellwood,1126
MN,Washington,27163,Lake St. Croix Beach,1076
MN,Washington,27163,Birchwood Village,882
MN,Washington,27163,Landfall,728
MN,Washington,27163,Marine on St. Croix,712
MN,Washington,27163,Willernie,509
MN,Washington,27163,St. Marys Point,392
MN,Washington,27163,Pine Springs,391
MN,Washington,27163,Lakeland Shores,312
MN,Watonwan,27165,St. James,4400
MN,Watonwan,27165,Madelia,2254
MN,Watonwan,27165,Butterfield,589
MN,Watonwan,27165,Lewisville,247
MN,Watonwan,27165,Odin,105
MN,Watonwan,27165,Darfur,103
MN,Watonwan,27165,La Salle,85
MN,Wilkin,27167,Breckenridge,3172
MN,Wilkin,27167,Rothsay,471
MN,Wilkin,27167,Campbell,151
MN,Wilkin,27167,Wolverton,130
MN,Wilkin,27167,Foxhome,111
MN,Wilkin,27167,Kent,74
MN,Wilkin,27167,Nashua,64
MN,Wilkin,27167,Doran,50
MN,Winona,27169,Winona,29601
MN,Winona,27169,Goodview,4109
MN,Winona,27169,St. Charles,3758
MN,Winona,27169,Lewiston,1547
MN,Winona,27169,Stockton,737
MN,Winona,27169,Rollingstone,639
MN,Winona,27169,Altura,476
MN,Winona,27169,Dakota,306
MN,Winona,27169,Utica,276
MN,Winona,27169,Homer,193
MN,Winona,27169,Minnesota City,187
MN,Winona,27169,Elba,156
MN,Winona,27169,Minneiska,108
MN,Wright,27171,Monticello,27665
MN,Wright,27171,St. Michael,18204
MN,Wright,27171,Otsego,18113
MN,Wright,27171,Buffalo,16993
MN,Wright,27171,Albertville,7539
MN,Wright,27171,Delano,6302
MN,Wright,27171,Montrose,5208
MN,Wright,27171,Rockford,4831
MN,Wright,27171,Cokato,4326
MN,Wright,27171,Annandale,3554
MN,Wright,27171,Hanover,3507
MN,Wright,27171,Maple Lake,2148
MN,Wright,27171,Howard Lake,2136
MN,Wright,27171,Clearwater,1818
MN,Wright,27171,Waverly,1603
MN,Wright,27171,Silver Creek,272
MN,Wright,27171,South Haven,193
MN,Yellow Medicine,27173,Granite Falls,2698
MN,Yellow Medicine,27173,Canby,1671
MN,Yellow Medicine,27173,Clarkfield,787
MN,Yellow Medicine,27173,Wood Lake,401
MN,Yellow Medicine,27173,Hanley Falls,277
MN,Yellow Medicine,27173,Echo,254
MN,Yellow Medicine,27173,Porter,171
MN,Yellow Medicine,27173,St. Leo,91
MN,Yellow Medicine,27173,Hazel Run,56
MO,Adair,29001,Kirksville,17602
MO,Adair,29001,Novinger,433
MO,Adair,29001,Brashear,259
MO,Adair,29001,Gibbs,102
MO,Adair,29001,Millard,85
MO,Andrew,29003,Savannah,5307
MO,Andrew,29003,Country Club,2497
MO,Andrew,29003,Amazonia,321
MO,Andrew,29003,Bolckow,189
MO,Andrew,29003,Fillmore,188
MO,Andrew,29003,Rosendale,146
MO,Andrew,29003,Cosby,125
MO,Andrew,29003,Rea,48
MO,Atchison,29005,Tarkio,1432
MO,Atchison,29005,Rock Port,1191
MO,Atchison,29005,Fairfax,574
MO,Atchison,29005,Westboro,127
MO,Atchison,29005,Watson,90
MO,Audrain,29007,Mexico,11517
MO,Audrain,29007,Vandalia,4030
MO,Audrain,29007,Laddonia,498
MO,Audrain,29007,Farber,313
MO,Audrain,29007,Martinsburg,295
MO,Audrain,29007,Rush Hill,143
MO,Audrain,29007,Benton City,102
MO,Audrain,29007,Vandiver,69
MO,Barry,29009,Monett,9124
MO,Barry,29009,Cassville,4114
MO,Barry,29009,Purdy,1128
MO,Barry,29009,Shell Knob,1091
MO,Barry,29009,Seligman,841
MO,Barry,29009,Exeter,769
MO,Barry,29009,Wheaton,688
MO,Barry,29009,Butterfield,475
MO,Barry,29009,Washburn,432
MO,Barry,29009,Golden,415
MO,Barry,29009,Emerald Beach,244
MO,Barry,29009,Eagle Rock,170
MO,Barry,29009,Chain-O-Lakes,128
MO,Barry,29009,Arrow Point,87
MO,Barton,29011,Lamar,4294
MO,Barton,29011,Liberal,721
MO,Barton,29011,Golden City,719
MO,Barton,29011,Mindenmines,346
MO,Barton,29011,Lamar Heights,175
MO,Barton,29011,Irwin,53
MO,Barton,29011,Burgess,33
MO,Barton,29011,Milford,24
MO,Bates,29013,Butler,3999
MO,Bates,29013,Adrian,1597
MO,Bates,29013,Rich Hill,1317
MO,Bates,29013,Hume,314
MO,Bates,29013,Amsterdam,229
MO,Bates,29013,Amoret,180
MO,Bates,29013,Rockville,157
MO,Bates,29013,Foster,111
MO,Bates,29013,Merwin,57
MO,Bates,29013,Passaic,32
MO,Benton,29015,Warsaw,2657
MO,Benton,29015,Lincoln,1194
MO,Benton,29015,Cole Camp,1134
MO,Benton,29015,Ionia,87
MO,Bollinger,29017,Marble Hill,1464
MO,Bollinger,29017,Sedgewickville,167
MO,Bollinger,29017,Zalma,93
MO,Bollinger,29017,Glen Allen,82
MO,Boone,29019,Columbia,141645
MO,Boone,29019,Centralia,4271
MO,Boone,29019,Ashland,3968
MO,Boone,29019,Hallsville,1577
MO,Boone,29019,Sturgeon,947
MO,Boone,29019,Harrisburg,286
MO,Boone,29019,Rocheport,254
MO,Boone,29019,Hartsburg,110
MO,Boone,29019,Pierpont,75
MO,Boone,29019,Huntsdale,32
MO,Boone,29019,McBaine,11
MO,Buchanan,29021,St. Joseph,79161
MO,Buchanan,29021,Agency,660
MO,Buchanan,29021,Rushville,280
MO,Buchanan,29021,Easton,233
MO,Buchanan,29021,De Kalb,222
MO,Buchanan,29021,Lewis and Clark Village,128
MO,Butler,29023,Poplar Bluff,20359
MO,Butler,29023,Neelyville,474
MO,Butler,29023,Qulin,456
MO,Butler,29023,Fisk,334
MO,Caldwell,29025,Hamilton,1684
MO,Caldwell,29025,Braymer,846
MO,Caldwell,29025,Polo,528
MO,Caldwell,29025,Breckenridge,353
MO,Caldwell,29025,Kingston,332
MO,Caldwell,29025,Kidder,317
MO,Caldwell,29025,Cowgill,182
MO,Callaway,29027,Fulton,12596
MO,Callaway,29027,Holts Summit,4391
MO,Callaway,29027,Auxvasse,978
MO,Callaway,29027,New Bloomfield,673
MO,Callaway,29027,Mokane,181
MO,Callaway,29027,Kingdom City,130
MO,Camden,29029,Osage Beach,4666
MO,Camden,29029,Village of Four Seasons,4605
MO,Camden,29029,Camdenton,4145
MO,Camden,29029,Sunrise Beach,542
MO,Camden,29029,Macks Creek,376
MO,Camden,29029,Climax Springs,277
MO,Camden,29029,Linn Creek,253
MO,Camden,29029,Stoutland,201
MO,Camden,29029,Montreal,122
MO,Cape Girardeau,29031,Cape Girardeau,56551
MO,Cape Girardeau,29031,Jackson,14836
MO,Cape Girardeau,29031,Delta,425
MO,Cape Girardeau,29031,Gordonville,371
MO,Cape Girardeau,29031,Oak Ridge,233
MO,Cape Girardeau,29031,Dutchtown,124
MO,Cape Girardeau,29031,Whitewater,122
MO,Cape Girardeau,29031,Allenville,122
MO,Cape Girardeau,29031,Pocahontas,105
MO,Cape Girardeau,29031,Old Appleton,83
MO,Carroll,29033,Carrollton,3476
MO,Carroll,29033,Norborne,647
MO,Carroll,29033,Hale,397
MO,Carroll,29033,Bosworth,290
MO,Carroll,29033,Bogard,154
MO,Carroll,29033,Tina,148
MO,Carroll,29033,De Witt,117
MO,Carter,29035,Van Buren,798
MO,Carter,29035,Ellsinore,429
MO,Carter,29035,Grandin,229
MO,Carter,29035,Hunter,134
MO,Carter,29035,Fremont,33
MO,Cass,29037,Belton,23642
MO,Cass,29037,Raymore,22194
MO,Cass,29037,Harrisonville,10078
MO,Cass,29037,Pleasant Hill,8683
MO,Cass,29037,Peculiar,5478
MO,Cass,29037,Garden City,1638
MO,Cass,29037,Lake Winnebago,1269
MO,Cass,29037,Archie,1202
MO,Cass,29037,Drexel,944
MO,Cass,29037,Loch Lloyd,811
MO,Cass,29037,Cleveland,661
MO,Cass,29037,Freeman,485
MO,Cass,29037,Creighton,342
MO,Cass,29037,East Lynne,305
MO,Cass,29037,Strasburg,142
MO,Cass,29037,Gunn City,120
MO,Cass,29037,West Line,101
MO,Cass,29037,Lake Annette,100
MO,Cass,29037,Baldwin Park,96
MO,Cass,29037,Riverview Estates,84
MO,Cedar,29039,El Dorado Springs,3612
MO,Cedar,29039,Stockton,1934
MO,Cedar,29039,Jerico Springs,231
MO,Cedar,29039,Umber View Heights,49
MO,Chariton,29041,Salisbury,1523
MO,Chariton,29041,Brunswick,814
MO,Chariton,29041,Keytesville,447
MO,Chariton,29041,Mendon,161
MO,Chariton,29041,Sumner,97
MO,Chariton,29041,Rothville,92
MO,Chariton,29041,Triplett,39
MO,Chariton,29041,Dalton,16
MO,Christian,29043,Nixa,22515
MO,Christian,29043,Ozark,20482
MO,Christian,29043,Clever,2770
MO,Christian,29043,Sparta,1946
MO,Christian,29043,Billings,1111
MO,Christian,29043,Highlandville,1051
MO,Christian,29043,Fremont Hills,922
MO,Christian,29043,Saddlebrooke,244
MO,Christian,29043,Spokane,33
MO,Clark,29045,Kahoka,2028
MO,Clark,29045,Wayland,501
MO,Clark,29045,St. Francisville,274
MO,Clark,29045,Wyaconda,211
MO,Clark,29045,Alexandria,150
MO,Clark,29045,Luray,93
MO,Clark,29045,Revere,75
MO,Clay,29047,Liberty,32100
MO,Clay,29047,Gladstone,27489
MO,Clay,29047,Excelsior Springs,11731
MO,Clay,29047,Kearney,10858
MO,Clay,29047,Smithville,10795
MO,Clay,29047,North Kansas City,4571
MO,Clay,29047,Pleasant Valley,3026
MO,Clay,29047,Claycomo,1514
MO,Clay,29047,Glenaire,577
MO,Clay,29047,Holt,502
MO,Clay,29047,Avondale,451
MO,Clay,29047,Oakview,390
MO,Clay,29047,Missouri City,296
MO,Clay,29047,Birmingham,205
MO,Clay,29047,Mosby,200
MO,Clay,29047,Oakwood,198
MO,Clay,29047,Oakwood Park,197
MO,Clay,29047,Oaks,134
MO,Clay,29047,Prathersville,134
MO,Clay,29047,Randolph,55
MO,Clinton,29049,Cameron,9649
MO,Clinton,29049,Plattsburg,2238
MO,Clinton,29049,Lathrop,2010
MO,Clinton,29049,Gower,1454
MO,Clinton,29049,Trimble,613
MO,Clinton,29049,Osborn,407
MO,Clinton,29049,Turney,148
MO,Cole,29051,Jefferson City,58025
MO,Cole,29051,Wardsville,1560
MO,Cole,29051,St. Martins,1195
MO,Cole,29051,Taos,1153
MO,Cole,29051,Russellville,822
MO,Cole,29051,Centertown,287
MO,Cole,29051,St. Thomas,271
MO,Cole,29051,Eugene,246
MO,Cole,29051,Lohman,166
MO,Cooper,29053,Boonville,9362
MO,Cooper,29053,Pilot Grove,761
MO,Cooper,29053,Otterville,453
MO,Cooper,29053,Bunceton,358
MO,Cooper,29053,Windsor Place,333
MO,Cooper,29053,Prairie Home,280
MO,Cooper,29053,Blackwater,150
MO,Cooper,29053,Wooldridge,58
MO,Crawford,29055,Cuba,3292
MO,Crawford,29055,Steelville,1650
MO,Crawford,29055,Bourbon,1582
MO,Crawford,29055,Leasburg,325
MO,Crawford,29055,West Sullivan,113
MO,Crawford,29055,St. Cloud,39
MO,Dade,29057,Greenfield,1313
MO,Dade,29057,Lockwood,899
MO,Dade,29057,Everton,299
MO,Dade,29057,Dadeville,224
MO,Dade,29057,South Greenfield,85
MO,Dade,29057,Arcola,53
MO,Dallas,29059,Buffalo,3091
MO,Dallas,29059,Urbana,415
MO,Dallas,29059,Louisburg,116
MO,Daviess,29061,Gallatin,1749
MO,Daviess,29061,Jamesport,515
MO,Daviess,29061,Lake Viking,434
MO,Daviess,29061,Pattonsburg,345
MO,Daviess,29061,Winston,253
MO,Daviess,29061,Altamont,201
MO,Daviess,29061,Coffey,164
MO,Daviess,29061,Jameson,127
MO,Daviess,29061,Lock Springs,56
MO,DeKalb,29063,Maysville,1081
MO,DeKalb,29063,Stewartsville,733
MO,DeKalb,29063,Union Star,417
MO,DeKalb,29063,Clarksdale,255
MO,DeKalb,29063,Weatherby,103
MO,DeKalb,29063,Amity,53
MO,Dent,29065,Salem,4919
MO,Douglas,29067,Ava,2865
MO,Dunklin,29069,Kennett,10379
MO,Dunklin,29069,Malden,4185
MO,Dunklin,29069,Campbell,1807
MO,Dunklin,29069,Senath,1611
MO,Dunklin,29069,Clarkton,1152
MO,Dunklin,29069,Cardwell,639
MO,Dunklin,29069,Hornersville,594
MO,Dunklin,29069,Holcomb,576
MO,Dunklin,29069,Arbyrd,462
MO,Dunklin,29069,Rives,59
MO,Franklin,29071,Washington,14417
MO,Franklin,29071,Union,11990
MO,Franklin,29071,Pacific,10661
MO,Franklin,29071,Sullivan,9172
MO,Franklin,29071,St. Clair,5955
MO,Franklin,29071,Gray Summit,2699
MO,Franklin,29071,Villa Ridge,2603
MO,Franklin,29071,New Haven,2072
MO,Franklin,29071,Gerald,1313
MO,Franklin,29071,Parkway,509
MO,Franklin,29071,Oak Grove Village,472
MO,Franklin,29071,Berger,221
MO,Franklin,29071,Leslie,170
MO,Franklin,29071,Miramiguoa Park,121
MO,Franklin,29071,Charmwood,31
MO,Gasconade,29073,Owensville,2817
MO,Gasconade,29073,Hermann,2342
MO,Gasconade,29073,Bland,528
MO,Gasconade,29073,Rosebud,405
MO,Gasconade,29073,Gasconade,215
MO,Gasconade,29073,Morrison,130
MO,Gentry,29075,Albany,1675
MO,Gentry,29075,Stanberry,1175
MO,Gentry,29075,King City,992
MO,Gentry,29075,Darlington,118
MO,Gentry,29075,McFall,91
MO,Gentry,29075,Gentry,70
MO,Greene,29077,Springfield,288090
MO,Greene,29077,Republic,16938
MO,Greene,29077,Battlefield,6622
MO,Greene,29077,Willard,5891
MO,Greene,29077,Strafford,2460
MO,Greene,29077,Fair Grove,1529
MO,Greene,29077,Ash Grove,1444
MO,Greene,29077,Walnut Grove,781
MO,Grundy,29079,Trenton,5763
MO,Grundy,29079,Galt,247
MO,Grundy,29079,Spickard,243
MO,Grundy,29079,Laredo,190
MO,Grundy,29079,Edinburg,103
MO,Grundy,29079,Leisure Lake,102
MO,Grundy,29079,Tindall,76
MO,Grundy,29079,Brimson,61
MO,Harrison,29081,Bethany,3062
MO,Harrison,29081,Ridgeway,432
MO,Harrison,29081,Gilman City,357
MO,Harrison,29081,Eagleville,300
MO,Harrison,29081,Cainsville,273
MO,Harrison,29081,New Hampton,271
MO,Harrison,29081,Blythedale,185
MO,Harrison,29081,Mount Moriah,80
MO,Henry,29083,Clinton,8945
MO,Henry,29083,Windsor,2784
MO,Henry,29083,Urich,484
MO,Henry,29083,Calhoun,453
MO,Henry,29083,Deepwater,413
MO,Henry,29083,Montrose,378
MO,Henry,29083,Brownington,104
MO,Henry,29083,Blairstown,94
MO,Henry,29083,Hartwell,79
MO,Henry,29083,Tightwad,60
MO,Hickory,29085,Hermitage,464
MO,Hickory,29085,Weaubleau,410
MO,Hickory,29085,Wheatland,366
MO,Hickory,29085,Preston,219
MO,Hickory,29085,Cross Timbers,211
MO,Holt,29087,Mound City,1039
MO,Holt,29087,Oregon,765
MO,Holt,29087,Maitland,308
MO,Holt,29087,Forest City,246
MO,Holt,29087,Craig,223
MO,Holt,29087,Big Lake,145
MO,Holt,29087,Fortescue,29
MO,Holt,29087,Bigelow,24
MO,Holt,29087,Corning,14
MO,Howard,29089,Fayette,2689
MO,Howard,29089,Glasgow,1084
MO,Howard,29089,New Franklin,1057
MO,Howard,29089,Armstrong,276
MO,Howard,29089,Franklin,93
MO,Howell,29091,West Plains,12304
MO,Howell,29091,Mountain View,2649
MO,Howell,29091,Willow Springs,2099
MO,Howell,29091,Pomona,369
MO,Howell,29091,Brandsville,152
MO,Howell,29091,South Fork,51
MO,Iron,29093,Ironton,2542
MO,Iron,29093,Pilot Knob,715
MO,Iron,29093,Viburnum,651
MO,Iron,29093,Arcadia,559
MO,Iron,29093,Annapolis,343
MO,Iron,29093,Des Arc,162
MO,Jackson,29095,Kansas City,1636715
MO,Jackson,29095,Independence,116672
MO,Jackson,29095,Lee's Summit,99357
MO,Jackson,29095,Blue Springs,55829
MO,Jackson,29095,Raytown,28991
MO,Jackson,29095,Grandview,24856
MO,Jackson,29095,Grain Valley,14526
MO,Jackson,29095,Oak Grove,8258
MO,Jackson,29095,Greenwood,5833
MO,Jackson,29095,Sugar Creek,3260
MO,Jackson,29095,Buckner,3022
MO,Jackson,29095,Lake Lotawana,2109
MO,Jackson,29095,Lone Jack,1323
MO,Jackson,29095,Lake Tapawingo,719
MO,Jackson,29095,Sibley,366
MO,Jackson,29095,Levasy,82
MO,Jackson,29095,Unity Village,73
MO,Jackson,29095,River Bend,10
MO,Jasper,29097,Joplin,84048
MO,Jasper,29097,Carthage,15892
MO,Jasper,29097,Webb City,12134
MO,Jasper,29097,Carl Junction,8274
MO,Jasper,29097,Oronogo,2667
MO,Jasper,29097,Carterville,1968
MO,Jasper,29097,Duquesne,1639
MO,Jasper,29097,Sarcoxie,1551
MO,Jasper,29097,Duenweg,1379
MO,Jasper,29097,Jasper,972
MO,Jasper,29097,Airport Drive,868
MO,Jasper,29097,Alba,542
MO,Jasper,29097,Purcell,428
MO,Jasper,29097,Carytown,283
MO,Jasper,29097,Fidelity,268
MO,Jasper,29097,Asbury,215
MO,Jasper,29097,Neck City,195
MO,Jasper,29097,Avilla,129
MO,Jasper,29097,La Russell,118
MO,Jasper,29097,Brooklyn Heights,106
MO,Jasper,29097,Reeds,100
MO,Jasper,29097,Waco,91
MO,Jefferson,29099,Arnold,21091
MO,Jefferson,29099,Festus,12036
MO,Jefferson,29099,Murphy,7961
MO,Jefferson,29099,De Soto,7141
MO,Jefferson,29099,Pevely,5978
MO,Jefferson,29099,Barnhart,5948
MO,Jefferson,29099,Crystal City,4700
MO,Jefferson,29099,High Ridge,4459
MO,Jefferson,29099,Imperial,4260
MO,Jefferson,29099,Herculaneum,4138
MO,Jefferson,29099,Hillsboro,3292
MO,Jefferson,29099,Byrnes Mill,3002
MO,Jefferson,29099,Cedar Hill,1834
MO,Jefferson,29099,LaBarque Creek,1499
MO,Jefferson,29099,Horine,1133
MO,Jefferson,29099,Olympian Village,752
MO,Jefferson,29099,Lake Tekakwitha,259
MO,Jefferson,29099,Cedar Hill Lakes,227
MO,Jefferson,29099,Scotsdale,216
MO,Jefferson,29099,Parkdale,166
MO,Jefferson,29099,Kimmswick,143
MO,Jefferson,29099,Peaceful Village,65
MO,Johnson,29101,Warrensburg,22410
MO,Johnson,29101,Whiteman AFB,4169
MO,Johnson,29101,Knob Noster,2785
MO,Johnson,29101,Holden,2236
MO,Johnson,29101,Leeton,556
MO,Johnson,29101,Chilhowee,323
MO,Johnson,29101,Centerview,273
MO,Johnson,29101,Kingsville,259
MO,Johnson,29101,La Tour,167
MO,Knox,29103,Edina,1124
MO,Knox,29103,Knox City,206
MO,Knox,29103,Hurdland,157
MO,Knox,29103,Novelty,132
MO,Knox,29103,Baring,127
MO,Knox,29103,Newark,90
MO,Knox,29103,Plevna,5
MO,Laclede,29105,Lebanon,14798
MO,Laclede,29105,Conway,776
MO,Laclede,29105,Phillipsburg,199
MO,Laclede,29105,Bennett Springs,179
MO,Laclede,29105,Evergreen,28
MO,Lafayette,29107,Odessa,5246
MO,Lafayette,29107,Higginsville,4609
MO,Lafayette,29107,Lexington,4534
MO,Lafayette,29107,Concordia,2366
MO,Lafayette,29107,Waverly,838
MO,Lafayette,29107,Wellington,805
MO,Lafayette,29107,Corder,401
MO,Lafayette,29107,Alma,383
MO,Lafayette,29107,Lake Lafayette,336
MO,Lafayette,29107,Bates City,218
MO,Lafayette,29107,Napoleon,213
MO,Lafayette,29107,Mayview,212
MO,Lafayette,29107,Dover,102
MO,Lafayette,29107,Aullville,101
MO,Lawrence,29109,Aurora,8297
MO,Lawrence,29109,Mount Vernon,4508
MO,Lawrence,29109,Marionville,2181
MO,Lawrence,29109,Pierce City,1309
MO,Lawrence,29109,Miller,681
MO,Lawrence,29109,Verona,601
MO,Lawrence,29109,Stotts City,217
MO,Lawrence,29109,Halltown,171
MO,Lawrence,29109,Freistatt,161
MO,Lawrence,29109,Hoberg,57
MO,Lawrence,29109,Chesapeake,32
MO,Lewis,29111,Canton,2302
MO,Lewis,29111,La Grange,892
MO,Lewis,29111,La Belle,625
MO,Lewis,29111,Lewistown,512
MO,Lewis,29111,Ewing,430
MO,Lewis,29111,Monticello,92
MO,Lincoln,29113,Troy,16092
MO,Lincoln,29113,Moscow Mills,3496
MO,Lincoln,29113,Elsberry,2077
MO,Lincoln,29113,Winfield,1499
MO,Lincoln,29113,Hawk Point,712
MO,Lincoln,29113,Silex,292
MO,Lincoln,29113,Old Monroe,287
MO,Lincoln,29113,Fountain N' Lakes,182
MO,Lincoln,29113,Foley,173
MO,Lincoln,29113,Truxton,103
MO,Lincoln,29113,Chain of Rocks,100
MO,Lincoln,29113,Whiteside,81
MO,Lincoln,29113,Cave,5
MO,Linn,29115,Brookfield,4213
MO,Linn,29115,Marceline,2085
MO,Linn,29115,Meadville,436
MO,Linn,29115,Bucklin,436
MO,Linn,29115,Laclede,322
MO,Linn,29115,Linneus,259
MO,Linn,29115,Browning,245
MO,Linn,29115,Purdin,177
MO,Livingston,29117,Chillicothe,9824
MO,Livingston,29117,Wheeling,263
MO,Livingston,29117,Utica,251
MO,Livingston,29117,Chula,205
MO,Livingston,29117,Dawn,154
MO,Livingston,29117,Ludlow,127
MO,Livingston,29117,Mooresville,90
MO,Macon,29121,Macon,5341
MO,Macon,29121,La Plata,1308
MO,Macon,29121,Bevier,691
MO,Macon,29121,Atlanta,380
MO,Macon,29121,Callao,293
MO,Macon,29121,New Cambria,187
MO,Macon,29121,Elmer,77
MO,Macon,29121,Ethel,60
MO,Macon,29121,South Gifford,48
MO,Macon,29121,Excello,12
MO,Madison,29123,Fredericktown,4215
MO,Madison,29123,Junction City,319
MO,Madison,29123,Mine La Motte,295
MO,Madison,29123,Cherokee Pass,288
MO,Madison,29123,Cobalt,224
MO,Madison,29123,Marquand,197
MO,Maries,29125,Belle,1479
MO,Maries,29125,Vienna,594
MO,Marion,29127,Hannibal,17884
MO,Marion,29127,Palmyra,3599
MO,McDonald,29119,Anderson,1919
MO,McDonald,29119,Noel,1807
MO,McDonald,29119,Goodman,1249
MO,McDonald,29119,Southwest City,956
MO,McDonald,29119,Pineville,807
MO,McDonald,29119,Lanagan,405
MO,McDonald,29119,Jane,312
MO,McDonald,29119,Ginger Blue,54
MO,Mercer,29129,Princeton,1099
MO,Mercer,29129,Mercer,301
MO,Mercer,29129,Ravanna,100
MO,Mercer,29129,South Lineville,27
MO,Miller,29131,Eldon,4706
MO,Miller,29131,Lake Ozark,1828
MO,Miller,29131,Iberia,749
MO,Miller,29131,St. Elizabeth,346
MO,Miller,29131,Tuscumbia,203
MO,Miller,29131,Olean,121
MO,Miller,29131,Bagnell,95
MO,Miller,29131,Brumley,94
MO,Mississippi,29133,Charleston,5468
MO,Mississippi,29133,East Prairie,3490
MO,Mississippi,29133,Bertrand,743
MO,Mississippi,29133,Wyatt,283
MO,Mississippi,29133,Anniston,208
MO,Mississippi,29133,Wilson City,112
MO,Moniteau,29135,California,4416
MO,Moniteau,29135,Tipton,3389
MO,Moniteau,29135,Jamestown,398
MO,Moniteau,29135,Clarksburg,350
MO,Moniteau,29135,Lupus,34
MO,Monroe,29137,Monroe City,2438
MO,Monroe,29137,Paris,1167
MO,Monroe,29137,Madison,541
MO,Monroe,29137,Holliday,132
MO,Monroe,29137,Stoutsville,40
MO,Montgomery,29139,Montgomery City,2678
MO,Montgomery,29139,Wellsville,1159
MO,Montgomery,29139,New Florence,718
MO,Montgomery,29139,Jonesburg,714
MO,Montgomery,29139,Bellflower,366
MO,Montgomery,29139,Big Spring,265
MO,Montgomery,29139,High Hill,177
MO,Montgomery,29139,Middletown,154
MO,Montgomery,29139,Rhineland,131
MO,Montgomery,29139,McKittrick,58
MO,Montgomery,29139,Danville,27
MO,Morgan,29141,Versailles,2477
MO,Morgan,29141,Stover,1094
MO,Morgan,29141,Laurie,967
MO,Morgan,29141,Barnett,201
MO,Morgan,29141,Syracuse,171
MO,Morgan,29141,Gravois Mills,148
MO,New Madrid,29143,Portageville,2943
MO,New Madrid,29143,New Madrid,2906
MO,New Madrid,29143,Lilbourn,1057
MO,New Madrid,29143,Gideon,972
MO,New Madrid,29143,Morehouse,865
MO,New Madrid,29143,Parma,619
MO,New Madrid,29143,Matthews,595
MO,New Madrid,29143,Marston,446
MO,New Madrid,29143,Howardville,338
MO,New Madrid,29143,Risco,310
MO,New Madrid,29143,Canalou,301
MO,New Madrid,29143,Tallapoosa,149
MO,New Madrid,29143,Catron,60
MO,New Madrid,29143,North Lilbourn,44
MO,Newton,29145,Neosho,12176
MO,Newton,29145,Seneca,2387
MO,Newton,29145,Granby,2085
MO,Newton,29145,Diamond,910
MO,Newton,29145,Loma Linda,776
MO,Newton,29145,Leawood,675
MO,Newton,29145,Fairview,377
MO,Newton,29145,Shoal Creek Drive,326
MO,Newton,29145,Saginaw,302
MO,Newton,29145,Newtonia,195
MO,Newton,29145,Stella,153
MO,Newton,29145,Redings Mill,150
MO,Newton,29145,Wentworth,144
MO,Newton,29145,Stark City,136
MO,Newton,29145,Grand Falls Plaza,112
MO,Newton,29145,Shoal Creek Estates,94
MO,Newton,29145,Ritchey,80
MO,Newton,29145,Dennis Acres,70
MO,Newton,29145,Cliff Village,39
MO,Nodaway,29147,Maryville,12808
MO,Nodaway,29147,Burlington Junction,481
MO,Nodaway,29147,Hopkins,476
MO,Nodaway,29147,Ravenwood,401
MO,Nodaway,29147,Conception,289
MO,Nodaway,29147,Skidmore,257
MO,Nodaway,29147,Barnard,198
MO,Nodaway,29147,Conception Junction,182
MO,Nodaway,29147,Parnell,171
MO,Nodaway,29147,Clearmont,155
MO,Nodaway,29147,Graham,155
MO,Nodaway,29147,Elmo,150
MO,Nodaway,29147,Pickering,142
MO,Nodaway,29147,Clyde,79
MO,Nodaway,29147,Guilford,73
MO,Nodaway,29147,Arkoe,64
MO,Nodaway,29147,Quitman,15
MO,Oregon,29149,Thayer,2836
MO,Oregon,29149,Alton,834
MO,Oregon,29149,Koshkonong,200
MO,Osage,29151,Linn,1593
MO,Osage,29151,Freeburg,423
MO,Osage,29151,Chamois,379
MO,Osage,29151,Westphalia,379
MO,Osage,29151,Meta,220
MO,Osage,29151,Argyle,160
MO,Ozark,29153,Gainesville,723
MO,Ozark,29153,Theodosia,267
MO,Ozark,29153,Pontiac,232
MO,Ozark,29153,Bakersfield,227
MO,Ozark,29153,Wasola,177
MO,Ozark,29153,Sundown,48
MO,Pemiscot,29155,Caruthersville,5348
MO,Pemiscot,29155,Hayti,2969
MO,Pemiscot,29155,Steele,1889
MO,Pemiscot,29155,Hayti Heights,547
MO,Pemiscot,29155,Cooter,404
MO,Pemiscot,29155,Wardell,359
MO,Pemiscot,29155,Holland,197
MO,Pemiscot,29155,Bragg City,131
MO,Pemiscot,29155,Homestown,130
MO,Pemiscot,29155,Hayward,96
MO,Pemiscot,29155,Pascola,93
MO,Perry,29157,Perryville,8696
MO,Perry,29157,Brewer,409
MO,Perry,29157,Altenburg,333
MO,Perry,29157,Frohna,245
MO,Perry,29157,Lithium,102
MO,Perry,29157,Longtown,100
MO,Perry,29157,Biehle,25
MO,Pettis,29159,Sedalia,26473
MO,Pettis,29159,La Monte,1135
MO,Pettis,29159,Smithton,571
MO,Pettis,29159,Green Ridge,495
MO,Pettis,29159,Houstonia,219
MO,Pettis,29159,Hughesville,189
MO,Phelps,29161,Rolla,21059
MO,Phelps,29161,St. James,4034
MO,Phelps,29161,Doolittle,601
MO,Phelps,29161,Newburg,436
MO,Phelps,29161,Edgar Springs,195
MO,Pike,29163,Bowling Green,5608
MO,Pike,29163,Louisiana,3207
MO,Pike,29163,Eolia,509
MO,Pike,29163,Clarksville,431
MO,Pike,29163,Frankford,314
MO,Pike,29163,Curryville,223
MO,Pike,29163,St. Clement,150
MO,Pike,29163,Ashley,78
MO,Pike,29163,Paynesville,75
MO,Pike,29163,Annada,28
MO,Platte,29165,Platte City,9462
MO,Platte,29165,Parkville,7162
MO,Platte,29165,Riverside,3505
MO,Platte,29165,Weatherby Lake,2073
MO,Platte,29165,Weston,1815
MO,Platte,29165,Lake Waukomis,873
MO,Platte,29165,Ferrelview,798
MO,Platte,29165,Edgerton,616
MO,Platte,29165,Camden Point,548
MO,Platte,29165,Dearborn,523
MO,Platte,29165,Platte Woods,405
MO,Platte,29165,Northmoor,365
MO,Platte,29165,Tracy,337
MO,Platte,29165,Farley,301
MO,Platte,29165,Houston Lake,247
MO,Platte,29165,Ridgely,106
MO,Platte,29165,Iatan,55
MO,Polk,29167,Bolivar,11067
MO,Polk,29167,Humansville,1059
MO,Polk,29167,Pleasant Hope,604
MO,Polk,29167,Fair Play,483
MO,Polk,29167,Morrisville,392
MO,Polk,29167,Halfway,177
MO,Polk,29167,Flemington,148
MO,Polk,29167,Aldrich,81
MO,Polk,29167,Goodnight,18
MO,Pulaski,29169,Fort Leonard Wood,16026
MO,Pulaski,29169,St. Robert,6275
MO,Pulaski,29169,Waynesville,5295
MO,Pulaski,29169,Richland,1795
MO,Pulaski,29169,Dixon,1450
MO,Pulaski,29169,Crocker,1039
MO,Putnam,29171,Unionville,1742
MO,Putnam,29171,Worthington,82
MO,Putnam,29171,Lucerne,79
MO,Putnam,29171,Livonia,71
MO,Putnam,29171,Powersville,54
MO,Ralls,29173,New London,987
MO,Ralls,29173,Perry,695
MO,Ralls,29173,Center,506
MO,Ralls,29173,Rensselaer,230
MO,Randolph,29175,Moberly,13615
MO,Randolph,29175,Huntsville,1507
MO,Randolph,29175,Higbee,550
MO,Randolph,29175,Clark,290
MO,Randolph,29175,Cairo,279
MO,Randolph,29175,Renick,169
MO,Randolph,29175,Jacksonville,145
MO,Randolph,29175,Clifton Hill,109
MO,Ray,29177,Richmond,5653
MO,Ray,29177,Lawson,2414
MO,Ray,29177,Orrick,804
MO,Ray,29177,Wood Heights,698
MO,Ray,29177,Hardin,537
MO,Ray,29177,Henrietta,357
MO,Ray,29177,Crystal Lakes,355
MO,Ray,29177,Rayville,282
MO,Ray,29177,Camden,188
MO,Ray,29177,Homestead,185
MO,Ray,29177,Excelsior Estates,148
MO,Ray,29177,Fleming,129
MO,Ray,29177,Elmira,50
MO,Reynolds,29179,Ellington,928
MO,Reynolds,29179,Bunker,379
MO,Reynolds,29179,Centerville,181
MO,Ripley,29181,Doniphan,1916
MO,Ripley,29181,Fairdealing,731
MO,Ripley,29181,Naylor,583
MO,Ripley,29181,Oxly,131
MO,Saline,29195,Marshall,12841
MO,Saline,29195,Slater,1762
MO,Saline,29195,Sweet Springs,1412
MO,Saline,29195,Malta Bend,239
MO,Saline,29195,Blackburn,237
MO,Saline,29195,Emma,229
MO,Saline,29195,Gilliam,190
MO,Saline,29195,Nelson,183
MO,Saline,29195,Miami,169
MO,Saline,29195,Mount Leonard,85
MO,Saline,29195,Grand Pass,64
MO,Saline,29195,Arrow Rock,52
MO,Schuyler,29197,Lancaster,765
MO,Schuyler,29197,Queen City,625
MO,Schuyler,29197,Greentop,459
MO,Schuyler,29197,Downing,351
MO,Schuyler,29197,Glenwood,206
MO,Scotland,29199,Memphis,1833
MO,Scotland,29199,Rutledge,110
MO,Scotland,29199,South Gorin,92
MO,Scotland,29199,Arbela,42
MO,Scotland,29199,Granger,34
MO,Scott,29201,Sikeston,16237
MO,Scott,29201,Scott City,5104
MO,Scott,29201,Chaffee,2916
MO,Scott,29201,Oran,1215
MO,Scott,29201,Miner,934
MO,Scott,29201,Benton,873
MO,Scott,29201,Morley,671
MO,Scott,29201,Kelso,587
MO,Scott,29201,Vanduser,261
MO,Scott,29201,Blodgett,204
MO,Scott,29201,Haywood City,202
MO,Scott,29201,Diehlstadt,151
MO,Scott,29201,Commerce,66
MO,Scott,29201,Lambert,8
MO,Shannon,29203,Winona,1293
MO,Shannon,29203,Birch Tree,649
MO,Shannon,29203,Eminence,578
MO,Shannon,29203,Montier,19
MO,Shelby,29205,Shelbina,1589
MO,Shelby,29205,Clarence,750
MO,Shelby,29205,Shelbyville,513
MO,Shelby,29205,Hunnewell,173
MO,Shelby,29205,Bethel,112
MO,Shelby,29205,Leonard,57
MO,St. Charles,29183,O'Fallon,88673
MO,St. Charles,29183,St. Charles,71028
MO,St. Charles,29183,St. Peters,58212
MO,St. Charles,29183,Wentzville,41784
MO,St. Charles,29183,Lake St. Louis,16864
MO,St. Charles,29183,Dardenne Prairie,13348
MO,St. Charles,29183,Cottleville,5608
MO,St. Charles,29183,Weldon Spring,5533
MO,St. Charles,29183,St. Paul,2574
MO,St. Charles,29183,Flint Hill,777
MO,St. Charles,29183,Foristell,606
MO,St. Charles,29183,West Alton,527
MO,St. Charles,29183,New Melle,508
MO,St. Charles,29183,Josephville,476
MO,St. Charles,29183,Portage Des Sioux,328
MO,St. Charles,29183,Augusta,267
MO,St. Charles,29183,Defiance,93
MO,St. Charles,29183,Weldon Spring Heights,90
MO,St. Clair,29185,Appleton City,1080
MO,St. Clair,29185,Osceola,908
MO,St. Clair,29185,Lowry City,613
MO,St. Clair,29185,Collins,152
MO,St. Clair,29185,Roscoe,117
MO,St. Clair,29185,Vista,46
MO,St. Clair,29185,Gerster,24
MO,St. Francois,29187,Farmington,46331
MO,St. Francois,29187,Park Hills,8529
MO,St. Francois,29187,Bonne Terre,7118
MO,St. Francois,29187,Desloge,4882
MO,St. Francois,29187,Terre du Lac,2662
MO,St. Francois,29187,Bismarck,1478
MO,St. Francois,29187,Leadwood,1165
MO,St. Francois,29187,Doe Run,994
MO,St. Francois,29187,Iron Mountain Lake,746
MO,St. Francois,29187,Leadington,598
MO,St. Francois,29187,Wortham,246
MO,St. Francois,29187,Frankclay,132
MO,St. Louis,29510,St. Louis,2024074
MO,St. Louis,29189,Florissant,50952
MO,St. Louis,29189,Chesterfield,47538
MO,St. Louis,29189,Oakville,36407
MO,St. Louis,29189,Wildwood,35432
MO,St. Louis,29189,University City,34165
MO,St. Louis,29189,Ballwin,30082
MO,St. Louis,29189,Mehlville,27971
MO,St. Louis,29189,Kirkwood,27807
MO,St. Louis,29189,Maryland Heights,26956
MO,St. Louis,29189,Hazelwood,25117
MO,St. Louis,29189,Webster Groves,22819
MO,St. Louis,29189,Ferguson,20525
MO,St. Louis,29189,Affton,20148
MO,St. Louis,29189,Old Jamestown,19777
MO,St. Louis,29189,Creve Coeur,18622
MO,St. Louis,29189,Manchester,18073
MO,St. Louis,29189,Concord,17912
MO,St. Louis,29189,Spanish Lake,17485
MO,St. Louis,29189,Lemay,16918
MO,St. Louis,29189,Clayton,16747
MO,St. Louis,29189,Overland,15551
MO,St. Louis,29189,Jennings,14575
MO,St. Louis,29189,St. Ann,12629
MO,St. Louis,29189,Eureka,12097
MO,St. Louis,29189,Crestwood,11834
MO,St. Louis,29189,Bridgeton,11520
MO,St. Louis,29189,Town and Country,11109
MO,St. Louis,29189,Bellefontaine Neighbors,10397
MO,St. Louis,29189,Ellisville,9862
MO,St. Louis,29189,Berkeley,8841
MO,St. Louis,29189,Richmond Heights,8801
MO,St. Louis,29189,Des Peres,8697
MO,St. Louis,29189,Ladue,8616
MO,St. Louis,29189,Sunset Hills,8447
MO,St. Louis,29189,Maplewood,8092
MO,St. Louis,29189,Brentwood,7966
MO,St. Louis,29189,Olivette,7822
MO,St. Louis,29189,Sappington,7484
MO,St. Louis,29189,Black Jack,6918
MO,St. Louis,29189,Valley Park,6796
MO,St. Louis,29189,St. John,6338
MO,St. Louis,29189,Shrewsbury,6091
MO,St. Louis,29189,Glendale,5866
MO,St. Louis,29189,Dellwood,4997
MO,St. Louis,29189,Glasgow Village,4918
MO,St. Louis,29189,Normandy,4838
MO,St. Louis,29189,Rock Hill,4620
MO,St. Louis,29189,Breckenridge Hills,4566
MO,St. Louis,29189,Northwoods,4076
MO,St. Louis,29189,Woodson Terrace,4037
MO,St. Louis,29189,Fenton,4026
MO,St. Louis,29189,Pine Lawn,3593
MO,St. Louis,29189,Frontenac,3543
MO,St. Louis,29189,Pagedale,3291
MO,St. Louis,29189,Riverview,2832
MO,St. Louis,29189,Castle Point,2820
MO,St. Louis,29189,Bel-Ridge,2675
MO,St. Louis,29189,Green Park,2618
MO,St. Louis,29189,Clarkson Valley,2606
MO,St. Louis,29189,Moline Acres,2346
MO,St. Louis,29189,Wellston,2285
MO,St. Louis,29189,Marlborough,2147
MO,St. Louis,29189,Vinita Park,2116
MO,St. Louis,29189,Hanley Hills,2101
MO,St. Louis,29189,St. George,2058
MO,St. Louis,29189,Warson Woods,1897
MO,St. Louis,29189,Hillsdale,1542
MO,St. Louis,29189,Winchester,1513
MO,St. Louis,29189,Bel-Nor,1397
MO,St. Louis,29189,Lakeshire,1389
MO,St. Louis,29189,Oakland,1367
MO,St. Louis,29189,Velda City,1360
MO,St. Louis,29189,Charlack,1354
MO,St. Louis,29189,Calverton Park,1268
MO,St. Louis,29189,Country Club Hills,1246
MO,St. Louis,29189,Cool Valley,1130
MO,St. Louis,29189,Velda Village Hills,1029
MO,St. Louis,29189,Norwood Court,955
MO,St. Louis,29189,Pasadena Hills,891
MO,St. Louis,29189,Grantwood Village,856
MO,St. Louis,29189,Edmundson,829
MO,St. Louis,29189,Flordell Hills,802
MO,St. Louis,29189,Bella Villa,724
MO,St. Louis,29189,Greendale,654
MO,St. Louis,29189,Sycamore Hills,653
MO,St. Louis,29189,Beverly Hills,554
MO,St. Louis,29189,Crystal Lake Park,486
MO,St. Louis,29189,Wilbur Park,466
MO,St. Louis,29189,Pasadena Park,456
MO,St. Louis,29189,Uplands Park,424
MO,St. Louis,29189,Twin Oaks,396
MO,St. Louis,29189,Huntleigh,388
MO,St. Louis,29189,Kinloch,290
MO,St. Louis,29189,Westwood,281
MO,St. Louis,29189,Bellerive Acres,181
MO,St. Louis,29189,Glen Echo Park,170
MO,St. Louis,29189,Country Life Acres,73
MO,St. Louis,29189,Champ,13
MO,Ste. Genevieve,29186,Ste. Genevieve,4416
MO,Ste. Genevieve,29186,Grayhawk,562
MO,Ste. Genevieve,29186,Bloomsdale,555
MO,Ste. Genevieve,29186,St. Mary,346
MO,Ste. Genevieve,29186,Ozora,151
MO,Ste. Genevieve,29186,Weingarten,89
MO,Stoddard,29207,Dexter,8996
MO,Stoddard,29207,Bernie,1880
MO,Stoddard,29207,Bloomfield,1833
MO,Stoddard,29207,Advance,1336
MO,Stoddard,29207,Puxico,846
MO,Stoddard,29207,Essex,448
MO,Stoddard,29207,Bell City,422
MO,Stoddard,29207,Dudley,222
MO,Stoddard,29207,Grayridge,183
MO,Stoddard,29207,Penermon,61
MO,Stone,29209,Kimberling City,3040
MO,Stone,29209,Crane,1357
MO,Stone,29209,Reeds Spring,867
MO,Stone,29209,Indian Point,523
MO,Stone,29209,Branson West,446
MO,Stone,29209,Galena,437
MO,Stone,29209,McCord Bend,299
MO,Stone,29209,Hurley,177
MO,Stone,29209,Blue Eye,161
MO,Stone,29209,Coney Island,75
MO,Sullivan,29211,Milan,1775
MO,Sullivan,29211,Green City,589
MO,Sullivan,29211,Greencastle,246
MO,Sullivan,29211,Newtown,168
MO,Sullivan,29211,Humphreys,107
MO,Sullivan,29211,Pollock,79
MO,Sullivan,29211,Harris,56
MO,Sullivan,29211,Osgood,44
MO,Sullivan,29211,Winigan,30
MO,Taney,29213,Branson,25033
MO,Taney,29213,Forsyth,7761
MO,Taney,29213,Hollister,4592
MO,Taney,29213,Merriam Woods,1847
MO,Taney,29213,Kissee Mills,1036
MO,Taney,29213,Rockaway Beach,869
MO,Taney,29213,Bull Creek,635
MO,Taney,29213,Taneyville,362
MO,Taney,29213,Kirbyville,228
MO,Texas,29215,Licking,3075
MO,Texas,29215,Houston,2082
MO,Texas,29215,Cabool,2080
MO,Texas,29215,Summersville,490
MO,Texas,29215,Raymondville,352
MO,Texas,29215,Plato,106
MO,Vernon,29217,Nevada,8699
MO,Vernon,29217,Sheldon,520
MO,Vernon,29217,Walker,256
MO,Vernon,29217,Schell City,238
MO,Vernon,29217,Bronaugh,235
MO,Vernon,29217,Moundville,120
MO,Vernon,29217,Richards,95
MO,Vernon,29217,Milo,87
MO,Vernon,29217,Deerfield,78
MO,Vernon,29217,Metz,47
MO,Vernon,29217,Harwood,45
MO,Vernon,29217,Stotesbury,17
MO,Warren,29219,Warrenton,9672
MO,Warren,29219,Wright City,4309
MO,Warren,29219,Marthasville,1201
MO,Warren,29219,Truesdale,886
MO,Warren,29219,Innsbrook,588
MO,Warren,29219,Pendleton,46
MO,Warren,29219,Three Creeks,6
MO,Washington,29221,Potosi,4765
MO,Washington,29221,Irondale,440
MO,Washington,29221,Mineral Point,355
MO,Washington,29221,Caledonia,127
MO,Wayne,29223,Piedmont,1889
MO,Wayne,29223,Greenville,463
MO,Wayne,29223,Williamsville,332
MO,Wayne,29223,Mill Spring,176
MO,Webster,29225,Marshfield,7638
MO,Webster,29225,Rogersville,3863
MO,Webster,29225,Seymour,2010
MO,Webster,29225,Fordland,846
MO,Webster,29225,Niangua,426
MO,Webster,29225,Diggins,323
MO,Worth,29227,Grant City,791
MO,Worth,29227,Sheridan,179
MO,Worth,29227,Worth,59
MO,Worth,29227,Allendale,51
MO,Worth,29227,Denver,36
MO,Worth,29227,Irena,17
MO,Wright,29229,Mountain Grove,4690
MO,Wright,29229,Mansfield,1245
MO,Wright,29229,Norwood,647
MO,Wright,29229,Hartville,607
MS,Adams,28001,Natchez,26095
MS,Adams,28001,Morgantown,1774
MS,Adams,28001,Cloverdale,666
MS,Alcorn,28003,Corinth,14472
MS,Alcorn,28003,Farmington,2155
MS,Alcorn,28003,Glen,414
MS,Alcorn,28003,Rienzi,308
MS,Alcorn,28003,Kossuth,208
MS,Amite,28005,Gloster,869
MS,Amite,28005,Liberty,667
MS,Amite,28005,Crosby,276
MS,Attala,28007,Kosciusko,6720
MS,Attala,28007,Ethel,385
MS,Attala,28007,Sallis,128
MS,Attala,28007,McCool,124
MS,Benton,28009,Hickory Flat,550
MS,Benton,28009,Ashland,519
MS,Benton,28009,Snow Lake Shores,289
MS,Bolivar,28011,Cleveland,14114
MS,Bolivar,28011,Shelby,1949
MS,Bolivar,28011,Shaw,1685
MS,Bolivar,28011,Rosedale,1588
MS,Bolivar,28011,Mound Bayou,1370
MS,Bolivar,28011,Renova,747
MS,Bolivar,28011,Boyle,588
MS,Bolivar,28011,Benoit,423
MS,Bolivar,28011,Gunnison,408
MS,Bolivar,28011,Duncan,380
MS,Bolivar,28011,Merigold,377
MS,Bolivar,28011,Beulah,325
MS,Bolivar,28011,Pace,240
MS,Bolivar,28011,Alligator,187
MS,Bolivar,28011,Winstonville,167
MS,Calhoun,28013,Bruce,1818
MS,Calhoun,28013,Calhoun City,1668
MS,Calhoun,28013,Vardaman,1279
MS,Calhoun,28013,Derma,974
MS,Calhoun,28013,Pittsboro,192
MS,Calhoun,28013,Big Creek,147
MS,Calhoun,28013,Slate Springs,104
MS,Carroll,28015,Vaiden,957
MS,Carroll,28015,North Carrollton,429
MS,Carroll,28015,Carrollton,176
MS,Chickasaw,28017,Houston,3427
MS,Chickasaw,28017,Okolona,2591
MS,Chickasaw,28017,New Houlka,607
MS,Chickasaw,28017,Woodland,129
MS,Choctaw,28019,Ackerman,1448
MS,Choctaw,28019,Weir,427
MS,Choctaw,28019,French Camp,165
MS,Claiborne,28021,Port Gibson,1312
MS,Claiborne,28021,Alcorn State University,974
MS,Clarke,28023,Quitman,2111
MS,Clarke,28023,Stonewall,975
MS,Clarke,28023,Enterprise,475
MS,Clarke,28023,Shubuta,406
MS,Clarke,28023,Pachuta,233
MS,Clay,28025,West Point,10404
MS,Coahoma,28027,Clarksdale,14894
MS,Coahoma,28027,Jonestown,1100
MS,Coahoma,28027,Friars Point,1015
MS,Coahoma,28027,Coahoma,320
MS,Coahoma,28027,Lyon,288
MS,Coahoma,28027,Lula,249
MS,Coahoma,28027,Farrell,191
MS,Copiah,28029,Crystal Springs,4925
MS,Copiah,28029,Hazlehurst,4528
MS,Copiah,28029,Wesson,1722
MS,Copiah,28029,Beauregard,324
MS,Copiah,28029,Georgetown,268
MS,Covington,28031,Collins,2425
MS,Covington,28031,Mount Olive,912
MS,Covington,28031,Seminary,284
MS,DeSoto,28033,Southaven,55780
MS,DeSoto,28033,Olive Branch,38924
MS,DeSoto,28033,Horn Lake,27272
MS,DeSoto,28033,Hernando,16399
MS,DeSoto,28033,Lynchburg,2533
MS,DeSoto,28033,Bridgetown,2325
MS,DeSoto,28033,Walls,1420
MS,Forrest,28035,Hattiesburg,80138
MS,Forrest,28035,Petal,10632
MS,Forrest,28035,Glendale,2155
MS,Forrest,28035,Rawls Springs,1047
MS,Franklin,28037,Bude,1000
MS,Franklin,28037,Roxie,466
MS,Franklin,28037,Meadville,421
MS,George,28039,Lucedale,3153
MS,Greene,28041,Leakesville,894
MS,Greene,28041,State Line,556
MS,Greene,28041,McLain,436
MS,Grenada,28043,Grenada,12219
MS,Grenada,28043,Elliott,934
MS,Grenada,28043,Holcomb,368
MS,Hancock,28045,Bay St. Louis,14034
MS,Hancock,28045,Diamondhead,8048
MS,Hancock,28045,Waveland,6302
MS,Hancock,28045,Kiln,2319
MS,Hancock,28045,Pearlington,911
MS,Harrison,28047,Gulfport,220987
MS,Harrison,28047,Biloxi,46212
MS,Harrison,28047,Long Beach,16023
MS,Harrison,28047,D'Iberville,14012
MS,Harrison,28047,Pass Christian,6307
MS,Harrison,28047,Lyman,2347
MS,Harrison,28047,DeLisle,1208
MS,Harrison,28047,Saucier,1185
MS,Harrison,28047,Henderson Point,155
MS,Hinds,28049,Jackson,325350
MS,Hinds,28049,Clinton,24440
MS,Hinds,28049,Byram,11428
MS,Hinds,28049,Raymond,3476
MS,Hinds,28049,Terry,1227
MS,Hinds,28049,Edwards,1005
MS,Hinds,28049,Utica,883
MS,Hinds,28049,Bolton,531
MS,Hinds,28049,Learned,88
MS,Holmes,28051,Durant,2262
MS,Holmes,28051,Tchula,1929
MS,Holmes,28051,Lexington,1453
MS,Holmes,28051,Goodman,1164
MS,Holmes,28051,Pickens,995
MS,Holmes,28051,Cruger,336
MS,Holmes,28051,West,149
MS,Humphreys,28053,Belzoni,4029
MS,Humphreys,28053,Isola,611
MS,Humphreys,28053,Silver City,288
MS,Humphreys,28053,Louise,169
MS,Issaquena,28055,Mayersville,591
MS,Itawamba,28057,Fulton,3980
MS,Itawamba,28057,Mantachie,1111
MS,Itawamba,28057,Tremont,463
MS,Jackson,28059,Pascagoula,48869
MS,Jackson,28059,Gautier,18490
MS,Jackson,28059,Ocean Springs,17862
MS,Jackson,28059,Moss Point,13350
MS,Jackson,28059,Gulf Hills,8352
MS,Jackson,28059,St. Martin,7963
MS,Jackson,28059,Gulf Park Estates,7053
MS,Jackson,28059,Latimer,6895
MS,Jackson,28059,Vancleave,4939
MS,Jackson,28059,Escatawpa,2257
MS,Jackson,28059,Wade,1336
MS,Jackson,28059,Hurley,1292
MS,Jackson,28059,Helena,1190
MS,Jackson,28059,Big Point,925
MS,Jasper,28061,Bay Springs,1658
MS,Jasper,28061,Heidelberg,659
MS,Jasper,28061,Louin,259
MS,Jasper,28061,Montrose,135
MS,Jefferson,28063,Fayette,1436
MS,Jefferson Davis,28065,Prentiss,933
MS,Jefferson Davis,28065,Bassfield,212
MS,Jones,28067,Laurel,25844
MS,Jones,28067,Ellisville,4559
MS,Jones,28067,Sharon,1313
MS,Jones,28067,Sandersville,728
MS,Jones,28067,Soso,394
MS,Kemper,28069,De Kalb,1007
MS,Kemper,28069,Scooba,686
MS,Lafayette,28071,Oxford,38310
MS,Lafayette,28071,University,4067
MS,Lafayette,28071,Taylor,444
MS,Lafayette,28071,Abbeville,423
MS,Lamar,28073,West Hattiesburg,6352
MS,Lamar,28073,Purvis,2392
MS,Lamar,28073,Lumberton,2218
MS,Lamar,28073,Arnold Line,2113
MS,Lamar,28073,Sumrall,1867
MS,Lauderdale,28075,Meridian,36686
MS,Lauderdale,28075,Nellieburg,1519
MS,Lauderdale,28075,Collinsville,1506
MS,Lauderdale,28075,Marion,1495
MS,Lauderdale,28075,Toomsuba,928
MS,Lauderdale,28075,Meridian Station,660
MS,Lauderdale,28075,Lauderdale,446
MS,Lawrence,28077,Monticello,1472
MS,Lawrence,28077,New Hebron,421
MS,Lawrence,28077,Silver Creek,198
MS,Leake,28079,Carthage,4782
MS,Leake,28079,Walnut Grove,1673
MS,Leake,28079,Redwater,642
MS,Leake,28079,Standing Pine,554
MS,Leake,28079,Lena,136
MS,Lee,28081,Tupelo,45466
MS,Lee,28081,Saltillo,5062
MS,Lee,28081,Baldwyn,3268
MS,Lee,28081,Verona,3232
MS,Lee,28081,Guntown,2792
MS,Lee,28081,Nettleton,1919
MS,Lee,28081,Shannon,1763
MS,Lee,28081,Plantersville,1137
MS,Lee,28081,Mooreville,1076
MS,Leflore,28083,Greenwood,19961
MS,Leflore,28083,Itta Bena,3727
MS,Leflore,28083,Mississippi Valley State University,1235
MS,Leflore,28083,Sidon,464
MS,Leflore,28083,Schlater,287
MS,Leflore,28083,Morgan City,238
MS,Lincoln,28085,Brookhaven,11947
MS,Lowndes,28087,Columbus,31084
MS,Lowndes,28087,New Hope,3908
MS,Lowndes,28087,Columbus AFB,1667
MS,Lowndes,28087,Caledonia,1058
MS,Lowndes,28087,Crawford,650
MS,Lowndes,28087,Artesia,425
MS,Madison,28089,Madison,25661
MS,Madison,28089,Ridgeland,24104
MS,Madison,28089,Canton,14048
MS,Madison,28089,Flora,1862
MS,Madison,28089,Kearney Park,1776
MS,Marion,28091,Columbia,6468
MS,Marion,28091,Foxworth,469
MS,Marshall,28093,Holly Springs,7798
MS,Marshall,28093,Byhalia,1210
MS,Marshall,28093,Potts Camp,467
MS,Monroe,28095,Amory,6794
MS,Monroe,28095,Aberdeen,5205
MS,Monroe,28095,Smithville,737
MS,Monroe,28095,New Hamilton,573
MS,Monroe,28095,Hatley,460
MS,Monroe,28095,Hamilton,375
MS,Monroe,28095,Gattman,88
MS,Montgomery,28097,Winona,3964
MS,Montgomery,28097,Duck Hill,1646
MS,Montgomery,28097,Kilmichael,557
MS,Neshoba,28099,Philadelphia,7345
MS,Neshoba,28099,Pearl River,4100
MS,Neshoba,28099,Tucker,731
MS,Neshoba,28099,Bogue Chitto,553
MS,Newton,28101,Newton,3155
MS,Newton,28101,Union,1897
MS,Newton,28101,Decatur,1705
MS,Newton,28101,Conehatta,1158
MS,Newton,28101,Hickory,529
MS,Newton,28101,Chunky,315
MS,Noxubee,28103,Macon,2622
MS,Noxubee,28103,Brooksville,1083
MS,Noxubee,28103,Shuqualak,436
MS,Oktibbeha,28105,Starkville,32546
MS,Oktibbeha,28105,Mississippi State,3542
MS,Oktibbeha,28105,Maben,840
MS,Oktibbeha,28105,Sturgis,263
MS,Panola,28107,Batesville,7218
MS,Panola,28107,Sardis,1581
MS,Panola,28107,Como,1188
MS,Panola,28107,Courtland,511
MS,Panola,28107,Pope,248
MS,Pearl River,28109,Picayune,16832
MS,Pearl River,28109,Poplarville,2899
MS,Pearl River,28109,Nicholson,2534
MS,Pearl River,28109,Hide-A-Way Lake,2392
MS,Perry,28111,Richton,1008
MS,Perry,28111,Beaumont,914
MS,Perry,28111,New Augusta,601
MS,Pike,28113,McComb,16672
MS,Pike,28113,Magnolia,2212
MS,Pike,28113,Summit,1570
MS,Pike,28113,Osyka,411
MS,Pontotoc,28115,Pontotoc,6169
MS,Pontotoc,28115,Ecru,1037
MS,Pontotoc,28115,Sherman,704
MS,Pontotoc,28115,Algoma,689
MS,Pontotoc,28115,Thaxton,686
MS,Pontotoc,28115,Toccopola,258
MS,Prentiss,28117,Booneville,8497
MS,Prentiss,28117,Jumpertown,488
MS,Prentiss,28117,Marietta,255
MS,Quitman,28119,Marks,2892
MS,Quitman,28119,Lambert,1343
MS,Quitman,28119,Crenshaw,845
MS,Quitman,28119,Crowder,639
MS,Quitman,28119,Sledge,476
MS,Quitman,28119,Darling,230
MS,Quitman,28119,Falcon,143
MS,Rankin,28121,Pearl,26510
MS,Rankin,28121,Brandon,24289
MS,Rankin,28121,Flowood,9380
MS,Rankin,28121,Richland,7241
MS,Rankin,28121,Florence,4494
MS,Rankin,28121,Pelahatchie,1382
MS,Rankin,28121,Robinhood,1332
MS,Rankin,28121,Cleary,1271
MS,Rankin,28121,Puckett,348
MS,Scott,28123,Forest,5536
MS,Scott,28123,Morton,3527
MS,Scott,28123,Hillsboro,1255
MS,Scott,28123,Lake,324
MS,Scott,28123,Sebastopol,276
MS,Sharkey,28125,Rolling Fork,1929
MS,Sharkey,28125,Anguilla,625
MS,Sharkey,28125,Cary,272
MS,Simpson,28127,Magee,4097
MS,Simpson,28127,Mendenhall,2387
MS,Simpson,28127,D'Lo,437
MS,Simpson,28127,Braxton,179
MS,Smith,28129,Raleigh,1411
MS,Smith,28129,Taylorsville,1245
MS,Smith,28129,Polkville,821
MS,Smith,28129,Mize,323
MS,Smith,28129,Sylvarena,104
MS,Stone,28131,Wiggins,4541
MS,Sunflower,28133,Indianola,9037
MS,Sunflower,28133,Ruleville,2557
MS,Sunflower,28133,Moorhead,2201
MS,Sunflower,28133,Drew,1608
MS,Sunflower,28133,Sunflower,978
MS,Sunflower,28133,Inverness,866
MS,Sunflower,28133,Doddsville,88
MS,Tallahatchie,28135,Tutwiler,3416
MS,Tallahatchie,28135,Charleston,2494
MS,Tallahatchie,28135,Webb,478
MS,Tallahatchie,28135,Sumner,267
MS,Tallahatchie,28135,Glendora,132
MS,Tate,28137,Senatobia,7610
MS,Tate,28137,Coldwater,1533
MS,Tippah,28139,Ripley,5273
MS,Tippah,28139,Blue Mountain,948
MS,Tippah,28139,Walnut,754
MS,Tippah,28139,Falkner,489
MS,Tippah,28139,Dumas,456
MS,Tishomingo,28141,Iuka,2937
MS,Tishomingo,28141,Belmont,1988
MS,Tishomingo,28141,Burnsville,934
MS,Tishomingo,28141,Tishomingo,356
MS,Tishomingo,28141,Golden,188
MS,Tishomingo,28141,Paden,113
MS,Tunica,28143,Tunica Resorts,2260
MS,Tunica,28143,North Tunica,886
MS,Tunica,28143,Tunica,864
MS,Tunica,28143,White Oak,275
MS,Union,28145,New Albany,8753
MS,Union,28145,Myrtle,498
MS,Union,28145,Blue Springs,241
MS,Walthall,28147,Tylertown,1428
MS,Warren,28149,Vicksburg,26340
MS,Warren,28149,Beechwood,3047
MS,Washington,28151,Greenville,29613
MS,Washington,28151,Leland,3815
MS,Washington,28151,Hollandale,2304
MS,Washington,28151,Metcalfe,965
MS,Washington,28151,Arcola,321
MS,Wayne,28153,Waynesboro,4805
MS,Wayne,28153,Buckatunna,490
MS,Wayne,28153,Clara,436
MS,Webster,28155,Eupora,2005
MS,Webster,28155,Mathiston,664
MS,Webster,28155,Mantee,214
MS,Webster,28155,Walthall,138
MS,Wilkinson,28157,Centreville,1424
MS,Wilkinson,28157,Woodville,919
MS,Winston,28159,Louisville,5983
MS,Winston,28159,Noxapater,438
MS,Yalobusha,28161,Water Valley,3255
MS,Yalobusha,28161,Coffeeville,826
MS,Yalobusha,28161,Oakland,501
MS,Yalobusha,28161,Tillatoba,43
MS,Yazoo,28163,Yazoo City,14817
MS,Yazoo,28163,Bentonia,419
MS,Yazoo,28163,Eden,121
MS,Yazoo,28163,Satartia,50
MT,Beaverhead,30001,Dillon,4794
MT,Beaverhead,30001,Lima,227
MT,Beaverhead,30001,Wisdom,91
MT,Big Horn,30003,Hardin,3905
MT,Big Horn,30003,Crow Agency,2010
MT,Big Horn,30003,Busby,647
MT,Big Horn,30003,Muddy,617
MT,Big Horn,30003,Pryor,539
MT,Big Horn,30003,Lodge Grass,447
MT,Big Horn,30003,Wyola,220
MT,Big Horn,30003,St. Xavier,136
MT,Big Horn,30003,Fort Smith,119
MT,Blaine,30005,Fort Belknap Agency,1542
MT,Blaine,30005,Chinook,1254
MT,Blaine,30005,Hays,930
MT,Blaine,30005,Harlem,835
MT,Blaine,30005,Lodge Pole,308
MT,Blaine,30005,Turner,85
MT,Broadwater,30007,Townsend,2152
MT,Broadwater,30007,Wheatland,545
MT,Broadwater,30007,The Silos,507
MT,Broadwater,30007,Spokane Creek,467
MT,Broadwater,30007,Winston,269
MT,Broadwater,30007,Toston,73
MT,Broadwater,30007,Radersburg,61
MT,Carbon,30009,Red Lodge,2303
MT,Carbon,30009,Bridger,755
MT,Carbon,30009,Joliet,655
MT,Carbon,30009,Fromberg,464
MT,Carbon,30009,Belfry,305
MT,Carbon,30009,Roberts,299
MT,Carbon,30009,Edgar,135
MT,Carbon,30009,Bearcreek,82
MT,Carbon,30009,Boyd,61
MT,Carbon,30009,Roscoe,49
MT,Carbon,30009,Silesia,21
MT,Carter,30011,Ekalaka,372
MT,Carter,30011,Alzada,23
MT,Cascade,30013,Great Falls,65131
MT,Cascade,30013,Malmstrom AFB,4179
MT,Cascade,30013,Sun Prairie,1717
MT,Cascade,30013,Black Eagle,923
MT,Cascade,30013,Vaughn,807
MT,Cascade,30013,Cascade,679
MT,Cascade,30013,Ulm,591
MT,Cascade,30013,Belt,564
MT,Cascade,30013,Simms,342
MT,Cascade,30013,Sand Coulee,210
MT,Cascade,30013,Gibson Flats,200
MT,Cascade,30013,Stockett,180
MT,Cascade,30013,Fort Shaw,116
MT,Cascade,30013,Sun River,56
MT,Cascade,30013,Neihart,49
MT,Chouteau,30015,Fort Benton,1432
MT,Chouteau,30015,Rocky Boy West,852
MT,Chouteau,30015,Big Sandy,562
MT,Chouteau,30015,Boneau,354
MT,Chouteau,30015,Geraldine,249
MT,Chouteau,30015,Highwood,201
MT,Chouteau,30015,Carter,87
MT,Chouteau,30015,Loma,86
MT,Custer,30017,Miles City,9436
MT,Custer,30017,Ismay,19
MT,Daniels,30019,Scobey,997
MT,Daniels,30019,Flaxville,67
MT,Dawson,30021,Glendive,6460
MT,Dawson,30021,West Glendive,1620
MT,Dawson,30021,Richey,171
MT,Deer Lodge,30023,Anaconda,9140
MT,Fallon,30025,Baker,1893
MT,Fallon,30025,Plevna,147
MT,Fergus,30027,Lewistown,5987
MT,Fergus,30027,Lewistown Heights,266
MT,Fergus,30027,Denton,233
MT,Fergus,30027,Winifred,195
MT,Fergus,30027,Moore,177
MT,Fergus,30027,Roy,138
MT,Fergus,30027,Grass Range,105
MT,Flathead,30029,Kalispell,39182
MT,Flathead,30029,Whitefish,8295
MT,Flathead,30029,Evergreen,8002
MT,Flathead,30029,Columbia Falls,7556
MT,Flathead,30029,Bigfork,4668
MT,Flathead,30029,Lakeside,2249
MT,Flathead,30029,Helena Flats,1148
MT,Flathead,30029,Somers,1095
MT,Flathead,30029,Marion,966
MT,Flathead,30029,Hungry Horse,634
MT,Flathead,30029,Batavia,436
MT,Flathead,30029,Coram,434
MT,Flathead,30029,Kila,385
MT,Flathead,30029,Martin City,384
MT,Flathead,30029,West Glacier,166
MT,Flathead,30029,Little Bitterroot Lake,154
MT,Flathead,30029,Olney,146
MT,Flathead,30029,Forest Hill Village,117
MT,Flathead,30029,Niarada,7
MT,Gallatin,30031,Bozeman,57695
MT,Gallatin,30031,Belgrade,17743
MT,Gallatin,30031,Four Corners,5084
MT,Gallatin,30031,Big Sky,3058
MT,Gallatin,30031,Three Forks,2055
MT,Gallatin,30031,Manhattan,1906
MT,Gallatin,30031,King Arthur Park,1686
MT,Gallatin,30031,West Yellowstone,1376
MT,Gallatin,30031,Churchill,1035
MT,Gallatin,30031,Gallatin Gateway,884
MT,Gallatin,30031,Ponderosa Pines,488
MT,Gallatin,30031,Willow Creek,258
MT,Gallatin,30031,Amsterdam,173
MT,Gallatin,30031,Gallatin River Ranch,146
MT,Gallatin,30031,Springhill,126
MT,Gallatin,30031,Hebgen Lake Estates,81
MT,Gallatin,30031,Sedan,77
MT,Gallatin,30031,Logan,20
MT,Garfield,30033,Jordan,386
MT,Glacier,30035,Cut Bank,3070
MT,Glacier,30035,North Browning,2861
MT,Glacier,30035,South Browning,1600
MT,Glacier,30035,Browning,1014
MT,Glacier,30035,East Glacier Park Village,388
MT,Glacier,30035,Starr School,329
MT,Glacier,30035,Santa Rita,250
MT,Glacier,30035,Little Browning,210
MT,Glacier,30035,Babb,72
MT,Golden Valley,30037,Ryegate,234
MT,Golden Valley,30037,Lavina,167
MT,Granite,30039,Philipsburg,923
MT,Granite,30039,Drummond,335
MT,Granite,30039,Maxville,157
MT,Hill,30041,Havre,10155
MT,Hill,30041,Parker School,625
MT,Hill,30041,Havre North,614
MT,Hill,30041,Beaver Creek,428
MT,Hill,30041,Rocky Boy's Agency,402
MT,Hill,30041,Azure,400
MT,Hill,30041,Sangrey,351
MT,Hill,30041,St. Pierre,343
MT,Hill,30041,West Havre,222
MT,Hill,30041,Herron,189
MT,Hill,30041,Rudyard,183
MT,Hill,30041,Gildford,171
MT,Hill,30041,Hingham,119
MT,Hill,30041,Kremlin,66
MT,Hill,30041,Saddle Butte,65
MT,Hill,30041,Box Elder,47
MT,Hill,30041,Inverness,45
MT,Jefferson,30043,Montana City,2872
MT,Jefferson,30043,Clancy,2052
MT,Jefferson,30043,Boulder,1276
MT,Jefferson,30043,Whitehall,1150
MT,Jefferson,30043,South Hills,671
MT,Jefferson,30043,Jefferson City,581
MT,Jefferson,30043,Rader Creek,282
MT,Jefferson,30043,Basin,232
MT,Jefferson,30043,Cardwell,104
MT,Judith Basin,30045,Stanford,391
MT,Judith Basin,30045,Hobson,231
MT,Judith Basin,30045,Geyser,129
MT,Lake,30047,Polson,5370
MT,Lake,30047,Pablo,2274
MT,Lake,30047,Ronan,2116
MT,Lake,30047,St. Ignatius,828
MT,Lake,30047,Woods Bay,810
MT,Lake,30047,Arlee,641
MT,Lake,30047,Finley Point,413
MT,Lake,30047,Lindisfarne,409
MT,Lake,30047,Turtle Lake,318
MT,Lake,30047,Charlo,286
MT,Lake,30047,Bear Dance,282
MT,Lake,30047,Kings Point,229
MT,Lake,30047,Rollins,201
MT,Lake,30047,Big Arm,169
MT,Lake,30047,Swan Lake,168
MT,Lake,30047,Elmo,165
MT,Lake,30047,Jette,143
MT,Lake,30047,Dayton,97
MT,Lake,30047,Ravalli,90
MT,Lake,30047,Kerr,73
MT,Lake,30047,Lake Mary Ronan,47
MT,Lake,30047,Kicking Horse,45
MT,Lake,30047,Rocky Point,30
MT,Lewis and Clark,30049,Helena,52936
MT,Lewis and Clark,30049,Helena Valley Southeast,8448
MT,Lewis and Clark,30049,Helena Valley West Central,8082
MT,Lewis and Clark,30049,Helena Valley Northwest,4465
MT,Lewis and Clark,30049,Helena Valley Northeast,3557
MT,Lewis and Clark,30049,East Helena,2103
MT,Lewis and Clark,30049,Helena West Side,1039
MT,Lewis and Clark,30049,Lincoln,857
MT,Lewis and Clark,30049,Augusta,318
MT,Lewis and Clark,30049,Marysville,43
MT,Lewis and Clark,30049,Craig,16
MT,Liberty,30051,Chester,853
MT,Liberty,30051,Joplin,218
MT,Lincoln,30053,Libby,4206
MT,Lincoln,30053,Eureka,1406
MT,Lincoln,30053,Troy,964
MT,Lincoln,30053,Pioneer Junction,813
MT,Lincoln,30053,Trego,569
MT,Lincoln,30053,White Haven,475
MT,Lincoln,30053,Fortine,421
MT,Lincoln,30053,Yaak,300
MT,Lincoln,30053,Rexford,158
MT,Lincoln,30053,Sylvanite,78
MT,Lincoln,30053,Happys Inn,68
MT,Lincoln,30053,West Kootenai,58
MT,Lincoln,30053,Stryker,19
MT,Madison,30057,Ennis,993
MT,Madison,30057,Sheridan,742
MT,Madison,30057,Twin Bridges,417
MT,Madison,30057,Virginia City,216
MT,Madison,30057,Pony,141
MT,Madison,30057,Alder,109
MT,Madison,30057,Harrison,103
MT,McCone,30055,Circle,605
MT,Meagher,30059,White Sulphur Springs,931
MT,Meagher,30059,Martinsdale,27
MT,Mineral,30061,Superior,867
MT,Mineral,30061,Alberton,446
MT,Mineral,30061,Riverbend,272
MT,Mineral,30061,St. Regis,210
MT,Mineral,30061,De Borgia,86
MT,Missoula,30063,Missoula,92895
MT,Missoula,30063,Orchard Homes,5847
MT,Missoula,30063,Lolo,3961
MT,Missoula,30063,East Missoula,2111
MT,Missoula,30063,Frenchtown,1949
MT,Missoula,30063,Bonner-West Riverside,1486
MT,Missoula,30063,Seeley Lake,1286
MT,Missoula,30063,Wye,788
MT,Missoula,30063,Clinton,757
MT,Missoula,30063,Carlton,750
MT,Missoula,30063,Piltzville,593
MT,Missoula,30063,Turah,366
MT,Missoula,30063,Evaro,343
MT,Missoula,30063,Condon,247
MT,Missoula,30063,Huson,56
MT,Musselshell,30065,Roundup,1850
MT,Musselshell,30065,Camp Three,134
MT,Musselshell,30065,Melstone,110
MT,Musselshell,30065,Klein,53
MT,Musselshell,30065,Musselshell,44
MT,Park,30067,Livingston,9050
MT,Park,30067,Gardiner,879
MT,Park,30067,Pray,749
MT,Park,30067,South Glastonbury,345
MT,Park,30067,Wineglass,339
MT,Park,30067,Wilsall,337
MT,Park,30067,Clyde Park,311
MT,Park,30067,Emigrant,271
MT,Park,30067,Corwin Springs,87
MT,Park,30067,Cooke City,63
MT,Park,30067,Jardine,38
MT,Park,30067,Silver Gate,29
MT,Park,30067,Springdale,19
MT,Petroleum,30069,Winnett,185
MT,Phillips,30071,Malta,1861
MT,Phillips,30071,Saco,187
MT,Phillips,30071,Whitewater,127
MT,Phillips,30071,Dodson,117
MT,Phillips,30071,Zortman,26
MT,Pondera,30073,Conrad,2477
MT,Pondera,30073,Heart Butte,600
MT,Pondera,30073,Valier,486
MT,Pondera,30073,Brady,149
MT,Pondera,30073,Dupuyer,118
MT,Powder River,30075,Broadus,462
MT,Powder River,30075,Biddle,48
MT,Powell,30077,Deer Lodge,2949
MT,Powell,30077,Elliston,207
MT,Powell,30077,Avon,156
MT,Powell,30077,Garrison,80
MT,Powell,30077,Ovando,64
MT,Prairie,30079,Terry,556
MT,Prairie,30079,Fallon,107
MT,Ravalli,30081,Hamilton,6964
MT,Ravalli,30081,Stevensville,2072
MT,Ravalli,30081,Pinesdale,1011
MT,Ravalli,30081,Corvallis,976
MT,Ravalli,30081,Darby,798
MT,Ravalli,30081,Victor,704
MT,Ravalli,30081,Florence,643
MT,Ravalli,30081,Sula,122
MT,Ravalli,30081,Conner,98
MT,Ravalli,30081,Charlos Heights,17
MT,Richland,30083,Sidney,6466
MT,Richland,30083,Fairview,864
MT,Richland,30083,Savage,268
MT,Richland,30083,Crane,186
MT,Richland,30083,Fox Lake,100
MT,Roosevelt,30085,Wolf Point,3687
MT,Roosevelt,30085,Poplar,2844
MT,Roosevelt,30085,Culbertson,795
MT,Roosevelt,30085,Brockton,319
MT,Roosevelt,30085,Bainville,316
MT,Roosevelt,30085,Froid,203
MT,Rosebud,30087,Colstrip,2246
MT,Rosebud,30087,Lame Deer,2086
MT,Rosebud,30087,Forsyth,1770
MT,Rosebud,30087,Ashland,957
MT,Rosebud,30087,Birney,110
MT,Rosebud,30087,Rosebud,72
MT,Sanders,30089,Thompson Falls,1427
MT,Sanders,30089,Plains,1139
MT,Sanders,30089,Hot Springs,582
MT,Sanders,30089,Belknap,227
MT,Sanders,30089,Noxon,223
MT,Sanders,30089,Dixon,216
MT,Sanders,30089,Trout Creek,178
MT,Sanders,30089,Lonepine,160
MT,Sanders,30089,Paradise,158
MT,Sanders,30089,Heron,141
MT,Sanders,30089,Old Agency,74
MT,Sanders,30089,Camas,73
MT,Sanders,30089,Weeksville,65
MT,Sheridan,30091,Plentywood,1732
MT,Sheridan,30091,Medicine Lake,223
MT,Sheridan,30091,Westby,154
MT,Sheridan,30091,Antelope,68
MT,Sheridan,30091,Outlook,47
MT,Sheridan,30091,Reserve,35
MT,Silver Bow,30093,Butte,34207
MT,Silver Bow,30093,Walkerville,708
MT,Stillwater,30095,Columbus,2079
MT,Stillwater,30095,Absarokee,1061
MT,Stillwater,30095,Park City,813
MT,Stillwater,30095,Reed Point,307
MT,Sweet Grass,30097,Big Timber,1701
MT,Sweet Grass,30097,Greycliff,83
MT,Teton,30099,Choteau,1710
MT,Teton,30099,Fairfield,723
MT,Teton,30099,Dutton,319
MT,Teton,30099,Power,177
MT,Teton,30099,Bynum,25
MT,Toole,30101,Shelby,3023
MT,Toole,30101,Sunburst,332
MT,Toole,30101,Kevin,136
MT,Toole,30101,Sweet Grass,58
MT,Treasure,30103,Hysham,304
MT,Valley,30105,Glasgow,3374
MT,Valley,30105,St. Marie,470
MT,Valley,30105,Frazer,344
MT,Valley,30105,Nashua,287
MT,Valley,30105,Hinsdale,242
MT,Valley,30105,Fort Peck,239
MT,Valley,30105,Opheim,83
MT,Wheatland,30107,Harlowton,987
MT,Wheatland,30107,Judith Gap,125
MT,Wheatland,30107,Shawmut,51
MT,Wibaux,30109,Wibaux,592
MT,Yellowstone,30111,Billings,120728
MT,Yellowstone,30111,Laurel,8526
MT,Yellowstone,30111,Lockwood,8066
MT,Yellowstone,30111,Shepherd,895
MT,Yellowstone,30111,Worden,780
MT,Yellowstone,30111,Huntley,414
MT,Yellowstone,30111,Ballantine,225
MT,Yellowstone,30111,Broadview,183
MT,Yellowstone,30111,Custer,120
NC,Alamance,37001,Burlington,131043
NC,Alamance,37001,Mebane,16262
NC,Alamance,37001,Graham,15646
NC,Alamance,37001,Elon,12232
NC,Alamance,37001,Glen Raven,3495
NC,Alamance,37001,Haw River,2535
NC,Alamance,37001,Green Level,2326
NC,Alamance,37001,Saxapahaw,1599
NC,Alamance,37001,Swepsonville,1384
NC,Alamance,37001,Alamance,1042
NC,Alamance,37001,Woodlawn,646
NC,Alamance,37001,Ossipee,591
NC,Alamance,37001,Altamahaw,319
NC,Alexander,37003,Taylorsville,5544
NC,Alexander,37003,Bethlehem,4227
NC,Alexander,37003,Stony Point,1527
NC,Alexander,37003,Hiddenite,266
NC,Alleghany,37005,Sparta,1723
NC,Anson,37007,Wadesboro,5275
NC,Anson,37007,Polkton,2561
NC,Anson,37007,Ansonville,589
NC,Anson,37007,Lilesville,483
NC,Anson,37007,Morven,466
NC,Anson,37007,Peachland,402
NC,Anson,37007,McFarlan,108
NC,Ashe,37009,Jefferson,3928
NC,Ashe,37009,West Jefferson,1315
NC,Ashe,37009,Lansing,153
NC,Avery,37011,Banner Elk,1149
NC,Avery,37011,Newland,686
NC,Avery,37011,Elk Park,444
NC,Avery,37011,Beech Mountain,324
NC,Avery,37011,Crossnore,239
NC,Avery,37011,Seven Devils,216
NC,Avery,37011,Sugar Mountain,197
NC,Avery,37011,Grandfather,24
NC,Beaufort,37013,Washington,16014
NC,Beaufort,37013,River Road,3826
NC,Beaufort,37013,Belhaven,1579
NC,Beaufort,37013,Chocowinity,788
NC,Beaufort,37013,Bayview,598
NC,Beaufort,37013,Aurora,510
NC,Beaufort,37013,Washington Park,428
NC,Beaufort,37013,Bath,241
NC,Beaufort,37013,Pantego,176
NC,Beaufort,37013,Pinetown,103
NC,Bertie,37015,Windsor,3373
NC,Bertie,37015,Aulander,783
NC,Bertie,37015,Lewiston Woodville,482
NC,Bertie,37015,Powellsville,244
NC,Bertie,37015,Kelford,222
NC,Bertie,37015,Askewville,220
NC,Bertie,37015,Roxobel,212
NC,Bertie,37015,Colerain,178
NC,Bladen,37017,Elizabethtown,3378
NC,Bladen,37017,Bladenboro,1613
NC,Bladen,37017,White Lake,769
NC,Bladen,37017,Clarkton,738
NC,Bladen,37017,East Arcadia,467
NC,Bladen,37017,Kelly,409
NC,Bladen,37017,White Oak,351
NC,Bladen,37017,Dublin,315
NC,Bladen,37017,Butters,199
NC,Bladen,37017,Tar Heel,115
NC,Brunswick,37019,Leland,23544
NC,Brunswick,37019,Oak Island,13878
NC,Brunswick,37019,Boiling Spring Lakes,6287
NC,Brunswick,37019,St. James,6248
NC,Brunswick,37019,Carolina Shores,4659
NC,Brunswick,37019,Shallotte,4351
NC,Brunswick,37019,Sunset Beach,4037
NC,Brunswick,37019,Southport,3966
NC,Brunswick,37019,Navassa,2306
NC,Brunswick,37019,Calabash,2270
NC,Brunswick,37019,Belville,2103
NC,Brunswick,37019,Northwest,785
NC,Brunswick,37019,Ocean Isle Beach,665
NC,Brunswick,37019,Holden Beach,664
NC,Brunswick,37019,Varnamtown,596
NC,Brunswick,37019,Caswell Beach,431
NC,Brunswick,37019,Sandy Creek,304
NC,Brunswick,37019,Bald Head Island,182
NC,Brunswick,37019,Bolivia,154
NC,Buncombe,37021,Asheville,312507
NC,Buncombe,37021,Black Mountain,8162
NC,Buncombe,37021,Woodfin,6717
NC,Buncombe,37021,Royal Pines,4759
NC,Buncombe,37021,Swannanoa,4127
NC,Buncombe,37021,Weaverville,4027
NC,Buncombe,37021,Avery Creek,2675
NC,Buncombe,37021,Bent Creek,1666
NC,Buncombe,37021,Biltmore Forest,1416
NC,Buncombe,37021,Montreat,870
NC,Burke,37023,Morganton,16577
NC,Burke,37023,Valdese,4420
NC,Burke,37023,Icard,2380
NC,Burke,37023,Hildebran,2010
NC,Burke,37023,Drexel,1854
NC,Burke,37023,Salem,1757
NC,Burke,37023,Connelly Springs,1644
NC,Burke,37023,Glen Alpine,1483
NC,Burke,37023,Rutherford College,1304
NC,Cabarrus,37025,Concord,261801
NC,Cabarrus,37025,Kannapolis,50841
NC,Cabarrus,37025,Harrisburg,16576
NC,Cabarrus,37025,Midland,3805
NC,Cabarrus,37025,Mount Pleasant,2222
NC,Caldwell,37027,Lenoir,17913
NC,Caldwell,37027,Sawmills,5189
NC,Caldwell,37027,Granite Falls,4659
NC,Caldwell,37027,Gamewell,3996
NC,Caldwell,37027,Hudson,3709
NC,Caldwell,37027,Cajah's Mountain,2737
NC,Caldwell,37027,Northlakes,1509
NC,Caldwell,37027,Rhodhiss,1024
NC,Caldwell,37027,Cedar Rock,300
NC,Camden,37029,Camden,809
NC,Camden,37029,South Mills,456
NC,Carteret,37031,Morehead City,49760
NC,Carteret,37031,Newport,4591
NC,Carteret,37031,Beaufort,4452
NC,Carteret,37031,Emerald Isle,3695
NC,Carteret,37031,Broad Creek,2548
NC,Carteret,37031,Cape Carteret,2061
NC,Carteret,37031,Atlantic Beach,1512
NC,Carteret,37031,Pine Knoll Shores,1327
NC,Carteret,37031,Cedar Point,1304
NC,Carteret,37031,Harkers Island,1260
NC,Carteret,37031,Peletier,720
NC,Carteret,37031,Bogue,703
NC,Carteret,37031,Gloucester,525
NC,Carteret,37031,Atlantic,522
NC,Carteret,37031,Marshallberg,402
NC,Carteret,37031,Davis,285
NC,Carteret,37031,Indian Beach,119
NC,Caswell,37033,Yanceyville,1963
NC,Caswell,37033,Milton,147
NC,Catawba,37035,Hickory,218323
NC,Catawba,37035,Newton,13177
NC,Catawba,37035,St. Stephens,9408
NC,Catawba,37035,Conover,8540
NC,Catawba,37035,Lake Norman of Catawba,8196
NC,Catawba,37035,Long View,4930
NC,Catawba,37035,Maiden,3716
NC,Catawba,37035,Mountain View,3701
NC,Catawba,37035,Claremont,1408
NC,Catawba,37035,Catawba,624
NC,Catawba,37035,Brookford,380
NC,Chatham,37037,Siler City,9464
NC,Chatham,37037,Pittsboro,4368
NC,Chatham,37037,Fearrington Village,2867
NC,Chatham,37037,Moncure,709
NC,Chatham,37037,Bennett,476
NC,Chatham,37037,Goldston,301
NC,Chatham,37037,Gulf,157
NC,Cherokee,37039,Andrews,1846
NC,Cherokee,37039,Murphy,1657
NC,Cherokee,37039,Marble,390
NC,Chowan,37041,Edenton,4614
NC,Clay,37043,Hayesville,483
NC,Cleveland,37045,Shelby,26973
NC,Cleveland,37045,Kings Mountain,10982
NC,Cleveland,37045,Boiling Springs,4535
NC,Cleveland,37045,Light Oak,1140
NC,Cleveland,37045,Belwood,954
NC,Cleveland,37045,Grover,704
NC,Cleveland,37045,Kingstown,677
NC,Cleveland,37045,Patterson Springs,621
NC,Cleveland,37045,Fallston,605
NC,Cleveland,37045,Lawndale,592
NC,Cleveland,37045,Polkville,544
NC,Cleveland,37045,Lattimore,448
NC,Cleveland,37045,Waco,314
NC,Cleveland,37045,Mooresboro,312
NC,Cleveland,37045,Casar,293
NC,Cleveland,37045,Earl,260
NC,Columbus,37047,Whiteville,7315
NC,Columbus,37047,Tabor City,6355
NC,Columbus,37047,Chadbourn,1711
NC,Columbus,37047,Lake Waccamaw,1400
NC,Columbus,37047,Brunswick,933
NC,Columbus,37047,Fair Bluff,881
NC,Columbus,37047,Riegelwood,840
NC,Columbus,37047,Bolton,641
NC,Columbus,37047,Hallsboro,450
NC,Columbus,37047,Sandyfield,418
NC,Columbus,37047,Delco,250
NC,Columbus,37047,Cerro Gordo,195
NC,Columbus,37047,Evergreen,164
NC,Columbus,37047,Boardman,152
NC,Craven,37049,New Bern,51308
NC,Craven,37049,Havelock,20677
NC,Craven,37049,James City,5354
NC,Craven,37049,Brices Creek,4342
NC,Craven,37049,Trent Woods,4021
NC,Craven,37049,River Bend,3026
NC,Craven,37049,Fairfield Harbour,2770
NC,Craven,37049,Neuse Forest,1536
NC,Craven,37049,Vanceboro,965
NC,Craven,37049,Bridgeton,441
NC,Craven,37049,Cove City,388
NC,Craven,37049,Dover,386
NC,Cumberland,37051,Fayetteville,327435
NC,Cumberland,37051,Hope Mills,15849
NC,Cumberland,37051,Spring Lake,12005
NC,Cumberland,37051,Eastover,3762
NC,Cumberland,37051,Stedman,1076
NC,Cumberland,37051,Vander,1006
NC,Cumberland,37051,Wade,583
NC,Cumberland,37051,Falcon,270
NC,Cumberland,37051,Godwin,143
NC,Cumberland,37051,Linden,133
NC,Currituck,37053,Moyock,4210
NC,Currituck,37053,Coinjock,511
NC,Dare,37055,Kill Devil Hills,20951
NC,Dare,37055,Manteo,5482
NC,Dare,37055,Kitty Hawk,3571
NC,Dare,37055,Nags Head,2975
NC,Dare,37055,Southern Shores,2958
NC,Dare,37055,Wanchese,1732
NC,Dare,37055,Buxton,1503
NC,Dare,37055,Manns Harbor,782
NC,Dare,37055,Hatteras,460
NC,Dare,37055,Avon,421
NC,Dare,37055,Duck,396
NC,Dare,37055,Rodanthe,141
NC,Dare,37055,Frisco,104
NC,Dare,37055,Salvo,91
NC,Dare,37055,Waves,56
NC,Davidson,37057,Thomasville,26649
NC,Davidson,37057,Lexington,18933
NC,Davidson,37057,Midway,4912
NC,Davidson,37057,Tyro,3954
NC,Davidson,37057,Welcome,3804
NC,Davidson,37057,Wallburg,3107
NC,Davidson,37057,Denton,1680
NC,Davidson,37057,Southmont,1150
NC,Davie,37059,Mocksville,5397
NC,Davie,37059,Bermuda Run,2709
NC,Davie,37059,Advance,1158
NC,Davie,37059,Cooleemee,983
NC,Duplin,37061,Wallace,4326
NC,Duplin,37061,Warsaw,3089
NC,Duplin,37061,Rose Hill,1618
NC,Duplin,37061,Beulaville,1293
NC,Duplin,37061,Faison,956
NC,Duplin,37061,Magnolia,952
NC,Duplin,37061,Kenansville,841
NC,Duplin,37061,Potters Hill,664
NC,Duplin,37061,Greenevers,647
NC,Duplin,37061,Calypso,526
NC,Duplin,37061,Teachey,423
NC,Durham,37063,Durham,424700
NC,Durham,37063,Gorman,1145
NC,Durham,37063,Rougemont,729
NC,Edgecombe,37065,Tarboro,12748
NC,Edgecombe,37065,Princeville,1926
NC,Edgecombe,37065,Pinetops,1235
NC,Edgecombe,37065,Macclesfield,426
NC,Edgecombe,37065,Conetoe,266
NC,Edgecombe,37065,Speed,75
NC,Edgecombe,37065,Leggett,55
NC,Forsyth,37067,Winston-Salem,422269
NC,Forsyth,37067,Kernersville,24660
NC,Forsyth,37067,Clemmons,20867
NC,Forsyth,37067,Lewisville,14228
NC,Forsyth,37067,Walkertown,5242
NC,Forsyth,37067,Rural Hall,3264
NC,Forsyth,37067,Tobaccoville,2718
NC,Forsyth,37067,Germanton,955
NC,Forsyth,37067,Bethania,364
NC,Franklin,37069,Louisburg,3980
NC,Franklin,37069,Lake Royale,3485
NC,Franklin,37069,Franklinton,2241
NC,Franklin,37069,Youngsville,1375
NC,Franklin,37069,Bunn,385
NC,Franklin,37069,Centerville,359
NC,Gaston,37071,Gastonia,182581
NC,Gaston,37071,Mount Holly,16257
NC,Gaston,37071,Belmont,12558
NC,Gaston,37071,Cherryville,6682
NC,Gaston,37071,Bessemer City,5577
NC,Gaston,37071,Dallas,4797
NC,Gaston,37071,Cramerton,4458
NC,Gaston,37071,Stanley,3762
NC,Gaston,37071,Lowell,3716
NC,Gaston,37071,Ranlo,3668
NC,Gaston,37071,High Shoals,748
NC,Gaston,37071,McAdenville,673
NC,Gates,37073,Sunbury,300
NC,Gates,37073,Gatesville,299
NC,Graham,37075,Robbinsville,637
NC,Graham,37075,Lake Santeetlah,42
NC,Graham,37075,Fontana Dam,7
NC,Granville,37077,Butner,17575
NC,Granville,37077,Oxford,9634
NC,Granville,37077,Creedmoor,4612
NC,Granville,37077,Stem,567
NC,Granville,37077,Stovall,420
NC,Greene,37079,Snow Hill,1512
NC,Greene,37079,Maury,1375
NC,Greene,37079,Hookerton,388
NC,Greene,37079,Walstonburg,208
NC,Guilford,37081,Greensboro,343090
NC,Guilford,37081,High Point,179913
NC,Guilford,37081,Summerfield,11376
NC,Guilford,37081,Gibsonville,7339
NC,Guilford,37081,Oak Ridge,7049
NC,Guilford,37081,Stokesdale,5489
NC,Guilford,37081,Pleasant Garden,4932
NC,Guilford,37081,Jamestown,4487
NC,Guilford,37081,Forest Oaks,4108
NC,Guilford,37081,McLeansville,1044
NC,Guilford,37081,Sedalia,684
NC,Guilford,37081,Whitsett,639
NC,Halifax,37083,Roanoke Rapids,22225
NC,Halifax,37083,South Rosemary,2747
NC,Halifax,37083,Enfield,2399
NC,Halifax,37083,Scotland Neck,1840
NC,Halifax,37083,Weldon,1470
NC,Halifax,37083,South Weldon,840
NC,Halifax,37083,Hollister,689
NC,Halifax,37083,Littleton,588
NC,Halifax,37083,Hobgood,317
NC,Halifax,37083,Halifax,204
NC,Harnett,37085,Dunn,15550
NC,Harnett,37085,Angier,5415
NC,Harnett,37085,Erwin,5156
NC,Harnett,37085,Lillington,3797
NC,Harnett,37085,Buies Creek,2585
NC,Harnett,37085,Coats,2500
NC,Harnett,37085,Mamers,763
NC,Harnett,37085,Bunnlevel,611
NC,Haywood,37087,Waynesville,10141
NC,Haywood,37087,Canton,4347
NC,Haywood,37087,Lake Junaluska,3307
NC,Haywood,37087,Clyde,1304
NC,Haywood,37087,West Canton,1256
NC,Haywood,37087,Maggie Valley,1237
NC,Henderson,37089,Hendersonville,14157
NC,Henderson,37089,Fletcher,8369
NC,Henderson,37089,Etowah,7653
NC,Henderson,37089,Mills River,7406
NC,Henderson,37089,East Flat Rock,5647
NC,Henderson,37089,Mountain Home,4173
NC,Henderson,37089,Dana,3919
NC,Henderson,37089,Flat Rock,3383
NC,Henderson,37089,Edneyville,2549
NC,Henderson,37089,Fruitland,2373
NC,Henderson,37089,Horse Shoe,2368
NC,Henderson,37089,Laurel Park,2330
NC,Henderson,37089,Valley Hill,1927
NC,Henderson,37089,Barker Heights,1354
NC,Henderson,37089,Balfour,1216
NC,Henderson,37089,Hoopers Creek,1088
NC,Henderson,37089,Gerton,303
NC,Hertford,37091,Ahoskie,4763
NC,Hertford,37091,Murfreesboro,2961
NC,Hertford,37091,Winton,722
NC,Hertford,37091,Cofield,369
NC,Hertford,37091,Harrellsville,98
NC,Hertford,37091,Como,83
NC,Hoke,37093,Raeford,4956
NC,Hoke,37093,Rockfish,3523
NC,Hoke,37093,Five Points,963
NC,Hoke,37093,Silver City,949
NC,Hoke,37093,Ashley Heights,453
NC,Hoke,37093,Dundarrach,75
NC,Hoke,37093,Bowmore,70
NC,Hyde,37095,Ocracoke,706
NC,Hyde,37095,Engelhard,413
NC,Hyde,37095,Swan Quarter,398
NC,Hyde,37095,Fairfield,265
NC,Iredell,37097,Mooresville,39132
NC,Iredell,37097,Statesville,27528
NC,Iredell,37097,Troutman,2769
NC,Iredell,37097,Harmony,595
NC,Iredell,37097,Love Valley,112
NC,Jackson,37099,Cullowhee,6377
NC,Jackson,37099,Sylva,2738
NC,Jackson,37099,Webster,387
NC,Jackson,37099,Forest Hills,374
NC,Jackson,37099,Dillsboro,248
NC,Jackson,37099,Cashiers,137
NC,Jackson,37099,Glenville,43
NC,Johnston,37101,Smithfield,32156
NC,Johnston,37101,Clayton,24887
NC,Johnston,37101,Archer Lodge,15972
NC,Johnston,37101,Selma,7101
NC,Johnston,37101,Benson,3922
NC,Johnston,37101,Wilson's Mills,2756
NC,Johnston,37101,Four Oaks,2254
NC,Johnston,37101,Pine Level,2019
NC,Johnston,37101,Kenly,1584
NC,Johnston,37101,Princeton,1398
NC,Johnston,37101,Micro,537
NC,Jones,37103,Maysville,935
NC,Jones,37103,Pollocksville,281
NC,Jones,37103,Trenton,280
NC,Lee,37105,Sanford,35467
NC,Lee,37105,Broadway,1286
NC,Lenoir,37107,Kinston,26889
NC,Lenoir,37107,La Grange,2619
NC,Lenoir,37107,Jackson Heights,694
NC,Lenoir,37107,Pink Hill,507
NC,Lincoln,37109,Lincolnton,24229
NC,Lincoln,37109,Westport,4117
NC,Lincoln,37109,Denver,3261
NC,Lincoln,37109,Lowesville,3208
NC,Lincoln,37109,Iron Station,580
NC,Macon,37113,Franklin,7238
NC,Macon,37113,Highlands,982
NC,Madison,37115,Mars Hill,1939
NC,Madison,37115,Marshall,908
NC,Madison,37115,Hot Springs,577
NC,Martin,37117,Williamston,5202
NC,Martin,37117,Robersonville,1343
NC,Martin,37117,Jamesville,447
NC,Martin,37117,Hamilton,370
NC,Martin,37117,Oak City,287
NC,Martin,37117,Parmele,253
NC,Martin,37117,Everetts,142
NC,Martin,37117,Hassell,76
NC,Martin,37117,Bear Grass,66
NC,McDowell,37111,Marion,13454
NC,McDowell,37111,West Marion,1392
NC,McDowell,37111,Old Fort,924
NC,Mecklenburg,37119,Charlotte,1512923
NC,Mecklenburg,37119,Huntersville,58098
NC,Mecklenburg,37119,Matthews,33138
NC,Mecklenburg,37119,Cornelius,30257
NC,Mecklenburg,37119,Mint Hill,27617
NC,Mecklenburg,37119,Davidson,13054
NC,Mecklenburg,37119,Pineville,9028
NC,Mitchell,37121,Spruce Pine,4630
NC,Mitchell,37121,Bakersville,445
NC,Montgomery,37123,Troy,3655
NC,Montgomery,37123,Biscoe,2848
NC,Montgomery,37123,Mount Gilead,1142
NC,Montgomery,37123,Star,849
NC,Montgomery,37123,Candor,817
NC,Moore,37125,Pinehurst,45935
NC,Moore,37125,Southern Pines,14657
NC,Moore,37125,Aberdeen,7988
NC,Moore,37125,Seven Lakes,4903
NC,Moore,37125,Whispering Pines,4078
NC,Moore,37125,Carthage,2553
NC,Moore,37125,Pinebluff,1619
NC,Moore,37125,Robbins,1221
NC,Moore,37125,Foxfire,1042
NC,Moore,37125,Taylortown,858
NC,Moore,37125,Vass,789
NC,Moore,37125,Cameron,341
NC,Nash,37127,Rocky Mount,64018
NC,Nash,37127,Nashville,5554
NC,Nash,37127,Red Oak,3468
NC,Nash,37127,Sharpsburg,2013
NC,Nash,37127,Spring Hope,1310
NC,Nash,37127,Dortches,963
NC,Nash,37127,Middlesex,825
NC,Nash,37127,Whitakers,702
NC,Nash,37127,Bailey,562
NC,Nash,37127,Castalia,270
NC,Nash,37127,Momeyer,228
NC,New Hanover,37129,Wilmington,255616
NC,New Hanover,37129,Murraysville,16542
NC,New Hanover,37129,Myrtle Grove,10753
NC,New Hanover,37129,Kings Grant,8647
NC,New Hanover,37129,Ogden,8408
NC,New Hanover,37129,Porters Neck,7538
NC,New Hanover,37129,Silver Lake,6476
NC,New Hanover,37129,Carolina Beach,6399
NC,New Hanover,37129,Wrightsboro,4525
NC,New Hanover,37129,Bayshore,4496
NC,New Hanover,37129,Northchase,3614
NC,New Hanover,37129,Skippers Corner,2716
NC,New Hanover,37129,Wrightsville Beach,2556
NC,New Hanover,37129,Kure Beach,2098
NC,New Hanover,37129,Sea Breeze,1785
NC,New Hanover,37129,Castle Hayne,1027
NC,New Hanover,37129,Hightsville,977
NC,New Hanover,37129,Blue Clay Farms,6
NC,Northampton,37131,Gaston,1020
NC,Northampton,37131,Garysburg,918
NC,Northampton,37131,Rich Square,844
NC,Northampton,37131,Conway,729
NC,Northampton,37131,Woodland,703
NC,Northampton,37131,Seaboard,543
NC,Northampton,37131,Jackson,454
NC,Northampton,37131,Severn,239
NC,Northampton,37131,Lasker,106
NC,Onslow,37133,Jacksonville,108856
NC,Onslow,37133,Swansboro,20507
NC,Onslow,37133,Piney Green,13741
NC,Onslow,37133,Half Moon,8243
NC,Onslow,37133,Holly Ridge,2827
NC,Onslow,37133,Sneads Ferry,2785
NC,Onslow,37133,Richlands,1703
NC,Onslow,37133,Pumpkin Center,1693
NC,Onslow,37133,North Topsail Beach,743
NC,Orange,37135,Chapel Hill,64051
NC,Orange,37135,Carrboro,21190
NC,Orange,37135,Hillsborough,7161
NC,Orange,37135,Efland,668
NC,Pamlico,37137,Bayboro,1240
NC,Pamlico,37137,Oriental,861
NC,Pamlico,37137,Alliance,758
NC,Pamlico,37137,Grantsboro,652
NC,Pamlico,37137,Arapahoe,535
NC,Pamlico,37137,Minnesott Beach,423
NC,Pamlico,37137,Stonewall,270
NC,Pamlico,37137,Vandemere,244
NC,Pamlico,37137,Mesic,210
NC,Pamlico,37137,Hobucken,38
NC,Pasquotank,37139,Elizabeth City,22711
NC,Pender,37141,Hampstead,5901
NC,Pender,37141,Burgaw,4149
NC,Pender,37141,Surf City,2469
NC,Pender,37141,Rocky Point,1687
NC,Pender,37141,Topsail Beach,427
NC,Pender,37141,St. Helena,424
NC,Pender,37141,Atkinson,356
NC,Pender,37141,Watha,240
NC,Perquimans,37143,Hertford,2113
NC,Perquimans,37143,Winfall,610
NC,Person,37145,Roxboro,9599
NC,Pitt,37147,Greenville,130118
NC,Pitt,37147,Winterville,9931
NC,Pitt,37147,Ayden,5141
NC,Pitt,37147,Farmville,4928
NC,Pitt,37147,Grifton,3779
NC,Pitt,37147,Bethel,1611
NC,Pitt,37147,Stokes,777
NC,Pitt,37147,Belvoir,565
NC,Pitt,37147,Simpson,482
NC,Pitt,37147,Grimesland,442
NC,Pitt,37147,Fountain,435
NC,Pitt,37147,Bell Arthur,369
NC,Pitt,37147,Falkland,98
NC,Polk,37149,Tryon,1615
NC,Polk,37149,Columbus,998
NC,Polk,37149,Saluda,697
NC,Randolph,37151,Asheboro,39192
NC,Randolph,37151,Archdale,11513
NC,Randolph,37151,Trinity,6606
NC,Randolph,37151,Randleman,4115
NC,Randolph,37151,Ramseur,2948
NC,Randolph,37151,Liberty,2658
NC,Randolph,37151,Franklinville,1187
NC,Randolph,37151,Staley,398
NC,Randolph,37151,Seagrove,229
NC,Richmond,37153,Rockingham,23016
NC,Richmond,37153,Hamlet,6328
NC,Richmond,37153,East Rockingham,3086
NC,Richmond,37153,Cordova,1473
NC,Richmond,37153,Ellerbe,978
NC,Richmond,37153,Dobbins Heights,839
NC,Richmond,37153,Hoffman,572
NC,Richmond,37153,Norman,132
NC,Robeson,37155,Lumberton,28279
NC,Robeson,37155,Pembroke,7381
NC,Robeson,37155,Red Springs,4031
NC,Robeson,37155,St. Pauls,3710
NC,Robeson,37155,Fairmont,2597
NC,Robeson,37155,Maxton,2346
NC,Robeson,37155,Rowland,992
NC,Robeson,37155,Barker Ten Mile,909
NC,Robeson,37155,Elrod,825
NC,Robeson,37155,Prospect,797
NC,Robeson,37155,Parkton,439
NC,Robeson,37155,Shannon,380
NC,Robeson,37155,Rennert,372
NC,Robeson,37155,Wakulla,199
NC,Robeson,37155,Raemon,197
NC,Robeson,37155,Marietta,168
NC,Robeson,37155,Proctorville,114
NC,Robeson,37155,McDonald,108
NC,Robeson,37155,Lumber Bridge,88
NC,Robeson,37155,Orrum,87
NC,Robeson,37155,Raynham,71
NC,Rockingham,37157,Eden,16477
NC,Rockingham,37157,Reidsville,13987
NC,Rockingham,37157,Mayodan,4211
NC,Rockingham,37157,Wentworth,2720
NC,Rockingham,37157,Madison,2116
NC,Rockingham,37157,Stoneville,1257
NC,Rockingham,37157,Ruffin,330
NC,Rowan,37159,Salisbury,33988
NC,Rowan,37159,China Grove,4220
NC,Rowan,37159,Spencer,3257
NC,Rowan,37159,Enochville,3232
NC,Rowan,37159,Landis,3138
NC,Rowan,37159,Granite Quarry,3012
NC,Rowan,37159,Rockwell,2159
NC,Rowan,37159,East Spencer,1551
NC,Rowan,37159,Cleveland,872
NC,Rowan,37159,Faith,806
NC,Rutherford,37161,Forest City,25311
NC,Rutherford,37161,Spindale,4202
NC,Rutherford,37161,Rutherfordton,4087
NC,Rutherford,37161,Lake Lure,1154
NC,Rutherford,37161,Ellenboro,832
NC,Rutherford,37161,Caroleen,668
NC,Rutherford,37161,Cliffside,665
NC,Rutherford,37161,Henrietta,604
NC,Rutherford,37161,Ruth,413
NC,Rutherford,37161,Bostic,379
NC,Rutherford,37161,Chimney Rock Village,116
NC,Sampson,37163,Clinton,9334
NC,Sampson,37163,Plain View,1853
NC,Sampson,37163,Roseboro,1167
NC,Sampson,37163,Ingold,676
NC,Sampson,37163,Garland,617
NC,Sampson,37163,Newton Grove,565
NC,Sampson,37163,Bonnetsville,506
NC,Sampson,37163,Salemburg,414
NC,Sampson,37163,Vann Crossroads,391
NC,Sampson,37163,Ivanhoe,326
NC,Sampson,37163,Turkey,293
NC,Sampson,37163,Autryville,199
NC,Sampson,37163,Harrells,197
NC,Sampson,37163,Keener,144
NC,Sampson,37163,Delway,39
NC,Scotland,37165,Laurinburg,19889
NC,Scotland,37165,Laurel Hill,1194
NC,Scotland,37165,Wagram,777
NC,Scotland,37165,Gibson,500
NC,Scotland,37165,Deercroft,482
NC,Scotland,37165,Scotch Meadows,481
NC,Scotland,37165,Old Hundred,481
NC,Scotland,37165,East Laurinburg,279
NC,Stanly,37167,Albemarle,17185
NC,Stanly,37167,Locust,3238
NC,Stanly,37167,Norwood,2449
NC,Stanly,37167,Badin,1973
NC,Stanly,37167,Oakboro,1912
NC,Stanly,37167,Stanfield,1548
NC,Stanly,37167,Red Cross,761
NC,Stanly,37167,Misenheimer,756
NC,Stanly,37167,New London,724
NC,Stanly,37167,Aquadale,637
NC,Stanly,37167,Richfield,622
NC,Stanly,37167,Millingport,466
NC,Stokes,37169,King,6861
NC,Stokes,37169,Walnut Cove,1533
NC,Stokes,37169,Pinnacle,909
NC,Stokes,37169,Danbury,183
NC,Surry,37171,Mount Airy,19119
NC,Surry,37171,Elkin,6536
NC,Surry,37171,Toast,1564
NC,Surry,37171,Dobson,1539
NC,Surry,37171,Pilot Mountain,1413
NC,Surry,37171,White Plains,1094
NC,Surry,37171,Lowgap,425
NC,Swain,37173,Cherokee,2046
NC,Swain,37173,Bryson City,1452
NC,Transylvania,37175,Brevard,13666
NC,Transylvania,37175,Rosman,615
NC,Tyrrell,37177,Columbia,759
NC,Union,37179,Indian Trail,40252
NC,Union,37179,Monroe,35540
NC,Union,37179,Waxhaw,17147
NC,Union,37179,Stallings,16145
NC,Union,37179,Weddington,11182
NC,Union,37179,Wesley Chapel,9295
NC,Union,37179,Unionville,7195
NC,Union,37179,Marvin,6792
NC,Union,37179,Wingate,4594
NC,Union,37179,Lake Park,3909
NC,Union,37179,Fairview,3900
NC,Union,37179,Mineral Springs,3111
NC,Union,37179,Marshville,2787
NC,Union,37179,Hemby Bridge,1809
NC,Union,37179,JAARS,443
NC,Vance,37181,Henderson,20238
NC,Vance,37181,South Henderson,1136
NC,Vance,37181,Kittrell,162
NC,Vance,37181,Middleburg,137
NC,Wake,37183,Raleigh,1038738
NC,Wake,37183,Cary,170282
NC,Wake,37183,Apex,59300
NC,Wake,37183,Wake Forest,45629
NC,Wake,37183,Holly Springs,37812
NC,Wake,37183,Garner,31407
NC,Wake,37183,Fuquay-Varina,30324
NC,Wake,37183,Morrisville,28846
NC,Wake,37183,Wendell,19382
NC,Wake,37183,Knightdale,17843
NC,Wake,37183,Rolesville,8501
NC,Wake,37183,Zebulon,5917
NC,Warren,37185,Norlina,1047
NC,Warren,37185,Warrenton,833
NC,Warren,37185,Macon,110
NC,Washington,37187,Plymouth,3696
NC,Washington,37187,Roper,539
NC,Washington,37187,Creswell,234
NC,Watauga,37189,Boone,26146
NC,Watauga,37189,Foscoe,1579
NC,Watauga,37189,Blowing Rock,1324
NC,Watauga,37189,Cove Creek,999
NC,Watauga,37189,Valle Crucis,226
NC,Wayne,37191,Goldsboro,57278
NC,Wayne,37191,Mount Olive,5183
NC,Wayne,37191,Elroy,3949
NC,Wayne,37191,Mar-Mac,3368
NC,Wayne,37191,Brogden,2279
NC,Wayne,37191,Fremont,1262
NC,Wayne,37191,Walnut Creek,861
NC,Wayne,37191,Pikeville,674
NC,Wayne,37191,Eureka,196
NC,Wayne,37191,Seven Springs,111
NC,Wilkes,37193,North Wilkesboro,18066
NC,Wilkes,37193,Wilkesboro,3453
NC,Wilkes,37193,Mulberry,2239
NC,Wilkes,37193,Fairplains,2065
NC,Wilkes,37193,Cricket,1949
NC,Wilkes,37193,Moravian Falls,1802
NC,Wilkes,37193,Millers Creek,1408
NC,Wilkes,37193,Hays,1277
NC,Wilkes,37193,Pleasant Hill,769
NC,Wilkes,37193,Ronda,411
NC,Wilson,37195,Wilson,49483
NC,Wilson,37195,Elm City,1292
NC,Wilson,37195,Lucama,1152
NC,Wilson,37195,Stantonsburg,779
NC,Wilson,37195,Black Creek,770
NC,Wilson,37195,Saratoga,404
NC,Wilson,37195,Sims,286
NC,Yadkin,37197,Yadkinville,3431
NC,Yadkin,37197,Jonesville,2215
NC,Yadkin,37197,Boonville,1143
NC,Yadkin,37197,East Bend,601
NC,Yancey,37199,Burnsville,1647
ND,Adams,38001,Hettinger,1155
ND,Adams,38001,Reeder,148
ND,Adams,38001,Bucyrus,26
ND,Adams,38001,Haynes,23
ND,Barnes,38003,Valley City,6423
ND,Barnes,38003,Wimbledon,191
ND,Barnes,38003,Sanborn,170
ND,Barnes,38003,Litchville,150
ND,Barnes,38003,Oriska,112
ND,Barnes,38003,Dazey,93
ND,Barnes,38003,Fingal,86
ND,Barnes,38003,Nome,56
ND,Barnes,38003,Kathryn,48
ND,Barnes,38003,Rogers,41
ND,Barnes,38003,Sibley,28
ND,Barnes,38003,Leal,18
ND,Barnes,38003,Pillsbury,12
ND,Benson,38005,Fort Totten,1247
ND,Benson,38005,Leeds,460
ND,Benson,38005,Maddock,378
ND,Benson,38005,Minnewaukan,225
ND,Benson,38005,Oberon,103
ND,Benson,38005,Esmond,97
ND,Benson,38005,Warwick,66
ND,Benson,38005,Brinsmade,34
ND,Benson,38005,Knox,25
ND,Benson,38005,York,23
ND,Billings,38007,Medora,129
ND,Bottineau,38009,Bottineau,2154
ND,Bottineau,38009,Westhope,403
ND,Bottineau,38009,Lansford,240
ND,Bottineau,38009,Willow City,150
ND,Bottineau,38009,Newburg,108
ND,Bottineau,38009,Maxbass,79
ND,Bottineau,38009,Souris,52
ND,Bottineau,38009,Landa,36
ND,Bottineau,38009,Kramer,28
ND,Bottineau,38009,Gardena,28
ND,Bottineau,38009,Antler,26
ND,Bottineau,38009,Overly,17
ND,Bowman,38011,Bowman,1599
ND,Bowman,38011,Scranton,255
ND,Bowman,38011,Rhame,165
ND,Bowman,38011,Gascoyne,15
ND,Burke,38013,Bowbells,336
ND,Burke,38013,Powers Lake,285
ND,Burke,38013,Lignite,223
ND,Burke,38013,Portal,142
ND,Burke,38013,Columbus,138
ND,Burke,38013,Flaxton,64
ND,Burke,38013,Larson,13
ND,Burleigh,38015,Bismarck,98345
ND,Burleigh,38015,Lincoln,4745
ND,Burleigh,38015,Wing,186
ND,Burleigh,38015,Menoken,81
ND,Burleigh,38015,Driscoll,66
ND,Burleigh,38015,Regan,43
ND,Cass,38017,Fargo,208675
ND,Cass,38017,West Fargo,37058
ND,Cass,38017,Horace,2944
ND,Cass,38017,Casselton,2475
ND,Cass,38017,Mapleton,1238
ND,Cass,38017,Harwood,829
ND,Cass,38017,Kindred,781
ND,Cass,38017,Reile's Acres,700
ND,Cass,38017,Argusville,468
ND,Cass,38017,Arthur,332
ND,Cass,38017,Oxbow,306
ND,Cass,38017,Davenport,272
ND,Cass,38017,Tower City,265
ND,Cass,38017,Hunter,252
ND,Cass,38017,Leonard,230
ND,Cass,38017,Page,230
ND,Cass,38017,Frontier,213
ND,Cass,38017,Buffalo,184
ND,Cass,38017,Grandin,169
ND,Cass,38017,Brooktree Park,156
ND,Cass,38017,Amenia,96
ND,Cass,38017,Gardner,74
ND,Cass,38017,Briarwood,71
ND,Cass,38017,North River,54
ND,Cass,38017,Prairie Rose,49
ND,Cass,38017,Alice,40
ND,Cass,38017,Wheatland,36
ND,Cass,38017,Erie,31
ND,Cass,38017,Embden,30
ND,Cass,38017,Ayr,18
ND,Cavalier,38019,Langdon,1752
ND,Cavalier,38019,Munich,195
ND,Cavalier,38019,Osnabrock,118
ND,Cavalier,38019,Milton,58
ND,Cavalier,38019,Nekoma,49
ND,Cavalier,38019,Alsen,32
ND,Cavalier,38019,Wales,30
ND,Cavalier,38019,Sarles,27
ND,Cavalier,38019,Calio,20
ND,Cavalier,38019,Calvin,18
ND,Cavalier,38019,Loma,15
ND,Cavalier,38019,Hannah,15
ND,Dickey,38021,Oakes,1701
ND,Dickey,38021,Ellendale,1246
ND,Dickey,38021,Fullerton,53
ND,Dickey,38021,Forbes,44
ND,Dickey,38021,Monango,38
ND,Dickey,38021,Ludden,25
ND,Divide,38023,Crosby,1285
ND,Divide,38023,Noonan,124
ND,Divide,38023,Ambrose,24
ND,Divide,38023,Fortuna,21
ND,Dunn,38025,Killdeer,1144
ND,Dunn,38025,Halliday,204
ND,Dunn,38025,Dunn Center,191
ND,Dunn,38025,Dodge,99
ND,Dunn,38025,Manning,70
ND,Eddy,38027,New Rockford,1339
ND,Eddy,38027,Sheyenne,191
ND,Emmons,38029,Linton,978
ND,Emmons,38029,Strasburg,362
ND,Emmons,38029,Hazelton,211
ND,Emmons,38029,Hague,63
ND,Emmons,38029,Braddock,27
ND,Foster,38031,Carrington,1980
ND,Foster,38031,Glenfield,94
ND,Foster,38031,Grace City,58
ND,Foster,38031,McHenry,53
ND,Golden Valley,38033,Beach,1043
ND,Golden Valley,38033,Golva,68
ND,Golden Valley,38033,Sentinel Butte,63
ND,Grand Forks,38035,Grand Forks,64748
ND,Grand Forks,38035,Grand Forks AFB,2683
ND,Grand Forks,38035,Larimore,1288
ND,Grand Forks,38035,Thompson,1021
ND,Grand Forks,38035,Northwood,895
ND,Grand Forks,38035,Emerado,449
ND,Grand Forks,38035,Manvel,369
ND,Grand Forks,38035,Gilby,232
ND,Grand Forks,38035,Niagara,51
ND,Grand Forks,38035,Inkster,47
ND,Grant,38037,Elgin,603
ND,Grant,38037,Carson,269
ND,Grant,38037,New Leipzig,206
ND,Grant,38037,Leith,15
ND,Grant,38037,Heil,15
ND,Grant,38037,Raleigh,10
ND,Griggs,38039,Cooperstown,903
ND,Griggs,38039,Binford,169
ND,Griggs,38039,Hannaford,118
ND,Griggs,38039,Jessie,47
ND,Griggs,38039,Sutton,21
ND,Hettinger,38041,Mott,724
ND,Hettinger,38041,New England,600
ND,Hettinger,38041,Regent,157
ND,Kidder,38043,Steele,711
ND,Kidder,38043,Tappen,202
ND,Kidder,38043,Tuttle,81
ND,Kidder,38043,Pettibone,68
ND,Kidder,38043,Dawson,65
ND,Kidder,38043,Robinson,46
ND,LaMoure,38045,LaMoure,883
ND,LaMoure,38045,Edgeley,556
ND,LaMoure,38045,Kulm,335
ND,LaMoure,38045,Marion,130
ND,LaMoure,38045,Verona,86
ND,LaMoure,38045,Jud,70
ND,LaMoure,38045,Dickey,39
ND,LaMoure,38045,Berlin,35
ND,Logan,38047,Napoleon,752
ND,Logan,38047,Gackle,273
ND,Logan,38047,Fredonia,42
ND,McHenry,38049,Velva,1190
ND,McHenry,38049,Towner,526
ND,McHenry,38049,Drake,268
ND,McHenry,38049,Granville,253
ND,McHenry,38049,Anamoose,244
ND,McHenry,38049,Upham,138
ND,McHenry,38049,Deering,114
ND,McHenry,38049,Karlsruhe,86
ND,McHenry,38049,Voltaire,45
ND,McHenry,38049,Balfour,27
ND,McHenry,38049,Bantry,14
ND,McHenry,38049,Kief,14
ND,McHenry,38049,Bergen,8
ND,McIntosh,38051,Wishek,891
ND,McIntosh,38051,Ashley,661
ND,McIntosh,38051,Zeeland,75
ND,McIntosh,38051,Lehr,70
ND,McIntosh,38051,Venturia,12
ND,McKenzie,38053,Watford City,7835
ND,McKenzie,38053,Mandaree,544
ND,McKenzie,38053,Alexander,375
ND,McKenzie,38053,Four Bears Village,309
ND,McKenzie,38053,Arnegard,175
ND,McKenzie,38053,East Fairview,37
ND,McLean,38055,Garrison,1462
ND,McLean,38055,Washburn,1264
ND,McLean,38055,Underwood,735
ND,McLean,38055,Wilton,716
ND,McLean,38055,Turtle Lake,554
ND,McLean,38055,Max,349
ND,McLean,38055,Riverdale,223
ND,McLean,38055,White Shield,212
ND,McLean,38055,Mercer,100
ND,McLean,38055,Coleharbor,82
ND,McLean,38055,Benedict,76
ND,McLean,38055,Butte,76
ND,McLean,38055,Ruso,4
ND,Mercer,38057,Beulah,3139
ND,Mercer,38057,Hazen,2311
ND,Mercer,38057,Stanton,339
ND,Mercer,38057,Zap,217
ND,Mercer,38057,Golden Valley,163
ND,Mercer,38057,Pick City,136
ND,Morton,38059,Mandan,22752
ND,Morton,38059,New Salem,989
ND,Morton,38059,Glen Ullin,717
ND,Morton,38059,Hebron,675
ND,Morton,38059,Harmon,239
ND,Morton,38059,Flasher,205
ND,Morton,38059,Almont,119
ND,Mountrail,38061,Stanley,2677
ND,Mountrail,38061,New Town,2592
ND,Mountrail,38061,Parshall,1288
ND,Mountrail,38061,Plaza,207
ND,Mountrail,38061,Ross,113
ND,Mountrail,38061,Palermo,98
ND,Mountrail,38061,White Earth,91
ND,Nelson,38063,Lakota,625
ND,Nelson,38063,McVille,322
ND,Nelson,38063,Michigan City,268
ND,Nelson,38063,Aneta,210
ND,Nelson,38063,Petersburg,173
ND,Nelson,38063,Tolna,152
ND,Nelson,38063,Pekin,65
ND,Nelson,38063,Dahlen,9
ND,Oliver,38065,Center,578
ND,Pembina,38067,Cavalier,1238
ND,Pembina,38067,Walhalla,907
ND,Pembina,38067,Drayton,747
ND,Pembina,38067,Pembina,544
ND,Pembina,38067,Neche,343
ND,Pembina,38067,St. Thomas,311
ND,Pembina,38067,Crystal,128
ND,Pembina,38067,Mountain,82
ND,Pembina,38067,Bathgate,58
ND,Pembina,38067,Hamilton,56
ND,Pembina,38067,Canton City,33
ND,Pierce,38069,Rugby,2590
ND,Pierce,38069,Balta,59
ND,Pierce,38069,Selz,48
ND,Pierce,38069,Wolford,32
ND,Ramsey,38071,Devils Lake,7631
ND,Ramsey,38071,Edmore,176
ND,Ramsey,38071,Crary,146
ND,Ramsey,38071,Starkweather,115
ND,Ramsey,38071,Brocket,54
ND,Ramsey,38071,Hampden,45
ND,Ramsey,38071,Lawton,31
ND,Ramsey,38071,Churchs Ferry,12
ND,Ransom,38073,Lisbon,2051
ND,Ransom,38073,Enderlin,838
ND,Ransom,38073,Sheldon,125
ND,Ransom,38073,Fort Ransom,75
ND,Ransom,38073,Englevale,69
ND,Ransom,38073,Elliott,25
ND,Renville,38075,Mohall,723
ND,Renville,38075,Glenburn,430
ND,Renville,38075,Sherwood,226
ND,Renville,38075,Tolley,50
ND,Renville,38075,Loraine,8
ND,Renville,38075,Grano,6
ND,Richland,38077,Wahpeton,11067
ND,Richland,38077,Hankinson,885
ND,Richland,38077,Lidgerwood,616
ND,Richland,38077,Wyndmere,406
ND,Richland,38077,Fairmount,359
ND,Richland,38077,Walcott,250
ND,Richland,38077,Abercrombie,249
ND,Richland,38077,Mooreton,189
ND,Richland,38077,Christine,170
ND,Richland,38077,Colfax,152
ND,Richland,38077,Dwight,78
ND,Richland,38077,Mantador,65
ND,Richland,38077,Great Bend,56
ND,Richland,38077,Barney,52
ND,Rolette,38079,Belcourt,2270
ND,Rolette,38079,Rolla,1252
ND,Rolette,38079,Shell Valley,1174
ND,Rolette,38079,Dunseith,764
ND,Rolette,38079,Rolette,593
ND,Rolette,38079,East Dunseith,538
ND,Rolette,38079,Green Acres,433
ND,Rolette,38079,St. John,350
ND,Rolette,38079,Mylo,21
ND,Sargent,38081,Gwinner,937
ND,Sargent,38081,Milnor,634
ND,Sargent,38081,Forman,504
ND,Sargent,38081,Rutland,156
ND,Sargent,38081,Cogswell,93
ND,Sargent,38081,Havana,71
ND,Sargent,38081,De Lamere,28
ND,Sargent,38081,Cayuga,26
ND,Sheridan,38083,McClusky,364
ND,Sheridan,38083,Goodrich,91
ND,Sheridan,38083,Martin,70
ND,Sheridan,38083,Denhoff,21
ND,Sioux,38085,Cannon Ball,935
ND,Sioux,38085,Porcupine,247
ND,Sioux,38085,Fort Yates,202
ND,Sioux,38085,Selfridge,166
ND,Sioux,38085,Solen,86
ND,Slope,38087,Marmarth,137
ND,Slope,38087,Amidon,23
ND,Stark,38089,Dickinson,23133
ND,Stark,38089,Belfield,1012
ND,Stark,38089,Richardton,561
ND,Stark,38089,South Heart,429
ND,Stark,38089,Gladstone,348
ND,Stark,38089,Taylor,170
ND,Steele,38091,Finley,416
ND,Steele,38091,Hope,252
ND,Steele,38091,Sharon,90
ND,Steele,38091,Luverne,29
ND,Stutsman,38093,Jamestown,15084
ND,Stutsman,38093,Medina,291
ND,Stutsman,38093,Streeter,162
ND,Stutsman,38093,Kensal,156
ND,Stutsman,38093,Buchanan,110
ND,Stutsman,38093,Spiritwood Lake,98
ND,Stutsman,38093,Montpelier,84
ND,Stutsman,38093,Cleveland,76
ND,Stutsman,38093,Pingree,61
ND,Stutsman,38093,Woodworth,47
ND,Stutsman,38093,Courtenay,46
ND,Stutsman,38093,Ypsilanti,28
ND,Towner,38095,Cando,1057
ND,Towner,38095,Bisbee,126
ND,Towner,38095,Rocklake,98
ND,Towner,38095,Egeland,27
ND,Towner,38095,Hansboro,13
ND,Towner,38095,Perth,9
ND,Traill,38097,Mayville,1802
ND,Traill,38097,Hillsboro,1624
ND,Traill,38097,Hatton,743
ND,Traill,38097,Portland,595
ND,Traill,38097,Buxton,320
ND,Traill,38097,Reynolds,299
ND,Traill,38097,Galesburg,102
ND,Traill,38097,Clifford,43
ND,Traill,38097,Caledonia,23
ND,Traill,38097,Blanchard,5
ND,Walsh,38099,Grafton,4157
ND,Walsh,38099,Park River,1338
ND,Walsh,38099,Minto,592
ND,Walsh,38099,Hoople,227
ND,Walsh,38099,Fordville,198
ND,Walsh,38099,Edinburg,181
ND,Walsh,38099,Forest River,121
ND,Walsh,38099,Adams,119
ND,Walsh,38099,Pisek,105
ND,Walsh,38099,Lankin,90
ND,Walsh,38099,Ardoch,78
ND,Walsh,38099,Nash,37
ND,Walsh,38099,Fairdale,34
ND,Walsh,38099,Conway,21
ND,Walsh,38099,Auburn,9
ND,Ward,38101,Minot,49425
ND,Ward,38101,Minot AFB,5312
ND,Ward,38101,Surrey,1393
ND,Ward,38101,Burlington,1201
ND,Ward,38101,Kenmare,1021
ND,Ward,38101,Berthold,481
ND,Ward,38101,Logan,392
ND,Ward,38101,Sawyer,326
ND,Ward,38101,Des Lacs,201
ND,Ward,38101,Ruthville,194
ND,Ward,38101,Makoti,144
ND,Ward,38101,Carpio,142
ND,Ward,38101,Ryder,78
ND,Ward,38101,Douglas,63
ND,Ward,38101,Donnybrook,53
ND,Ward,38101,Foxholm,30
ND,Wells,38103,Harvey,1646
ND,Wells,38103,Fessenden,433
ND,Wells,38103,Bowdon,120
ND,Wells,38103,Sykeston,105
ND,Wells,38103,Hurdsfield,76
ND,Wells,38103,Cathay,39
ND,Wells,38103,Hamberg,19
ND,Wells,38103,Heimdal,6
ND,Williams,38105,Williston,29844
ND,Williams,38105,Tioga,1339
ND,Williams,38105,Ray,901
ND,Williams,38105,Grenora,332
ND,Williams,38105,Wildrose,149
ND,Williams,38105,Epping,134
ND,Williams,38105,Alamo,78
ND,Williams,38105,Springbrook,40
NE,Adams,31001,Hastings,24692
NE,Adams,31001,Kenesaw,962
NE,Adams,31001,Juniata,823
NE,Adams,31001,Roseland,267
NE,Adams,31001,Holstein,238
NE,Adams,31001,Ayr,122
NE,Adams,31001,Prosser,72
NE,Antelope,31003,Neligh,1501
NE,Antelope,31003,Elgin,617
NE,Antelope,31003,Clearwater,400
NE,Antelope,31003,Orchard,345
NE,Antelope,31003,Oakdale,293
NE,Antelope,31003,Brunswick,132
NE,Antelope,31003,Royal,58
NE,Arthur,31005,Arthur,118
NE,Banner,31007,Harrisburg,88
NE,Blaine,31009,Dunning,99
NE,Blaine,31009,Brewster,17
NE,Boone,31011,Albion,1585
NE,Boone,31011,St. Edward,659
NE,Boone,31011,Cedar Rapids,360
NE,Boone,31011,Petersburg,312
NE,Boone,31011,Loretto,109
NE,Boone,31011,Primrose,58
NE,Box Butte,31013,Alliance,8092
NE,Box Butte,31013,Hemingford,773
NE,Box Butte,31013,Berea,22
NE,Boyd,31015,Spencer,416
NE,Boyd,31015,Butte,303
NE,Boyd,31015,Lynch,220
NE,Boyd,31015,Naper,76
NE,Boyd,31015,Bristow,59
NE,Boyd,31015,Anoka,5
NE,Boyd,31015,Gross,2
NE,Boyd,31015,Monowi,1
NE,Brown,31017,Ainsworth,1620
NE,Brown,31017,Long Pine,288
NE,Brown,31017,Johnstown,61
NE,Buffalo,31019,Kearney,34418
NE,Buffalo,31019,Gibbon,1869
NE,Buffalo,31019,Ravenna,1358
NE,Buffalo,31019,Shelton,1055
NE,Buffalo,31019,Elm Creek,949
NE,Buffalo,31019,Glenwood,549
NE,Buffalo,31019,Pleasanton,359
NE,Buffalo,31019,Amherst,253
NE,Buffalo,31019,Riverdale,179
NE,Buffalo,31019,Miller,131
NE,Buffalo,31019,Odessa,81
NE,Buffalo,31019,Poole,50
NE,Burt,31021,Tekamah,1708
NE,Burt,31021,Oakland,1179
NE,Burt,31021,Lyons,799
NE,Burt,31021,Decatur,463
NE,Burt,31021,Craig,187
NE,Butler,31023,David City,2852
NE,Butler,31023,Bellwood,420
NE,Butler,31023,Rising City,352
NE,Butler,31023,Brainard,314
NE,Butler,31023,Dwight,191
NE,Butler,31023,Ulysses,159
NE,Butler,31023,Octavia,120
NE,Butler,31023,Bruno,92
NE,Butler,31023,Linwood,82
NE,Butler,31023,Abie,65
NE,Butler,31023,Garrison,51
NE,Butler,31023,Surprise,41
NE,Cass,31025,Plattsmouth,6534
NE,Cass,31025,Louisville,1306
NE,Cass,31025,Eagle,1096
NE,Cass,31025,Weeping Water,1095
NE,Cass,31025,Elmwood,661
NE,Cass,31025,Greenwood,595
NE,Cass,31025,Murray,485
NE,Cass,31025,Cedar Creek,410
NE,Cass,31025,Avoca,252
NE,Cass,31025,Murdock,247
NE,Cass,31025,Union,243
NE,Cass,31025,Nehawka,212
NE,Cass,31025,Manley,172
NE,Cass,31025,Alvo,137
NE,Cass,31025,South Bend,104
NE,Cedar,31027,Hartington,1464
NE,Cedar,31027,Laurel,916
NE,Cedar,31027,Randolph,890
NE,Cedar,31027,Coleridge,450
NE,Cedar,31027,Wynot,183
NE,Cedar,31027,Fordyce,131
NE,Cedar,31027,Belden,109
NE,Cedar,31027,St. Helena,91
NE,Cedar,31027,Bow Valley,77
NE,Cedar,31027,Magnet,54
NE,Cedar,31027,Aten,28
NE,Cedar,31027,Obert,22
NE,Chase,31029,Imperial,2055
NE,Chase,31029,Wauneta,556
NE,Chase,31029,Champion,42
NE,Chase,31029,Lamar,22
NE,Chase,31029,Enders,8
NE,Cherry,31031,Valentine,2706
NE,Cherry,31031,Cody,153
NE,Cherry,31031,Merriman,129
NE,Cherry,31031,Kilgore,79
NE,Cherry,31031,Crookston,69
NE,Cherry,31031,Wood Lake,63
NE,Cherry,31031,Nenzel,19
NE,Cherry,31031,Brownlee,6
NE,Cheyenne,31033,Sidney,6115
NE,Cheyenne,31033,Potter,292
NE,Cheyenne,31033,Dalton,278
NE,Cheyenne,31033,Lodgepole,275
NE,Cheyenne,31033,Gurley,187
NE,Cheyenne,31033,Sunol,64
NE,Cheyenne,31033,Lorenzo,23
NE,Clay,31035,Sutton,1434
NE,Clay,31035,Harvard,964
NE,Clay,31035,Clay Center,724
NE,Clay,31035,Edgar,450
NE,Clay,31035,Fairfield,369
NE,Clay,31035,Glenvil,292
NE,Clay,31035,Trumbull,196
NE,Clay,31035,Deweese,65
NE,Clay,31035,Ong,59
NE,Clay,31035,Saronville,45
NE,Clay,31035,Inland,7
NE,Colfax,31037,Schuyler,6348
NE,Colfax,31037,Clarkson,633
NE,Colfax,31037,Howells,564
NE,Colfax,31037,Leigh,417
NE,Colfax,31037,Rogers,94
NE,Colfax,31037,Richland,72
NE,Cuming,31039,West Point,3283
NE,Cuming,31039,Wisner,1170
NE,Cuming,31039,Beemer,655
NE,Cuming,31039,Bancroft,466
NE,Custer,31041,Broken Bow,3497
NE,Custer,31041,Arnold,568
NE,Custer,31041,Callaway,536
NE,Custer,31041,Sargent,506
NE,Custer,31041,Ansley,425
NE,Custer,31041,Merna,363
NE,Custer,31041,Mason City,169
NE,Custer,31041,Oconto,144
NE,Custer,31041,Anselmo,138
NE,Custer,31041,Comstock,88
NE,Custer,31041,Berwyn,80
NE,Dakota,31043,South Sioux City,12809
NE,Dakota,31043,Dakota City,1859
NE,Dakota,31043,Homer,521
NE,Dakota,31043,Hubbard,224
NE,Dakota,31043,Jackson,203
NE,Dawes,31045,Chadron,5412
NE,Dawes,31045,Crawford,930
NE,Dawes,31045,Whitney,72
NE,Dawson,31047,Lexington,10345
NE,Dawson,31047,Cozad,3735
NE,Dawson,31047,Gothenburg,3448
NE,Dawson,31047,Overton,567
NE,Dawson,31047,Sumner,219
NE,Dawson,31047,Farnam,165
NE,Dawson,31047,Eddyville,94
NE,Dawson,31047,Willow Island,9
NE,Deuel,31049,Chappell,849
NE,Deuel,31049,Big Springs,377
NE,Dixon,31051,Wakefield,1363
NE,Dixon,31051,Ponca,912
NE,Dixon,31051,Emerson,792
NE,Dixon,31051,Allen,349
NE,Dixon,31051,Newcastle,346
NE,Dixon,31051,Concord,152
NE,Dixon,31051,Martinsburg,88
NE,Dixon,31051,Dixon,81
NE,Dixon,31051,Maskell,71
NE,Dixon,31051,Waterbury,67
NE,Dodge,31053,Fremont,27456
NE,Dodge,31053,North Bend,1269
NE,Dodge,31053,Hooper,838
NE,Dodge,31053,Scribner,799
NE,Dodge,31053,Dodge,593
NE,Dodge,31053,Nickerson,369
NE,Dodge,31053,Inglewood,320
NE,Dodge,31053,Snyder,289
NE,Dodge,31053,Uehling,222
NE,Dodge,31053,Winslow,101
NE,Douglas,31055,Omaha,847819
NE,Douglas,31055,Ralston,7273
NE,Douglas,31055,Valley,2890
NE,Douglas,31055,Bennington,1521
NE,Douglas,31055,Waterloo,915
NE,Douglas,31055,Boys Town,562
NE,Douglas,31055,King Lake,79
NE,Douglas,31055,Venice,50
NE,Dundy,31057,Benkelman,790
NE,Dundy,31057,Haigler,140
NE,Dundy,31057,Max,84
NE,Dundy,31057,Parks,12
NE,Fillmore,31059,Geneva,2086
NE,Fillmore,31059,Exeter,522
NE,Fillmore,31059,Fairmont,515
NE,Fillmore,31059,Shickley,319
NE,Fillmore,31059,Milligan,266
NE,Fillmore,31059,Grafton,118
NE,Fillmore,31059,Ohiowa,106
NE,Fillmore,31059,Strang,27
NE,Franklin,31061,Franklin,910
NE,Franklin,31061,Hildreth,352
NE,Franklin,31061,Campbell,301
NE,Franklin,31061,Upland,134
NE,Franklin,31061,Naponee,100
NE,Franklin,31061,Bloomington,97
NE,Franklin,31061,Riverton,84
NE,Frontier,31063,Curtis,889
NE,Frontier,31063,Eustis,373
NE,Frontier,31063,Maywood,249
NE,Frontier,31063,Moorefield,30
NE,Frontier,31063,Stockville,25
NE,Furnas,31065,Cambridge,1002
NE,Furnas,31065,Arapahoe,976
NE,Furnas,31065,Oxford,733
NE,Furnas,31065,Beaver City,575
NE,Furnas,31065,Holbrook,194
NE,Furnas,31065,Edison,123
NE,Furnas,31065,Wilsonville,87
NE,Furnas,31065,Hendley,23
NE,Gage,31067,Beatrice,12279
NE,Gage,31067,Wymore,1336
NE,Gage,31067,Adams,617
NE,Gage,31067,Cortland,472
NE,Gage,31067,Blue Springs,319
NE,Gage,31067,Odell,291
NE,Gage,31067,Clatonia,220
NE,Gage,31067,Pickrell,191
NE,Gage,31067,Filley,126
NE,Gage,31067,Barneston,111
NE,Gage,31067,Liberty,73
NE,Gage,31067,Virginia,57
NE,Gage,31067,Holmesville,18
NE,Garden,31069,Oshkosh,777
NE,Garden,31069,Lewellen,199
NE,Garden,31069,Lisco,30
NE,Garfield,31071,Burwell,1161
NE,Gosper,31073,Elwood,683
NE,Gosper,31073,Smithfield,53
NE,Grant,31075,Hyannis,184
NE,Greeley,31077,Spalding,440
NE,Greeley,31077,Greeley Center,428
NE,Greeley,31077,Scotia,289
NE,Greeley,31077,Wolbach,254
NE,Hall,31079,Grand Island,53296
NE,Hall,31079,Wood River,1340
NE,Hall,31079,Doniphan,830
NE,Hall,31079,Cairo,792
NE,Hall,31079,Alda,662
NE,Hamilton,31081,Aurora,4547
NE,Hamilton,31081,Hampton,433
NE,Hamilton,31081,Giltner,367
NE,Hamilton,31081,Phillips,298
NE,Hamilton,31081,Marquette,239
NE,Hamilton,31081,Hordville,148
NE,Hamilton,31081,Overland,100
NE,Hamilton,31081,Stockham,45
NE,Harlan,31083,Alma,1141
NE,Harlan,31083,Orleans,371
NE,Harlan,31083,Stamford,175
NE,Harlan,31083,Republican City,154
NE,Harlan,31083,Huntley,43
NE,Harlan,31083,Ragan,38
NE,Hayes,31085,Hayes Center,203
NE,Hayes,31085,Hamlet,56
NE,Hitchcock,31087,Culbertson,559
NE,Hitchcock,31087,Trenton,535
NE,Hitchcock,31087,Palisade,330
NE,Hitchcock,31087,Stratton,324
NE,Holt,31089,O'Neill,3579
NE,Holt,31089,Atkinson,1229
NE,Holt,31089,Stuart,584
NE,Holt,31089,Ewing,372
NE,Holt,31089,Chambers,256
NE,Holt,31089,Page,158
NE,Holt,31089,Inman,122
NE,Holt,31089,Emmet,46
NE,Hooker,31091,Mullen,463
NE,Howard,31093,St. Paul,2333
NE,Howard,31093,Dannebrog,305
NE,Howard,31093,Elba,225
NE,Howard,31093,Howard City,187
NE,Howard,31093,St. Libory,166
NE,Howard,31093,Farwell,117
NE,Howard,31093,Cotesfield,47
NE,Howard,31093,Cushing,33
NE,Jefferson,31095,Fairbury,3626
NE,Jefferson,31095,Plymouth,377
NE,Jefferson,31095,Diller,254
NE,Jefferson,31095,Daykin,159
NE,Jefferson,31095,Endicott,125
NE,Jefferson,31095,Jansen,112
NE,Jefferson,31095,Reynolds,66
NE,Jefferson,31095,Steele City,58
NE,Jefferson,31095,Harbine,46
NE,Johnson,31097,Tecumseh,1586
NE,Johnson,31097,Sterling,459
NE,Johnson,31097,Cook,302
NE,Johnson,31097,Elk Creek,94
NE,Johnson,31097,Crab Orchard,36
NE,Kearney,31099,Minden,2950
NE,Kearney,31099,Axtell,751
NE,Kearney,31099,Wilcox,345
NE,Kearney,31099,Heartwell,69
NE,Kearney,31099,Norman,44
NE,Keith,31101,Ogallala,4497
NE,Keith,31101,Paxton,490
NE,Keith,31101,Brule,305
NE,Keith,31101,Roscoe,109
NE,Keith,31101,Sarben,105
NE,Keith,31101,Belmar,104
NE,Keith,31101,Lemoyne,102
NE,Keith,31101,Keystone,62
NE,Keith,31101,Martin,51
NE,Keya Paha,31103,Springview,236
NE,Keya Paha,31103,Burton,10
NE,Kimball,31105,Kimball,2373
NE,Kimball,31105,Dix,242
NE,Kimball,31105,Bushnell,116
NE,Knox,31107,Creighton,1086
NE,Knox,31107,Bloomfield,940
NE,Knox,31107,Crofton,663
NE,Knox,31107,Wausa,559
NE,Knox,31107,Verdigre,527
NE,Knox,31107,Santee,340
NE,Knox,31107,Niobrara,338
NE,Knox,31107,Center,87
NE,Knox,31107,Winnetoon,66
NE,Knox,31107,Verdel,30
NE,Knox,31107,Bazile Mills,29
NE,Knox,31107,Lindy,20
NE,Lancaster,31109,Lincoln,289490
NE,Lancaster,31109,Waverly,4075
NE,Lancaster,31109,Hickman,2371
NE,Lancaster,31109,Bennet,977
NE,Lancaster,31109,Firth,627
NE,Lancaster,31109,Malcolm,406
NE,Lancaster,31109,Roca,350
NE,Lancaster,31109,Yankee Hill,286
NE,Lancaster,31109,Panama,274
NE,Lancaster,31109,Hallam,266
NE,Lancaster,31109,Denton,206
NE,Lancaster,31109,Raymond,185
NE,Lancaster,31109,Walton,179
NE,Lancaster,31109,Davey,154
NE,Lancaster,31109,Sprague,151
NE,Lincoln,31111,North Platte,24098
NE,Lincoln,31111,Sutherland,1320
NE,Lincoln,31111,Hershey,656
NE,Lincoln,31111,Brady,420
NE,Lincoln,31111,Wallace,344
NE,Lincoln,31111,Maxwell,295
NE,Lincoln,31111,Wellfleet,78
NE,Logan,31113,Stapleton,299
NE,Logan,31113,Gandy,31
NE,Loup,31115,Taylor,200
NE,Madison,31119,Norfolk,27032
NE,Madison,31119,Madison,2392
NE,Madison,31119,Battle Creek,1187
NE,Madison,31119,Tilden,930
NE,Madison,31119,Newman Grove,703
NE,Madison,31119,Meadow Grove,289
NE,McPherson,31117,Tryon,92
NE,Merrick,31121,Central City,2874
NE,Merrick,31121,Palmer,467
NE,Merrick,31121,Silver Creek,357
NE,Merrick,31121,Clarks,344
NE,Merrick,31121,Chapman,287
NE,Merrick,31121,Archer,51
NE,Morrill,31123,Bridgeport,1472
NE,Morrill,31123,Bayard,1084
NE,Morrill,31123,Broadwater,117
NE,Nance,31125,Fullerton,1222
NE,Nance,31125,Genoa,948
NE,Nance,31125,Belgrade,114
NE,Nemaha,31127,Auburn,3337
NE,Nemaha,31127,Peru,755
NE,Nemaha,31127,Johnson,326
NE,Nemaha,31127,Nemaha,142
NE,Nemaha,31127,Brownville,128
NE,Nemaha,31127,Brock,106
NE,Nemaha,31127,Julian,55
NE,Nuckolls,31129,Superior,1807
NE,Nuckolls,31129,Nelson,445
NE,Nuckolls,31129,Lawrence,281
NE,Nuckolls,31129,Hardy,146
NE,Nuckolls,31129,Ruskin,113
NE,Nuckolls,31129,Oak,61
NE,Nuckolls,31129,Nora,20
NE,Otoe,31131,Nebraska City,7292
NE,Otoe,31131,Syracuse,1960
NE,Otoe,31131,Palmyra,565
NE,Otoe,31131,Unadilla,322
NE,Otoe,31131,Talmage,241
NE,Otoe,31131,Woodland Hills,232
NE,Otoe,31131,Dunbar,193
NE,Otoe,31131,Douglas,179
NE,Otoe,31131,Otoe,178
NE,Otoe,31131,Burr,59
NE,Otoe,31131,Lorton,43
NE,Pawnee,31133,Pawnee City,832
NE,Pawnee,31133,Table Rock,253
NE,Pawnee,31133,Du Bois,137
NE,Pawnee,31133,Burchard,74
NE,Pawnee,31133,Steinauer,70
NE,Pawnee,31133,Lewiston,63
NE,Perkins,31135,Grant,1115
NE,Perkins,31135,Madrid,231
NE,Perkins,31135,Venango,160
NE,Perkins,31135,Elsie,105
NE,Phelps,31137,Holdrege,5408
NE,Phelps,31137,Bertrand,709
NE,Phelps,31137,Loomis,376
NE,Phelps,31137,Funk,183
NE,Phelps,31137,Atlanta,132
NE,Pierce,31139,Pierce,1728
NE,Pierce,31139,Plainview,1192
NE,Pierce,31139,Osmond,749
NE,Pierce,31139,Hadar,305
NE,Pierce,31139,Foster,51
NE,Pierce,31139,McLean,36
NE,Platte,31141,Columbus,23468
NE,Platte,31141,Humphrey,817
NE,Platte,31141,Lakeview,370
NE,Platte,31141,Duncan,369
NE,Platte,31141,Platte Center,336
NE,Platte,31141,Monroe,282
NE,Platte,31141,Lindsay,262
NE,Platte,31141,Creston,203
NE,Platte,31141,Tarnov,46
NE,Platte,31141,Cornlea,36
NE,Polk,31143,Stromsburg,1139
NE,Polk,31143,Osceola,843
NE,Polk,31143,Shelby,701
NE,Polk,31143,Polk,305
NE,Red Willow,31145,McCook,7560
NE,Red Willow,31145,Indianola,550
NE,Red Willow,31145,Bartley,269
NE,Red Willow,31145,Danbury,95
NE,Red Willow,31145,Lebanon,77
NE,Richardson,31147,Falls City,4117
NE,Richardson,31147,Humboldt,810
NE,Richardson,31147,Rulo,160
NE,Richardson,31147,Verdon,158
NE,Richardson,31147,Stella,143
NE,Richardson,31147,Shubert,138
NE,Richardson,31147,Dawson,135
NE,Richardson,31147,Salem,104
NE,Richardson,31147,Preston,26
NE,Richardson,31147,Barada,22
NE,Rock,31149,Bassett,540
NE,Rock,31149,Newport,87
NE,Saline,31151,Crete,7007
NE,Saline,31151,Wilber,1850
NE,Saline,31151,Friend,965
NE,Saline,31151,Dorchester,574
NE,Saline,31151,De Witt,498
NE,Saline,31151,Western,232
NE,Saline,31151,Tobias,105
NE,Saline,31151,Swanton,91
NE,Sarpy,31153,Bellevue,53544
NE,Sarpy,31153,Papillion,20471
NE,Sarpy,31153,La Vista,17170
NE,Sarpy,31153,Chalco,10952
NE,Sarpy,31153,Gretna,5058
NE,Sarpy,31153,Offutt AFB,5048
NE,Sarpy,31153,Springfield,1624
NE,Sarpy,31153,La Platte,158
NE,Sarpy,31153,Richfield,21
NE,Saunders,31155,Wahoo,4548
NE,Saunders,31155,Ashland,2836
NE,Saunders,31155,Yutan,1310
NE,Saunders,31155,Ceresco,899
NE,Saunders,31155,Cedar Bluffs,583
NE,Saunders,31155,Mead,567
NE,Saunders,31155,Valparaiso,543
NE,Saunders,31155,Weston,330
NE,Saunders,31155,Prague,309
NE,Saunders,31155,Ithaca,148
NE,Saunders,31155,Morse Bluff,142
NE,Saunders,31155,Leshara,119
NE,Saunders,31155,Malmo,114
NE,Saunders,31155,Memphis,110
NE,Saunders,31155,Colon,106
NE,Saunders,31155,Wann,103
NE,Scotts Bluff,31157,Scottsbluff,25114
NE,Scotts Bluff,31157,Gering,8128
NE,Scotts Bluff,31157,Mitchell,1623
NE,Scotts Bluff,31157,Terrytown,1169
NE,Scotts Bluff,31157,Morrill,889
NE,Scotts Bluff,31157,Minatare,789
NE,Scotts Bluff,31157,Lyman,323
NE,Scotts Bluff,31157,Melbeta,108
NE,Scotts Bluff,31157,McGrew,101
NE,Scotts Bluff,31157,Henry,100
NE,Seward,31159,Seward,7216
NE,Seward,31159,Milford,2090
NE,Seward,31159,Utica,831
NE,Seward,31159,Beaver Crossing,416
NE,Seward,31159,Staplehurst,232
NE,Seward,31159,Garland,213
NE,Seward,31159,Pleasant Dale,208
NE,Seward,31159,Bee,184
NE,Seward,31159,Goehner,158
NE,Seward,31159,Cordova,132
NE,Seward,31159,Tamora,9
NE,Sheridan,31161,Gordon,1521
NE,Sheridan,31161,Rushville,879
NE,Sheridan,31161,Hay Springs,540
NE,Sheridan,31161,Clinton,39
NE,Sherman,31163,Loup City,973
NE,Sherman,31163,Litchfield,249
NE,Sherman,31163,Ashton,185
NE,Sherman,31163,Rockville,100
NE,Sherman,31163,Hazard,66
NE,Sioux,31165,Harrison,223
NE,Stanton,31167,Woodland Park,1588
NE,Stanton,31167,Stanton,1502
NE,Stanton,31167,Pilger,358
NE,Thayer,31169,Hebron,1472
NE,Thayer,31169,Deshler,737
NE,Thayer,31169,Davenport,283
NE,Thayer,31169,Bruning,269
NE,Thayer,31169,Chester,222
NE,Thayer,31169,Alexandria,171
NE,Thayer,31169,Carleton,87
NE,Thayer,31169,Byron,80
NE,Thayer,31169,Hubbell,65
NE,Thayer,31169,Belvidere,46
NE,Thayer,31169,Gilead,38
NE,Thomas,31171,Thedford,219
NE,Thomas,31171,Halsey,81
NE,Thomas,31171,Seneca,35
NE,Thurston,31173,Pender,1108
NE,Thurston,31173,Macy,988
NE,Thurston,31173,Walthill,798
NE,Thurston,31173,Winnebago,787
NE,Thurston,31173,Rosalie,162
NE,Thurston,31173,Thurston,136
NE,Valley,31175,Ord,2076
NE,Valley,31175,Arcadia,305
NE,Valley,31175,North Loup,293
NE,Valley,31175,Elyria,51
NE,Washington,31177,Blair,7892
NE,Washington,31177,Arlington,1315
NE,Washington,31177,Fort Calhoun,980
NE,Washington,31177,Kennard,366
NE,Washington,31177,Herman,271
NE,Washington,31177,Washington,157
NE,Washington,31177,Fontanelle,29
NE,Wayne,31179,Wayne,5660
NE,Wayne,31179,Winside,401
NE,Wayne,31179,Hoskins,299
NE,Wayne,31179,Carroll,213
NE,Wayne,31179,Sholes,20
NE,Webster,31181,Red Cloud,916
NE,Webster,31181,Blue Hill,866
NE,Webster,31181,Bladen,219
NE,Webster,31181,Guide Rock,202
NE,Webster,31181,Inavale,65
NE,Webster,31181,Cowles,27
NE,Wheeler,31183,Bartlett,114
NE,Wheeler,31183,Ericson,90
NE,York,31185,York,7846
NE,York,31185,Henderson,985
NE,York,31185,McCool Junction,429
NE,York,31185,Bradshaw,268
NE,York,31185,Waco,236
NE,York,31185,Benedict,228
NE,York,31185,Gresham,212
NE,York,31185,Thayer,58
NE,York,31185,Lushton,29
NH,Belknap,33001,Laconia,19371
NH,Belknap,33001,Tilton Northfield,2812
NH,Carroll,33003,North Conway,2179
NH,Carroll,33003,Sanbornville,555
NH,Carroll,33003,Center Ossipee,522
NH,Carroll,33003,Suissevale,295
NH,Carroll,33003,Union,193
NH,Carroll,33003,Center Sandwich,154
NH,Carroll,33003,Melvin Village,151
NH,Cheshire,33005,Keene,22786
NH,Cheshire,33005,West Swanzey,896
NH,Cheshire,33005,North Walpole,832
NH,Coos,33007,Berlin,11237
NH,Coos,33007,Groveton,1221
NH,Coos,33007,West Stewartstown,314
NH,Grafton,33009,Lebanon,26666
NH,Grafton,33009,North Haverhill,905
NH,Grafton,33009,Woodsville,851
NH,Grafton,33009,Mountain Lakes,662
NH,Grafton,33009,North Woodstock,378
NH,Hillsborough,33011,Nashua,233917
NH,Hillsborough,33011,Manchester,162877
NH,Hillsborough,33011,Pinardville,5208
NH,Hillsborough,33011,East Merrimack,4449
NH,Merrimack,33013,Concord,43627
NH,Merrimack,33013,Franklin,9817
NH,Merrimack,33013,South Hooksett,5831
NH,Merrimack,33013,Suncook,4888
NH,Merrimack,33013,Contoocook,1528
NH,Merrimack,33013,Blodgett Landing,105
NH,Rockingham,33015,Portsmouth,93069
NH,Rockingham,33015,Hampton Beach,2685
NH,Rockingham,33015,Seabrook Beach,1015
NH,Strafford,33017,Dover,94563
NH,Strafford,33017,Rochester,31526
NH,Strafford,33017,Somersworth,11968
NH,Strafford,33017,Milton Mills,206
NH,Sullivan,33019,Claremont,12932
NJ,Atlantic,34001,Atlantic City,237054
NJ,Atlantic,34001,Pleasantville,20149
NJ,Atlantic,34001,Hammonton,13934
NJ,Atlantic,34001,Somers Point,10174
NJ,Atlantic,34001,Ventnor City,9895
NJ,Atlantic,34001,Absecon,8818
NJ,Atlantic,34001,Brigantine,8650
NJ,Atlantic,34001,Northfield,8031
NJ,Atlantic,34001,Smithville,7365
NJ,Atlantic,34001,Pomona,7363
NJ,Atlantic,34001,Linwood,6658
NJ,Atlantic,34001,Margate City,5865
NJ,Atlantic,34001,Buena,4284
NJ,Atlantic,34001,Egg Harbor City,4052
NJ,Atlantic,34001,Mays Landing,2524
NJ,Atlantic,34001,Folsom,1775
NJ,Atlantic,34001,Estell Manor,1729
NJ,Atlantic,34001,Collings Lakes,1539
NJ,Atlantic,34001,Port Republic,1052
NJ,Atlantic,34001,Elwood,1041
NJ,Atlantic,34001,Longport,851
NJ,Atlantic,34001,Corbin City,491
NJ,Bergen,34003,Hackensack,44188
NJ,Bergen,34003,Fort Lee,38605
NJ,Bergen,34003,Fair Lawn,32896
NJ,Bergen,34003,Garfield,31802
NJ,Bergen,34003,Englewood,28402
NJ,Bergen,34003,Bergenfield,27327
NJ,Bergen,34003,Paramus,26264
NJ,Bergen,34003,Cliffside Park,26133
NJ,Bergen,34003,Ridgewood,25056
NJ,Bergen,34003,Lodi,24347
NJ,Bergen,34003,Palisades Park,20715
NJ,Bergen,34003,Elmwood Park,19966
NJ,Bergen,34003,Rutherford,18303
NJ,Bergen,34003,Dumont,17516
NJ,Bergen,34003,New Milford,16429
NJ,Bergen,34003,North Arlington,15683
NJ,Bergen,34003,Ramsey,14884
NJ,Bergen,34003,Tenafly,14453
NJ,Bergen,34003,Fairview,14189
NJ,Bergen,34003,Edgewater,13364
NJ,Bergen,34003,Oakland,12926
NJ,Bergen,34003,Ridgefield Park,12901
NJ,Bergen,34003,Hasbrouck Heights,11992
NJ,Bergen,34003,Glen Rock,11707
NJ,Bergen,34003,Wallington,11495
NJ,Bergen,34003,River Edge,11435
NJ,Bergen,34003,Ridgefield,11171
NJ,Bergen,34003,Franklin Lakes,11119
NJ,Bergen,34003,Westwood,11078
NJ,Bergen,34003,Little Ferry,10739
NJ,Bergen,34003,Hillsdale,10307
NJ,Bergen,34003,Waldwick,10108
NJ,Bergen,34003,East Rutherford,9687
NJ,Bergen,34003,Maywood,9614
NJ,Bergen,34003,Wood-Ridge,9294
NJ,Bergen,34003,Leonia,9035
NJ,Bergen,34003,Park Ridge,8694
NJ,Bergen,34003,Cresskill,8668
NJ,Bergen,34003,Montvale,8570
NJ,Bergen,34003,Closter,8511
NJ,Bergen,34003,Bogota,8335
NJ,Bergen,34003,Upper Saddle River,8205
NJ,Bergen,34003,Oradell,8131
NJ,Bergen,34003,Emerson,7596
NJ,Bergen,34003,Midland Park,7216
NJ,Bergen,34003,Allendale,6734
NJ,Bergen,34003,Carlstadt,6132
NJ,Bergen,34003,Old Tappan,5894
NJ,Bergen,34003,Woodcliff Lake,5839
NJ,Bergen,34003,Norwood,5793
NJ,Bergen,34003,Englewood Cliffs,5354
NJ,Bergen,34003,Northvale,4927
NJ,Bergen,34003,Demarest,4894
NJ,Bergen,34003,Harrington Park,4730
NJ,Bergen,34003,Ho-Ho-Kus,4065
NJ,Bergen,34003,Haworth,3393
NJ,Bergen,34003,Saddle River,3173
NJ,Bergen,34003,Moonachie,2702
NJ,Bergen,34003,Alpine,1844
NJ,Bergen,34003,Rockleigh,529
NJ,Bergen,34003,Teterboro,68
NJ,Burlington,34005,Moorestown-Lenola,13806
NJ,Burlington,34005,Browns Mills,10998
NJ,Burlington,34005,Marlton,9672
NJ,Burlington,34005,Fort Dix,7668
NJ,Burlington,34005,Palmyra,7140
NJ,Burlington,34005,Ramblewood,5812
NJ,Burlington,34005,McGuire AFB,5113
NJ,Burlington,34005,Medford Lakes,3914
NJ,Burlington,34005,Roebling,3909
NJ,Burlington,34005,Country Lake Estates,3766
NJ,Burlington,34005,Leisuretowne,3262
NJ,Burlington,34005,Pemberton Heights,2878
NJ,Burlington,34005,Riverton,2685
NJ,Burlington,34005,Beverly,2479
NJ,Burlington,34005,Presidential Lakes Estates,1830
NJ,Burlington,34005,Wrightstown,776
NJ,Burlington,34005,Fieldsboro,552
NJ,Burlington,34005,Juliustown,308
NJ,Camden,34007,Camden,73562
NJ,Camden,34007,Lindenwold,17263
NJ,Camden,34007,Cherry Hill Mall,14068
NJ,Camden,34007,Collingswood,13884
NJ,Camden,34007,Springdale,13878
NJ,Camden,34007,Echelon,11957
NJ,Camden,34007,Bellmawr,11359
NJ,Camden,34007,Haddonfield,11317
NJ,Camden,34007,Greentree,11262
NJ,Camden,34007,Gloucester City,11219
NJ,Camden,34007,Pine Hill,10417
NJ,Camden,34007,Audubon,8637
NJ,Camden,34007,Ashland,8405
NJ,Camden,34007,Runnemede,8300
NJ,Camden,34007,Berlin,7536
NJ,Camden,34007,Haddon Heights,7529
NJ,Camden,34007,Stratford,6955
NJ,Camden,34007,Barrington,6642
NJ,Camden,34007,Kingston Estates,6407
NJ,Camden,34007,Somerdale,5477
NJ,Camden,34007,Clementon,4957
NJ,Camden,34007,Blackwood,4929
NJ,Camden,34007,Glendora,4851
NJ,Camden,34007,Mount Ephraim,4587
NJ,Camden,34007,Magnolia,4273
NJ,Camden,34007,Ellisburg,4254
NJ,Camden,34007,Barclay,4248
NJ,Camden,34007,Golden Triangle,4185
NJ,Camden,34007,Oaklyn,3955
NJ,Camden,34007,Merchantville,3700
NJ,Camden,34007,Woodlynne,2915
NJ,Camden,34007,Lawnside,2882
NJ,Camden,34007,Gibbsboro,2218
NJ,Camden,34007,Brooklawn,1898
NJ,Camden,34007,Laurel Springs,1866
NJ,Camden,34007,Chesilhurst,1618
NJ,Camden,34007,Audubon Park,1002
NJ,Camden,34007,Hi-Nella,858
NJ,Camden,34007,Pine Valley,11
NJ,Camden,34007,Tavistock,5
NJ,Cape May,34009,Ocean City,10971
NJ,Cape May,34009,Villas,8769
NJ,Cape May,34009,Wildwood,4948
NJ,Cape May,34009,Cape May Court House,4617
NJ,Cape May,34009,North Wildwood,3760
NJ,Cape May,34009,Cape May,3422
NJ,Cape May,34009,North Cape May,3107
NJ,Cape May,34009,Wildwood Crest,3048
NJ,Cape May,34009,Whitesboro,2837
NJ,Cape May,34009,Rio Grande,2834
NJ,Cape May,34009,Woodbine,2414
NJ,Cape May,34009,Sea Isle City,2029
NJ,Cape May,34009,Erma,1876
NJ,Cape May,34009,Avalon,1236
NJ,Cape May,34009,West Cape May,1001
NJ,Cape May,34009,Stone Harbor,810
NJ,Cape May,34009,Belleplain,555
NJ,Cape May,34009,West Wildwood,550
NJ,Cape May,34009,Burleigh,534
NJ,Cape May,34009,Cape May Point,275
NJ,Cape May,34009,Diamond Beach,189
NJ,Cape May,34009,Strathmere,171
NJ,Cumberland,34011,Vineland,93239
NJ,Cumberland,34011,Bridgeton,33379
NJ,Cumberland,34011,Millville,27391
NJ,Cumberland,34011,Laurel Lake,3325
NJ,Cumberland,34011,Seabrook Farms,2033
NJ,Cumberland,34011,Rosenhayn,1351
NJ,Cumberland,34011,Cedarville,1101
NJ,Cumberland,34011,Port Norris,1037
NJ,Cumberland,34011,Fairton,980
NJ,Cumberland,34011,Shiloh,487
NJ,Essex,34013,Newark,282011
NJ,Essex,34013,East Orange,64367
NJ,Essex,34013,Short Hills,13428
NJ,Essex,34013,Upper Montclair,11589
NJ,Essex,34013,Brookdale,9801
NJ,Essex,34013,Caldwell,7941
NJ,Essex,34013,Glen Ridge,7574
NJ,Essex,34013,North Caldwell,6621
NJ,Essex,34013,Roseland,5835
NJ,Essex,34013,Silver Lake,4197
NJ,Essex,34013,Essex Fells,2088
NJ,Gloucester,34015,Glassboro,20288
NJ,Gloucester,34015,Williamstown,14641
NJ,Gloucester,34015,Woodbury,9794
NJ,Gloucester,34015,Pitman,8741
NJ,Gloucester,34015,Clayton,8738
NJ,Gloucester,34015,Paulsboro,5854
NJ,Gloucester,34015,Beckett,4947
NJ,Gloucester,34015,Westville,4144
NJ,Gloucester,34015,Richwood,3925
NJ,Gloucester,34015,Gibbstown,3778
NJ,Gloucester,34015,Turnersville,3731
NJ,Gloucester,34015,Mullica Hill,3662
NJ,Gloucester,34015,Oak Valley,3345
NJ,Gloucester,34015,Woodbury Heights,2964
NJ,Gloucester,34015,National Park,2943
NJ,Gloucester,34015,Swedesboro,2568
NJ,Gloucester,34015,Wenonah,2212
NJ,Gloucester,34015,Victory Lakes,1899
NJ,Gloucester,34015,Newfield,1543
NJ,Hudson,34017,Jersey City,262075
NJ,Hudson,34017,Union City,67982
NJ,Hudson,34017,Bayonne,64897
NJ,Hudson,34017,West New York,52723
NJ,Hudson,34017,Hoboken,52677
NJ,Hudson,34017,Kearny,41058
NJ,Hudson,34017,Secaucus,21893
NJ,Hudson,34017,Harrison,20061
NJ,Hudson,34017,Guttenberg,11121
NJ,Hudson,34017,East Newark,2600
NJ,Hunterdon,34019,Flemington,4577
NJ,Hunterdon,34019,Lambertville,3801
NJ,Hunterdon,34019,High Bridge,3410
NJ,Hunterdon,34019,Milford,2659
NJ,Hunterdon,34019,White House Station,2508
NJ,Hunterdon,34019,Glen Gardner,1911
NJ,Hunterdon,34019,Annandale,1646
NJ,Hunterdon,34019,Frenchtown,1351
NJ,Hunterdon,34019,Califon,1046
NJ,Hunterdon,34019,Bloomsbury,839
NJ,Hunterdon,34019,Stockton,512
NJ,Mercer,34021,Trenton,290716
NJ,Mercer,34021,Princeton,31187
NJ,Mercer,34021,Mercerville,12730
NJ,Mercer,34021,Hamilton Square,11989
NJ,Mercer,34021,White Horse,8576
NJ,Mercer,34021,Twin Rivers,6870
NJ,Mercer,34021,Yardville,6801
NJ,Mercer,34021,Hightstown,5304
NJ,Mercer,34021,Lawrenceville,3949
NJ,Mercer,34021,Pennington,2576
NJ,Mercer,34021,Princeton Junction,2336
NJ,Mercer,34021,Groveville,1961
NJ,Mercer,34021,Hopewell,1906
NJ,Middlesex,34023,New Brunswick,55676
NJ,Middlesex,34023,Perth Amboy,51390
NJ,Middlesex,34023,Sayreville,44173
NJ,Middlesex,34023,South Plainfield,24052
NJ,Middlesex,34023,Carteret,23408
NJ,Middlesex,34023,Avenel,18592
NJ,Middlesex,34023,Iselin,18175
NJ,Middlesex,34023,Colonia,17801
NJ,Middlesex,34023,South River,15779
NJ,Middlesex,34023,Fords,15250
NJ,Middlesex,34023,Metuchen,14543
NJ,Middlesex,34023,Princeton Meadows,13717
NJ,Middlesex,34023,Highland Park,13711
NJ,Middlesex,34023,Middlesex,13679
NJ,Middlesex,34023,Kendall Park,9234
NJ,Middlesex,34023,South Amboy,9176
NJ,Middlesex,34023,Spotswood,8228
NJ,Middlesex,34023,Madison Park,7834
NJ,Middlesex,34023,Dayton,7576
NJ,Middlesex,34023,Dunellen,7202
NJ,Middlesex,34023,Milltown,6967
NJ,Middlesex,34023,Laurence Harbor,6534
NJ,Middlesex,34023,Heathcote,6507
NJ,Middlesex,34023,Jamesburg,5885
NJ,Middlesex,34023,Port Reading,3864
NJ,Middlesex,34023,Society Hill,3640
NJ,Middlesex,34023,Concordia,3401
NJ,Middlesex,34023,Monmouth Junction,2906
NJ,Middlesex,34023,Clearbrook Park,2813
NJ,Middlesex,34023,Plainsboro Center,2771
NJ,Middlesex,34023,Rossmoor,2643
NJ,Middlesex,34023,Whittingham,2631
NJ,Middlesex,34023,Sewaren,2627
NJ,Middlesex,34023,Brownville,2554
NJ,Middlesex,34023,Helmetta,2155
NJ,Monmouth,34025,Long Branch,30241
NJ,Monmouth,34025,Tinton Falls,17451
NJ,Monmouth,34025,Asbury Park,15408
NJ,Monmouth,34025,West Freehold,13680
NJ,Monmouth,34025,Eatontown,12157
NJ,Monmouth,34025,Red Bank,11966
NJ,Monmouth,34025,Robertsville,11874
NJ,Monmouth,34025,Keansburg,9632
NJ,Monmouth,34025,Matawan,8640
NJ,Monmouth,34025,West Long Branch,7881
NJ,Monmouth,34025,Strathmore,7816
NJ,Monmouth,34025,Keyport,6977
NJ,Monmouth,34025,Rumson,6714
NJ,Monmouth,34025,Yorketown,6459
NJ,Monmouth,34025,Lincroft,6405
NJ,Monmouth,34025,Ramtown,6393
NJ,Monmouth,34025,Manasquan,5806
NJ,Monmouth,34025,Little Silver,5782
NJ,Monmouth,34025,Fair Haven,5736
NJ,Monmouth,34025,Oceanport,5722
NJ,Monmouth,34025,Belmar,5545
NJ,Monmouth,34025,Union Beach,5305
NJ,Monmouth,34025,Morganville,5088
NJ,Monmouth,34025,East Freehold,4880
NJ,Monmouth,34025,Highlands,4714
NJ,Monmouth,34025,Brielle,4666
NJ,Monmouth,34025,Wanamassa,4630
NJ,Monmouth,34025,Neptune City,4596
NJ,Monmouth,34025,Spring Lake Heights,4521
NJ,Monmouth,34025,Atlantic Highlands,4351
NJ,Monmouth,34025,Bradley Beach,4148
NJ,Monmouth,34025,Shrewsbury,4053
NJ,Monmouth,34025,Oakhurst,3804
NJ,Monmouth,34025,Port Monmouth,3360
NJ,Monmouth,34025,Shark River Hills,3299
NJ,Monmouth,34025,Monmouth Beach,3239
NJ,Monmouth,34025,North Middletown,3179
NJ,Monmouth,34025,Ocean Grove,3047
NJ,Monmouth,34025,Spring Lake,2904
NJ,Monmouth,34025,Cliffwood Beach,2892
NJ,Monmouth,34025,Leonardo,2568
NJ,Monmouth,34025,West Belmar,2325
NJ,Monmouth,34025,Belford,2129
NJ,Monmouth,34025,Englishtown,1912
NJ,Monmouth,34025,Avon-by-the-Sea,1783
NJ,Monmouth,34025,Allentown,1775
NJ,Monmouth,34025,Sea Girt,1765
NJ,Monmouth,34025,Lake Como,1682
NJ,Monmouth,34025,Navesink,1470
NJ,Monmouth,34025,Farmingdale,1354
NJ,Monmouth,34025,Sea Bright,1338
NJ,Monmouth,34025,Allenwood,883
NJ,Monmouth,34025,Roosevelt,836
NJ,Monmouth,34025,Interlaken,789
NJ,Monmouth,34025,Deal,719
NJ,Monmouth,34025,Allenhurst,483
NJ,Monmouth,34025,Loch Arbour,180
NJ,Morris,34027,Morristown,19261
NJ,Morris,34027,Dover,17725
NJ,Morris,34027,Madison,17654
NJ,Morris,34027,Florham Park,11496
NJ,Morris,34027,Lincoln Park,10111
NJ,Morris,34027,Kinnelon,9896
NJ,Morris,34027,Budd Lake,9743
NJ,Morris,34027,White Meadow Lake,9548
NJ,Morris,34027,Boonton,8919
NJ,Morris,34027,Succasunna,8514
NJ,Morris,34027,Butler,7654
NJ,Morris,34027,Wharton,6369
NJ,Morris,34027,Morris Plains,6255
NJ,Morris,34027,Mount Arlington,5852
NJ,Morris,34027,Mountain Lakes,4223
NJ,Morris,34027,Riverdale,4135
NJ,Morris,34027,Netcong,3131
NJ,Morris,34027,Kenvil,3013
NJ,Morris,34027,Long Valley,2201
NJ,Morris,34027,Victory Gardens,1470
NJ,Morris,34027,Lake Telemark,1197
NJ,Ocean,34029,Point Pleasant,18772
NJ,Ocean,34029,Ocean Acres,17333
NJ,Ocean,34029,Holiday City-Berkeley,12040
NJ,Ocean,34029,Beachwood,11312
NJ,Ocean,34029,Mystic Island,8484
NJ,Ocean,34029,Pine Lake Park,8427
NJ,Ocean,34029,Crestwood Village,8155
NJ,Ocean,34029,Forked River,4761
NJ,Ocean,34029,Point Pleasant Beach,4551
NJ,Ocean,34029,Leisure Village,4547
NJ,Ocean,34029,Holiday City South,4464
NJ,Ocean,34029,Leisure Village East,3687
NJ,Ocean,34029,South Toms River,3685
NJ,Ocean,34029,Beach Haven West,3682
NJ,Ocean,34029,Leisure Village West,3412
NJ,Ocean,34029,Tuckerton,3388
NJ,Ocean,34029,Seaside Heights,2910
NJ,Ocean,34029,Lakehurst,2708
NJ,Ocean,34029,Leisure Knoll,2537
NJ,Ocean,34029,New Egypt,2460
NJ,Ocean,34029,Pine Ridge at Crestwood,2293
NJ,Ocean,34029,Vista Center,2241
NJ,Ocean,34029,Pine Beach,2184
NJ,Ocean,34029,North Beach Haven,2128
NJ,Ocean,34029,Manahawkin,2094
NJ,Ocean,34029,Ocean Gate,2035
NJ,Ocean,34029,Waretown,1964
NJ,Ocean,34029,Holiday Heights,1903
NJ,Ocean,34029,Lavallette,1866
NJ,Ocean,34029,Dover Beaches North,1756
NJ,Ocean,34029,Island Heights,1679
NJ,Ocean,34029,Cedar Glen Lakes,1549
NJ,Ocean,34029,Seaside Park,1543
NJ,Ocean,34029,Cedar Glen West,1300
NJ,Ocean,34029,Dover Beaches South,1243
NJ,Ocean,34029,Beach Haven,1205
NJ,Ocean,34029,Surf City,1199
NJ,Ocean,34029,Ship Bottom,1153
NJ,Ocean,34029,Bay Head,977
NJ,Ocean,34029,Silver Ridge,948
NJ,Ocean,34029,Barnegat Light,587
NJ,Ocean,34029,Harvey Cedars,345
NJ,Ocean,34029,Mantoloking,249
NJ,Passaic,34031,Paterson,145233
NJ,Passaic,34031,Clifton,85052
NJ,Passaic,34031,Passaic,69703
NJ,Passaic,34031,Hawthorne,18753
NJ,Passaic,34031,Woodland Park,12581
NJ,Passaic,34031,Ringwood,12198
NJ,Passaic,34031,Wanaque,11762
NJ,Passaic,34031,Pompton Lakes,10986
NJ,Passaic,34031,Totowa,10792
NJ,Passaic,34031,North Haledon,8395
NJ,Passaic,34031,Haledon,8293
NJ,Passaic,34031,Bloomingdale,8061
NJ,Passaic,34031,Prospect Park,5843
NJ,Passaic,34031,Singac,4215
NJ,Salem,34033,Salem,5235
NJ,Salem,34033,Penns Grove,4757
NJ,Salem,34033,Woodstown,4112
NJ,Salem,34033,Olivet,1394
NJ,Salem,34033,Elmer,1308
NJ,Salem,34033,Pedricktown,360
NJ,Salem,34033,Hancocks Bridge,198
NJ,Somerset,34035,Somerset,24509
NJ,Somerset,34035,North Plainfield,21289
NJ,Somerset,34035,Bradley Gardens,14400
NJ,Somerset,34035,Franklin Park,13977
NJ,Somerset,34035,Somerville,12063
NJ,Somerset,34035,Martinsville,11586
NJ,Somerset,34035,Bound Brook,10180
NJ,Somerset,34035,Manville,10121
NJ,Somerset,34035,East Franklin,7649
NJ,Somerset,34035,Bernardsville,7594
NJ,Somerset,34035,Green Knoll,6631
NJ,Somerset,34035,Watchung,6006
NJ,Somerset,34035,Finderne,5919
NJ,Somerset,34035,Franklin Center,5860
NJ,Somerset,34035,South Bound Brook,4518
NJ,Somerset,34035,Six Mile Run,2898
NJ,Somerset,34035,Middlebush,2647
NJ,Somerset,34035,Peapack and Gladstone,2597
NJ,Somerset,34035,Weston,1783
NJ,Somerset,34035,Ten Mile Run,1423
NJ,Somerset,34035,Kingston,1184
NJ,Somerset,34035,Far Hills,903
NJ,Somerset,34035,Blackwells Mills,684
NJ,Somerset,34035,Rocky Hill,669
NJ,Somerset,34035,Griggstown,611
NJ,Somerset,34035,Pleasant Plains,540
NJ,Somerset,34035,East Millstone,471
NJ,Somerset,34035,Harlingen,416
NJ,Somerset,34035,Skillman,401
NJ,Somerset,34035,East Rocky Hill,338
NJ,Somerset,34035,Clyde,233
NJ,Somerset,34035,Belle Mead,203
NJ,Somerset,34035,Blawenburg,115
NJ,Somerset,34035,Zarephath,26
NJ,Sussex,34037,Franklin,33153
NJ,Sussex,34037,Hopatcong,14186
NJ,Sussex,34037,Newton,11974
NJ,Sussex,34037,Lake Mohawk,8999
NJ,Sussex,34037,Highland Lakes,5098
NJ,Sussex,34037,Stanhope,3306
NJ,Sussex,34037,Hamburg,3131
NJ,Sussex,34037,Ogdensburg,2255
NJ,Sussex,34037,Sussex,1985
NJ,Sussex,34037,Vernon Valley,1448
NJ,Sussex,34037,Vernon Center,1371
NJ,Sussex,34037,Crandon Lakes,1252
NJ,Sussex,34037,Branchville,779
NJ,Sussex,34037,Ross Corner,60
NJ,Sussex,34037,Byram Center,39
NJ,Union,34039,Elizabeth,129216
NJ,Union,34039,Plainfield,50317
NJ,Union,34039,Linden,42361
NJ,Union,34039,Rahway,29895
NJ,Union,34039,Westfield,29512
NJ,Union,34039,Summit,21897
NJ,Union,34039,Roselle,21811
NJ,Union,34039,New Providence,13595
NJ,Union,34039,Roselle Park,13588
NJ,Union,34039,Kenilworth,8191
NJ,Union,34039,Fanwood,7697
NJ,Union,34039,Mountainside,6885
NJ,Union,34039,Garwood,4352
NJ,Warren,34041,Washington,15357
NJ,Warren,34041,Phillipsburg,14212
NJ,Warren,34041,Hackettstown,9356
NJ,Warren,34041,Beattystown,4575
NJ,Warren,34041,Panther Valley,3815
NJ,Warren,34041,Belvidere,3707
NJ,Warren,34041,Alpha,2255
NJ,Warren,34041,Brass Castle,1834
NJ,Warren,34041,Upper Pohatcong,1830
NJ,Warren,34041,Vienna,1174
NJ,Warren,34041,Brookfield,822
NJ,Warren,34041,Lopatcong Overlook,763
NJ,Warren,34041,Mountain Lake,471
NJ,Warren,34041,Stewartsville,439
NJ,Warren,34041,New Village,439
NJ,Warren,34041,Anderson,351
NJ,Warren,34041,Delaware Park,300
NJ,Warren,34041,Finesville,280
NJ,Warren,34041,Brainards,236
NJ,Warren,34041,Asbury,225
NJ,Warren,34041,Upper Stewartsville,216
NJ,Warren,34041,Broadway,186
NJ,Warren,34041,Columbia,182
NJ,Warren,34041,Marksboro,136
NJ,Warren,34041,Mount Hermon,120
NJ,Warren,34041,Bridgeville,112
NJ,Warren,34041,Johnsonburg,98
NJ,Warren,34041,Hutchinson,78
NJ,Warren,34041,Port Colden,75
NJ,Warren,34041,Hainesburg,61
NJ,Warren,34041,Great Meadows,32
NJ,Warren,34041,Port Murray,28
NM,Bernalillo,35001,Albuquerque,761195
NM,Bernalillo,35001,South Valley,40080
NM,Bernalillo,35001,North Valley,13449
NM,Bernalillo,35001,Los Ranchos de Albuquerque,6108
NM,Bernalillo,35001,Paradise Hills,4656
NM,Bernalillo,35001,Sandia Heights,3571
NM,Bernalillo,35001,Sandia Knolls,1475
NM,Bernalillo,35001,Carnuel,1305
NM,Bernalillo,35001,Ponderosa Pine,1159
NM,Bernalillo,35001,San Antonito,1150
NM,Bernalillo,35001,Sedillo,986
NM,Bernalillo,35001,Cedar Crest,691
NM,Bernalillo,35001,Tijeras,535
NM,Bernalillo,35001,Isleta Village Proper,402
NM,Bernalillo,35001,Cedro,402
NM,Bernalillo,35001,Edith Endave,336
NM,Bernalillo,35001,Pajarito Mesa,266
NM,Bernalillo,35001,Sandia Park,236
NM,Bernalillo,35001,Chilili,54
NM,Catron,35003,Pleasanton,450
NM,Catron,35003,Reserve,277
NM,Catron,35003,Cruzville,249
NM,Catron,35003,Quemado,177
NM,Catron,35003,Pie Town,111
NM,Catron,35003,Apache Creek,93
NM,Catron,35003,Aragon,93
NM,Catron,35003,Escudilla Bonita,72
NM,Catron,35003,Glenwood,34
NM,Catron,35003,Homestead,32
NM,Catron,35003,Middle Frisco,27
NM,Catron,35003,Luna,27
NM,Catron,35003,Datil,24
NM,Chaves,35005,Roswell,48889
NM,Chaves,35005,Dexter,1243
NM,Chaves,35005,Hagerman,1220
NM,Chaves,35005,Midway,861
NM,Chaves,35005,Lake Arthur,420
NM,Cibola,35006,Grants,11833
NM,Cibola,35006,Milan,3669
NM,Cibola,35006,San Rafael,1413
NM,Cibola,35006,Laguna,1075
NM,Cibola,35006,Skyline-Ganipa,1055
NM,Cibola,35006,Paraje,903
NM,Cibola,35006,Mesita,825
NM,Cibola,35006,Acomita Lake,574
NM,Cibola,35006,San Fidel,473
NM,Cibola,35006,Paguate,379
NM,Cibola,35006,Seama,368
NM,Cibola,35006,San Mateo,346
NM,Cibola,35006,Cubero,331
NM,Cibola,35006,Encinal,284
NM,Cibola,35006,North Acomita Village,273
NM,Cibola,35006,Bluewater Acres,202
NM,Cibola,35006,Seboyeta,169
NM,Cibola,35006,Fence Lake,113
NM,Cibola,35006,McCartys Village,103
NM,Cibola,35006,Bluewater Village,82
NM,Cibola,35006,Pinehill,69
NM,Cibola,35006,Moquino,58
NM,Cibola,35006,Bibo,55
NM,Cibola,35006,South Acomita Village,37
NM,Cibola,35006,Anzac Village,36
NM,Colfax,35007,Raton,5938
NM,Colfax,35007,Angel Fire,1070
NM,Colfax,35007,Springer,906
NM,Colfax,35007,Cimarron,881
NM,Colfax,35007,Eagle Nest,251
NM,Colfax,35007,Maxwell,212
NM,Colfax,35007,Ute Park,205
NM,Curry,35009,Clovis,42168
NM,Curry,35009,Cannon AFB,2475
NM,Curry,35009,Texico,1067
NM,Curry,35009,Melrose,629
NM,Curry,35009,Grady,103
NM,De Baca,35011,Fort Sumner,897
NM,De Baca,35011,Lake Sumner,142
NM,Doña Ana,35013,Las Cruces,136254
NM,Doña Ana,35013,Sunland Park,17978
NM,Doña Ana,35013,Chaparral,14437
NM,Doña Ana,35013,Anthony,9239
NM,Doña Ana,35013,Santa Teresa,5515
NM,Doña Ana,35013,Vado,3099
NM,Doña Ana,35013,University Park,2945
NM,Doña Ana,35013,San Ysidro,2060
NM,Doña Ana,35013,Berino,1877
NM,Doña Ana,35013,Mesilla,1828
NM,Doña Ana,35013,Hatch,1650
NM,Doña Ana,35013,Radium Springs,1467
NM,Doña Ana,35013,Fairacres,1294
NM,Doña Ana,35013,White Sands,1246
NM,Doña Ana,35013,Doña Ana,1158
NM,Doña Ana,35013,San Pablo,1019
NM,Doña Ana,35013,La Union,994
NM,Doña Ana,35013,San Miguel,978
NM,Doña Ana,35013,La Mesa,638
NM,Doña Ana,35013,Chamberino,625
NM,Doña Ana,35013,Rodey,594
NM,Doña Ana,35013,Mesquite,408
NM,Doña Ana,35013,Rincon,365
NM,Doña Ana,35013,Salem,311
NM,Doña Ana,35013,Organ,210
NM,Eddy,35015,Carlsbad,34031
NM,Eddy,35015,Artesia,13956
NM,Eddy,35015,La Huerta,1608
NM,Eddy,35015,Loving,1393
NM,Eddy,35015,Atoka,1193
NM,Eddy,35015,Morningside,787
NM,Eddy,35015,Happy Valley,774
NM,Eddy,35015,Livingston Wheeler,706
NM,Eddy,35015,Malaga,114
NM,Eddy,35015,Hope,106
NM,Eddy,35015,Whites City,85
NM,Eddy,35015,Loco Hills,24
NM,Grant,35017,Silver City,11561
NM,Grant,35017,Bayard,3929
NM,Grant,35017,Arenas Valley,1813
NM,Grant,35017,Santa Clara,1761
NM,Grant,35017,Hurley,1176
NM,Grant,35017,Tyrone,680
NM,Grant,35017,Mimbres,572
NM,Grant,35017,Pinos Altos,372
NM,Grant,35017,White Signal,244
NM,Grant,35017,Gila,226
NM,Grant,35017,Hanover,205
NM,Grant,35017,San Lorenzo,166
NM,Grant,35017,Buckhorn,150
NM,Grant,35017,Cliff,135
NM,Grant,35017,Rosedale,122
NM,Grant,35017,North Hurley,98
NM,Grant,35017,Lake Roberts Heights,50
NM,Grant,35017,Faywood,46
NM,Grant,35017,Hachita,38
NM,Grant,35017,Lake Roberts,33
NM,Grant,35017,Cobre,23
NM,Guadalupe,35019,Santa Rosa,2636
NM,Guadalupe,35019,Vaughn,397
NM,Guadalupe,35019,Llano del Medio,134
NM,Guadalupe,35019,Anton Chico,124
NM,Guadalupe,35019,Puerto de Luna,62
NM,Guadalupe,35019,Pastura,5
NM,Harding,35021,Roy,211
NM,Harding,35021,Mosquero,85
NM,Hidalgo,35023,Lordsburg,2398
NM,Hidalgo,35023,Cotton City,333
NM,Hidalgo,35023,Glen Acres,171
NM,Hidalgo,35023,Virden,129
NM,Hidalgo,35023,Animas,114
NM,Hidalgo,35023,Windmill,93
NM,Hidalgo,35023,Rodeo,71
NM,Hidalgo,35023,Playas,54
NM,Lea,35025,Hobbs,42095
NM,Lea,35025,Lovington,12097
NM,Lea,35025,North Hobbs,6301
NM,Lea,35025,Eunice,3038
NM,Lea,35025,Jal,2117
NM,Lea,35025,Tatum,829
NM,Lea,35025,Nadine,294
NM,Lea,35025,Monument,134
NM,Lincoln,35027,Ruidoso,9442
NM,Lincoln,35027,Ruidoso Downs,2574
NM,Lincoln,35027,Capitan,1431
NM,Lincoln,35027,Carrizozo,935
NM,Lincoln,35027,Corona,163
NM,Lincoln,35027,Nogal,140
NM,Los Alamos,35028,Los Alamos,12666
NM,Los Alamos,35028,White Rock,5751
NM,Luna,35029,Deming,13924
NM,Luna,35029,Keeler Farm,1706
NM,Luna,35029,Columbus,1617
NM,Luna,35029,Ventura,714
NM,Luna,35029,La Hacienda,587
NM,Luna,35029,Sunshine,328
NM,Luna,35029,Pulpotio Bareas,320
NM,Luna,35029,Mountain View,125
NM,Luna,35029,City of the Sun,46
NM,McKinley,35031,Gallup,22917
NM,McKinley,35031,Zuni Pueblo,7001
NM,McKinley,35031,Crownpoint,2419
NM,McKinley,35031,Black Rock,1656
NM,McKinley,35031,Thoreau,1641
NM,McKinley,35031,Navajo,1450
NM,McKinley,35031,Twin Lakes,1117
NM,McKinley,35031,Church Rock,887
NM,McKinley,35031,Tohatchi,741
NM,McKinley,35031,Yah-ta-hey,548
NM,McKinley,35031,Rock Springs,506
NM,McKinley,35031,Ramah,427
NM,McKinley,35031,Pueblo Pintado,388
NM,McKinley,35031,Brimhall Nizhoni,345
NM,McKinley,35031,Nakaibito,297
NM,McKinley,35031,Tse Bonito,186
NM,Mora,35033,Mora,807
NM,Mora,35033,Wagon Mound,287
NM,Mora,35033,Watrous,123
NM,Otero,35035,Alamogordo,33513
NM,Otero,35035,Holloman AFB,4096
NM,Otero,35035,Tularosa,3006
NM,Otero,35035,Boles Acres,2173
NM,Otero,35035,Mescalero,1244
NM,Otero,35035,La Luz,1222
NM,Otero,35035,High Rolls,910
NM,Otero,35035,Cloudcroft,701
NM,Otero,35035,Timberon,275
NM,Otero,35035,Twin Forks,185
NM,Otero,35035,Sacramento,86
NM,Otero,35035,Bent,62
NM,Otero,35035,Mayhill,56
NM,Otero,35035,Orogrande,41
NM,Otero,35035,Weed,31
NM,Quay,35037,Tucumcari,4867
NM,Quay,35037,Logan,979
NM,Quay,35037,San Jon,202
NM,Quay,35037,House,62
NM,Quay,35037,Nara Visa,44
NM,Rio Arriba,35039,Española,25952
NM,Rio Arriba,35039,Dulce,2750
NM,Rio Arriba,35039,La Mesilla,2314
NM,Rio Arriba,35039,Ohkay Owingeh,1256
NM,Rio Arriba,35039,Chama,992
NM,Rio Arriba,35039,Chamita,899
NM,Rio Arriba,35039,Santa Clara Pueblo,820
NM,Rio Arriba,35039,El Rito,808
NM,Rio Arriba,35039,Tierra Amarilla,784
NM,Rio Arriba,35039,Hernandez,751
NM,Rio Arriba,35039,El Duende,743
NM,Rio Arriba,35039,Cordova,704
NM,Rio Arriba,35039,San Jose,680
NM,Rio Arriba,35039,Los Luceros,604
NM,Rio Arriba,35039,La Villita,573
NM,Rio Arriba,35039,Chili,549
NM,Rio Arriba,35039,Dixon,386
NM,Rio Arriba,35039,Canjilon,337
NM,Rio Arriba,35039,Velarde,302
NM,Rio Arriba,35039,Lyden,199
NM,Rio Arriba,35039,Truchas,176
NM,Rio Arriba,35039,Alcalde,159
NM,Rio Arriba,35039,Abiquiu,151
NM,Rio Arriba,35039,Gallina,120
NM,Rio Arriba,35039,Lumberton,116
NM,Rio Arriba,35039,Pueblito,106
NM,Rio Arriba,35039,Canova,102
NM,Rio Arriba,35039,Cañones,92
NM,Rio Arriba,35039,Brazos,88
NM,Rio Arriba,35039,Coyote,72
NM,Rio Arriba,35039,Los Ojos,52
NM,Rio Arriba,35039,Youngsville,44
NM,Rio Arriba,35039,La Madera,25
NM,Rio Arriba,35039,Ensenada,24
NM,Roosevelt,35041,Portales,11921
NM,Roosevelt,35041,Elida,176
NM,Roosevelt,35041,Dora,121
NM,Roosevelt,35041,Floyd,110
NM,Roosevelt,35041,Causey,98
NM,San Juan,35045,Farmington,51309
NM,San Juan,35045,Bloomfield,9370
NM,San Juan,35045,Shiprock,9020
NM,San Juan,35045,Aztec,7963
NM,San Juan,35045,Lee Acres,5735
NM,San Juan,35045,West Hammond,2777
NM,San Juan,35045,Flora Vista,1688
NM,San Juan,35045,Upper Fruitland,1686
NM,San Juan,35045,Waterflow,1623
NM,San Juan,35045,Spencerville,1609
NM,San Juan,35045,Cedar Hill,773
NM,San Juan,35045,Napi Headquarters,728
NM,San Juan,35045,Nenahnezad,644
NM,San Juan,35045,Ojo Amarillo,637
NM,San Juan,35045,Kirtland,626
NM,San Juan,35045,La Plata,503
NM,San Juan,35045,Sanostee,500
NM,San Juan,35045,Naschitti,383
NM,San Juan,35045,Newcomb,359
NM,San Juan,35045,Crystal,345
NM,San Juan,35045,North Light Plant,296
NM,San Juan,35045,Beclabito,295
NM,San Juan,35045,Navajo Dam,266
NM,San Juan,35045,Sheep Springs,250
NM,San Juan,35045,Young Place,240
NM,San Juan,35045,Nageezi,183
NM,San Juan,35045,Blanco,159
NM,San Juan,35045,Lake Valley,96
NM,San Miguel,35047,Las Vegas,14662
NM,San Miguel,35047,Pecos,1320
NM,San Miguel,35047,East Pecos,646
NM,San Miguel,35047,Ribera,552
NM,San Miguel,35047,Rowe,319
NM,San Miguel,35047,Villanueva,309
NM,San Miguel,35047,Tecolotito,254
NM,San Miguel,35047,Soham,167
NM,San Miguel,35047,Tecolote,149
NM,San Miguel,35047,North San Ysidro,51
NM,San Miguel,35047,Conchas Dam,13
NM,Sandoval,35043,Rio Rancho,99178
NM,Sandoval,35043,Bernalillo,10477
NM,Sandoval,35043,Corrales,8696
NM,Sandoval,35043,Placitas,4686
NM,Sandoval,35043,Santo Domingo Pueblo,2292
NM,Sandoval,35043,San Felipe Pueblo,2217
NM,Sandoval,35043,Jemez Pueblo,2018
NM,Sandoval,35043,Zia Pueblo,939
NM,Sandoval,35043,Cuba,757
NM,Sandoval,35043,Peña Blanca,731
NM,Sandoval,35043,Algodones,704
NM,Sandoval,35043,Santa Ana Pueblo,682
NM,Sandoval,35043,Cochiti Lake,487
NM,Sandoval,35043,Cochiti,445
NM,Sandoval,35043,Pueblo of Sandia Village,422
NM,Sandoval,35043,La Jara,325
NM,Sandoval,35043,Jemez Springs,267
NM,Sandoval,35043,Ponderosa,255
NM,Sandoval,35043,San Luis,212
NM,Sandoval,35043,Cañon,198
NM,Sandoval,35043,La Cueva,137
NM,Sandoval,35043,Regina,69
NM,Santa Fe,35049,Santa Fe,111269
NM,Santa Fe,35049,Edgewood,6107
NM,Santa Fe,35049,Eldorado at Santa Fe,5823
NM,Santa Fe,35049,La Cienega,3732
NM,Santa Fe,35049,Agua Fria,2734
NM,Santa Fe,35049,Chimayo,2641
NM,Santa Fe,35049,Pojoaque,2027
NM,Santa Fe,35049,El Valle de Arroyo Seco,2009
NM,Santa Fe,35049,Nambe,1820
NM,Santa Fe,35049,El Rancho,1183
NM,Santa Fe,35049,Tesuque,1008
NM,Santa Fe,35049,La Puebla,952
NM,Santa Fe,35049,San Ildefonso Pueblo,803
NM,Santa Fe,35049,Glorieta,618
NM,Santa Fe,35049,Cedar Grove,535
NM,Santa Fe,35049,Cañada de los Alamos,511
NM,Santa Fe,35049,Cuyamungue,431
NM,Santa Fe,35049,Peak Place,409
NM,Santa Fe,35049,Jacona,387
NM,Santa Fe,35049,Jaconita,323
NM,Santa Fe,35049,Tesuque Pueblo,318
NM,Santa Fe,35049,Santa Cruz,249
NM,Santa Fe,35049,Galisteo,234
NM,Santa Fe,35049,Madrid,218
NM,Santa Fe,35049,Cuyamungue Grant,217
NM,Santa Fe,35049,Chupadero,204
NM,Santa Fe,35049,Los Cerrillos,182
NM,Santa Fe,35049,Lamy,159
NM,Santa Fe,35049,San Pedro,137
NM,Santa Fe,35049,Rio en Medio,89
NM,Santa Fe,35049,Sombrillo,83
NM,Santa Fe,35049,Cundiyo,34
NM,Santa Fe,35049,Cuartelez,21
NM,Sierra,35051,Truth or Consequences,7035
NM,Sierra,35051,Elephant Butte,1310
NM,Sierra,35051,Williamsburg,408
NM,Sierra,35051,Las Palomas,319
NM,Sierra,35051,Hillsboro,154
NM,Sierra,35051,Winston,72
NM,Sierra,35051,Oasis,67
NM,Sierra,35051,Caballo,45
NM,Sierra,35051,Arrey,25
NM,Sierra,35051,Kingston,21
NM,Socorro,35053,Socorro,8348
NM,Socorro,35053,Magdalena,878
NM,Socorro,35053,Alamo,851
NM,Socorro,35053,Lemitar,653
NM,Socorro,35053,Abeytas,293
NM,Socorro,35053,Alamillo,143
NM,Socorro,35053,Polvadera,126
NM,Socorro,35053,Las Nutrias,124
NM,Socorro,35053,Luis Lopez,83
NM,Socorro,35053,Chamizal,76
NM,Socorro,35053,Veguita,73
NM,Socorro,35053,San Acacia,72
NM,Socorro,35053,Escondida,24
NM,Socorro,35053,La Joya,14
NM,Socorro,35053,San Antonio,11
NM,Taos,35055,Taos,14196
NM,Taos,35055,Ranchos de Taos,2178
NM,Taos,35055,Arroyo Seco,1794
NM,Taos,35055,Questa,1755
NM,Taos,35055,Taos Pueblo,1425
NM,Taos,35055,Talpa,934
NM,Taos,35055,Peñasco,667
NM,Taos,35055,Red River,463
NM,Taos,35055,Rio Lucio,424
NM,Taos,35055,Chamisal,348
NM,Taos,35055,Vadito,315
NM,Taos,35055,San Cristobal,184
NM,Taos,35055,Arroyo Hondo,176
NM,Taos,35055,Picuris Pueblo,113
NM,Taos,35055,Costilla,92
NM,Taos,35055,Taos Ski Valley,71
NM,Torrance,35057,Moriarty,1860
NM,Torrance,35057,Estancia,1571
NM,Torrance,35057,Indian Hills,1075
NM,Torrance,35057,McIntosh,939
NM,Torrance,35057,Mountainair,873
NM,Torrance,35057,Manzano Springs,311
NM,Torrance,35057,Tajique,266
NM,Torrance,35057,Willard,242
NM,Torrance,35057,Torreon,200
NM,Torrance,35057,Encino,78
NM,Torrance,35057,Duran,37
NM,Union,35059,Clayton,2681
NM,Union,35059,Des Moines,122
NM,Union,35059,Folsom,57
NM,Union,35059,Capulin,34
NM,Union,35059,Grenville,29
NM,Valencia,35061,Los Lunas,69020
NM,Valencia,35061,Belen,7416
NM,Valencia,35061,Los Chaves,6109
NM,Valencia,35061,Rio Communities,4552
NM,Valencia,35061,El Cerro Mission,4170
NM,Valencia,35061,Bosque Farms,3888
NM,Valencia,35061,Meadow Lake,3832
NM,Valencia,35061,Peralta,3584
NM,Valencia,35061,El Cerro,3202
NM,Valencia,35061,Jarales,2026
NM,Valencia,35061,Valencia,2018
NM,Valencia,35061,Tome,1988
NM,Valencia,35061,Las Maravillas,1723
NM,Valencia,35061,Monterey Park,1600
NM,Valencia,35061,Sausal,1566
NM,Valencia,35061,Adelino,919
NM,Valencia,35061,Madrone,590
NM,Valencia,35061,Highland Meadows,451
NM,Valencia,35061,Pueblitos,314
NM,Valencia,35061,Casa Colorada,125
NM,Valencia,35061,Chical,108
NV,Carson City,32510,Carson City,58756
NV,Churchill,32001,Fallon,16313
NV,Churchill,32001,Fallon Station,438
NV,Clark,32003,Las Vegas,2104198
NV,Clark,32003,Henderson,320189
NV,Clark,32003,North Las Vegas,251974
NV,Clark,32003,Paradise,235087
NV,Clark,32003,Spring Valley,207127
NV,Clark,32003,Sunrise Manor,193781
NV,Clark,32003,Enterprise,171108
NV,Clark,32003,Whitney,42973
NV,Clark,32003,Winchester,28231
NV,Clark,32003,Summerlin South,27908
NV,Clark,32003,Mesquite,19726
NV,Clark,32003,Boulder City,16207
NV,Clark,32003,Laughlin,7965
NV,Clark,32003,Moapa Valley,7213
NV,Clark,32003,Nellis AFB,3501
NV,Clark,32003,Sandy Valley,1727
NV,Clark,32003,Bunkerville,1479
NV,Clark,32003,Indian Springs,881
NV,Clark,32003,Moapa Town,710
NV,Clark,32003,Mount Charleston,369
NV,Clark,32003,Blue Diamond,326
NV,Clark,32003,Searchlight,318
NV,Clark,32003,Cal-Nev-Ari,111
NV,Clark,32003,Nelson,34
NV,Douglas,32005,Gardnerville Ranchos,11380
NV,Douglas,32005,Gardnerville,6121
NV,Douglas,32005,Indian Hills,6104
NV,Douglas,32005,Johnson Lane,5957
NV,Douglas,32005,Minden,3151
NV,Douglas,32005,Kingsbury,2144
NV,Douglas,32005,Topaz Ranch Estates,1630
NV,Douglas,32005,East Valley,1543
NV,Douglas,32005,Ruhenstroth,1318
NV,Douglas,32005,Round Hill Village,993
NV,Douglas,32005,Stateline,950
NV,Douglas,32005,Genoa,659
NV,Douglas,32005,Fish Springs,564
NV,Douglas,32005,Carter Springs,446
NV,Douglas,32005,Zephyr Cove,434
NV,Douglas,32005,Lakeridge,367
NV,Douglas,32005,Skyland,321
NV,Douglas,32005,Double Spring,275
NV,Douglas,32005,Glenbrook,258
NV,Douglas,32005,Topaz Lake,207
NV,Douglas,32005,Logan Creek,37
NV,Elko,32007,Elko,21179
NV,Elko,32007,Spring Creek,13671
NV,Elko,32007,West Wendover,5197
NV,Elko,32007,Carlin,2277
NV,Elko,32007,Wells,1252
NV,Elko,32007,Jackpot,1244
NV,Elko,32007,Owyhee,1135
NV,Elko,32007,Osino,519
NV,Elko,32007,Lamoille,276
NV,Elko,32007,Montello,59
NV,Elko,32007,Oasis,38
NV,Esmeralda,32009,Dyer,324
NV,Esmeralda,32009,Goldfield,298
NV,Esmeralda,32009,Silver Peak,142
NV,Eureka,32011,Crescent Valley,462
NV,Eureka,32011,Eureka,462
NV,Humboldt,32013,Winnemucca,10764
NV,Humboldt,32013,Fort McDermitt,344
NV,Humboldt,32013,McDermitt,126
NV,Humboldt,32013,Valmy,91
NV,Humboldt,32013,Golconda,74
NV,Humboldt,32013,Orovada,64
NV,Humboldt,32013,Paradise Valley,51
NV,Lander,32015,Battle Mountain,3698
NV,Lander,32015,Austin,113
NV,Lander,32015,Kingston,94
NV,Lincoln,32017,Pioche,1354
NV,Lincoln,32017,Panaca,1157
NV,Lincoln,32017,Alamo,1128
NV,Lincoln,32017,Caliente,1076
NV,Lincoln,32017,Rachel,70
NV,Lincoln,32017,Hiko,62
NV,Lincoln,32017,Bennett Springs,46
NV,Lincoln,32017,Beaverdam,25
NV,Lyon,32019,Fernley,21476
NV,Lyon,32019,Dayton,9363
NV,Lyon,32019,Silver Springs,5073
NV,Lyon,32019,Yerington,3241
NV,Lyon,32019,Stagecoach,1920
NV,Lyon,32019,Smith Valley,1627
NV,Lyon,32019,Silver City,158
NV,Mineral,32021,Hawthorne,2686
NV,Mineral,32021,Schurz,1026
NV,Mineral,32021,Walker Lake,310
NV,Mineral,32021,Mina,182
NV,Nye,32023,Pahrump,37298
NV,Nye,32023,Tonopah,2009
NV,Nye,32023,Beatty,804
NV,Nye,32023,Gabbs,105
NV,Pershing,32027,Lovelock,1828
NV,Pershing,32027,Grass Valley,760
NV,Pershing,32027,Imlay,218
NV,Pershing,32027,Humboldt River Ranch,158
NV,Storey,32029,Virginia City,779
NV,Washoe,32031,Reno,445020
NV,Washoe,32031,Sparks,105006
NV,Washoe,32031,Sun Valley,21159
NV,Washoe,32031,Spanish Springs,15938
NV,Washoe,32031,Cold Springs,9633
NV,Washoe,32031,Incline Village,8669
NV,Washoe,32031,Lemmon Valley,5383
NV,Washoe,32031,Washoe Valley,2670
NV,Washoe,32031,Mogul,1334
NV,Washoe,32031,Golden Valley,1295
NV,Washoe,32031,Verdi,1287
NV,Washoe,32031,Wadsworth,792
NV,Washoe,32031,Sutcliffe,293
NV,Washoe,32031,Nixon,231
NV,Washoe,32031,Crystal Bay,184
NV,Washoe,32031,Empire,134
NV,Washoe,32031,Gerlach,34
NV,White Pine,32033,Ely,4392
NV,White Pine,32033,McGill,905
NV,White Pine,32033,Ruth,132
NV,White Pine,32033,Lund,105
NV,White Pine,32033,Baker,58
NV,White Pine,32033,Preston,16
NY,Albany,36001,Albany,586383
NY,Albany,36001,Cohoes,16687
NY,Albany,36001,Watervliet,9900
NY,Albany,36001,Westmere,6933
NY,Albany,36001,Ravena,5202
NY,Albany,36001,Menands,3864
NY,Albany,36001,Voorheesville,2771
NY,Albany,36001,Green Island,2622
NY,Albany,36001,Altamont,1669
NY,Albany,36001,Preston-Potter Hollow,296
NY,Allegany,36003,Houghton,1639
NY,Allegany,36003,Belmont,902
NY,Allegany,36003,Stannards,573
NY,Allegany,36003,Fillmore,518
NY,Allegany,36003,Canaseraga,509
NY,Allegany,36003,Richburg,419
NY,Bronx,36005,Bronx,1418207
NY,Broome,36007,Binghamton,148145
NY,Broome,36007,Johnson City,14161
NY,Broome,36007,Endicott,12532
NY,Broome,36007,Endwell,11677
NY,Broome,36007,Binghamton University,6130
NY,Broome,36007,Chenango Bridge,2856
NY,Broome,36007,Port Dickinson,1525
NY,Broome,36007,Whitney Point,890
NY,Broome,36007,Glen Aubrey,319
NY,Cattaraugus,36009,Olean,20755
NY,Cattaraugus,36009,Gowanda,5945
NY,Cattaraugus,36009,Salamanca,5402
NY,Cattaraugus,36009,St. Bonaventure,1909
NY,Cattaraugus,36009,Weston Mills,1189
NY,Cattaraugus,36009,Delevan,1022
NY,Cattaraugus,36009,Cattaraugus,904
NY,Cattaraugus,36009,Lime Lake,815
NY,Cattaraugus,36009,East Randolph,621
NY,Cattaraugus,36009,South Dayton,580
NY,Cattaraugus,36009,West Valley,561
NY,Cattaraugus,36009,Limestone,357
NY,Cayuga,36011,Auburn,30507
NY,Cayuga,36011,Weedsport,2925
NY,Cayuga,36011,Melrose Park,2425
NY,Cayuga,36011,Port Byron,1189
NY,Cayuga,36011,Union Springs,1147
NY,Cayuga,36011,Fair Haven,717
NY,Cayuga,36011,Cayuga,519
NY,Cayuga,36011,Meridian,288
NY,Chautauqua,36013,Jamestown,40493
NY,Chautauqua,36013,Dunkirk,23874
NY,Chautauqua,36013,Fredonia,10303
NY,Chautauqua,36013,Silver Creek,3514
NY,Chautauqua,36013,Lakewood,2797
NY,Chautauqua,36013,Jamestown West,2542
NY,Chautauqua,36013,Falconer,2247
NY,Chautauqua,36013,Frewsburg,1713
NY,Chautauqua,36013,Mayville,1592
NY,Chautauqua,36013,Brocton,1395
NY,Chautauqua,36013,Celoron,1027
NY,Chautauqua,36013,Forestville,702
NY,Chautauqua,36013,Cassadaga,593
NY,Chautauqua,36013,Sunset Bay,592
NY,Chautauqua,36013,Sinclairville,547
NY,Chautauqua,36013,Panama,444
NY,Chautauqua,36013,Kennedy,382
NY,Chautauqua,36013,Bemus Point,347
NY,Chemung,36015,Elmira,62989
NY,Chemung,36015,West Elmira,4655
NY,Chemung,36015,Elmira Heights,3805
NY,Chemung,36015,Horseheads North,2613
NY,Chemung,36015,Breesport,773
NY,Chemung,36015,Pine Valley,674
NY,Chemung,36015,Wellsburg,536
NY,Chemung,36015,Millport,287
NY,Chenango,36017,Norwich,7518
NY,Chenango,36017,Smithville Flats,377
NY,Clinton,36019,Plattsburgh,28740
NY,Clinton,36019,Rouses Point,2126
NY,Clinton,36019,Cumberland Head,1463
NY,Clinton,36019,Plattsburgh West,1296
NY,Clinton,36019,Morrisonville,1258
NY,Clinton,36019,Au Sable Forks,424
NY,Clinton,36019,West Chazy,398
NY,Clinton,36019,Redford,369
NY,Clinton,36019,Lyon Mountain,245
NY,Clinton,36019,Parc,236
NY,Columbia,36021,Hudson,10413
NY,Columbia,36021,Valatie,5400
NY,Columbia,36021,Lorenz Park,2140
NY,Columbia,36021,Stottville,1338
NY,Columbia,36021,Philmont,1258
NY,Columbia,36021,Niverville,1228
NY,Columbia,36021,Copake Lake,688
NY,Columbia,36021,Taconic Shores,686
NY,Columbia,36021,Claverack-Red Mills,552
NY,Columbia,36021,Copake Falls,290
NY,Columbia,36021,Copake Hamlet,257
NY,Cortland,36023,Cortland,26729
NY,Cortland,36023,Munsons Corners,2938
NY,Cortland,36023,Cortland West,1248
NY,Cortland,36023,McGraw,975
NY,Cortland,36023,Blodgett Mills,199
NY,Delaware,36025,Margaretville,546
NY,Delaware,36025,Downsville,525
NY,Delaware,36025,Hobart,391
NY,Delaware,36025,Franklin,338
NY,Delaware,36025,Fleischmanns,310
NY,Delaware,36025,Davenport Center,254
NY,Delaware,36025,Bloomville,158
NY,Dutchess,36027,Poughkeepsie,394760
NY,Dutchess,36027,Beacon,13968
NY,Dutchess,36027,Myers Corner,6777
NY,Dutchess,36027,Wappingers Falls,5544
NY,Dutchess,36027,Fairview,5486
NY,Dutchess,36027,Spackenkill,4053
NY,Dutchess,36027,Arlington,3674
NY,Dutchess,36027,Haviland,3300
NY,Dutchess,36027,Red Oaks Mill,3174
NY,Dutchess,36027,Crown Heights,2850
NY,Dutchess,36027,Brinckerhoff,2267
NY,Dutchess,36027,Merritt Park,1727
NY,Dutchess,36027,Millbrook,1406
NY,Dutchess,36027,Hillside Lake,1200
NY,Dutchess,36027,Dover Plains,1096
NY,Dutchess,36027,Tivoli,1081
NY,Dutchess,36027,Millerton,925
NY,Dutchess,36027,Titusville,533
NY,Dutchess,36027,Hopewell Junction,510
NY,Dutchess,36027,Rhinecliff,429
NY,Dutchess,36027,Staatsburg,317
NY,Dutchess,36027,Freedom Plains,303
NY,Dutchess,36027,Salt Point,206
NY,Erie,36029,Buffalo,914341
NY,Erie,36029,Lackawanna,17720
NY,Erie,36029,Eggertsville,15721
NY,Erie,36029,Kenmore,15020
NY,Erie,36029,Depew,15011
NY,Erie,36029,Tonawanda,14745
NY,Erie,36029,East Aurora,9720
NY,Erie,36029,University at Buffalo,6174
NY,Erie,36029,Harris Hill,5847
NY,Erie,36029,Williamsville,5220
NY,Erie,36029,Grandyle Village,4723
NY,Erie,36029,Springville,4288
NY,Erie,36029,Lake Erie Beach,3562
NY,Erie,36029,Sloan,3541
NY,Erie,36029,Elma Center,3301
NY,Erie,36029,Wanakah,3210
NY,Erie,36029,Clarence Center,2970
NY,Erie,36029,Akron,2969
NY,Erie,36029,North Boston,2694
NY,Erie,36029,Blasdell,2662
NY,Erie,36029,Angola,2101
NY,Erie,36029,Town Line,1726
NY,Erie,36029,Angola on the Lake,1692
NY,Erie,36029,Billington Heights,1452
NY,Erie,36029,Farnham,371
NY,Essex,36031,Lake Placid,3347
NY,Essex,36031,Keeseville,2932
NY,Essex,36031,Mineville,1456
NY,Essex,36031,Schroon Lake,769
NY,Essex,36031,Witherbee,256
NY,Franklin,36033,Saranac Lake,7404
NY,Franklin,36033,Fort Covington Hamlet,1535
NY,Franklin,36033,Paul Smiths,622
NY,Franklin,36033,Brushton,432
NY,Franklin,36033,St. Regis Falls,399
NY,Fulton,36035,Gloversville,27512
NY,Fulton,36035,Johnstown,8230
NY,Fulton,36035,Caroga Lake,516
NY,Genesee,36037,Batavia,16581
NY,Genesee,36037,Corfu,701
NY,Greene,36039,Palenville,1175
NY,Greene,36039,Jefferson Heights,1084
NY,Greene,36039,Tannersville,516
NY,Greene,36039,Leeds,320
NY,Hamilton,36041,Speculator,299
NY,Herkimer,36043,Ilion,23608
NY,Herkimer,36043,Little Falls,4645
NY,Herkimer,36043,Dolgeville,2069
NY,Herkimer,36043,West Winfield,855
NY,Herkimer,36043,Middleville,487
NY,Herkimer,36043,Old Forge,479
NY,Herkimer,36043,Cold Brook,306
NY,Herkimer,36043,Thendara,30
NY,Jefferson,36045,Watertown,53163
NY,Jefferson,36045,Fort Drum,13020
NY,Jefferson,36045,Calcium,3405
NY,Jefferson,36045,Carthage,3289
NY,Jefferson,36045,West Carthage,1934
NY,Jefferson,36045,Sackets Harbor,1397
NY,Jefferson,36045,Adams Center,1385
NY,Jefferson,36045,Black River,1241
NY,Jefferson,36045,Great Bend,1139
NY,Jefferson,36045,Alexandria Bay,1028
NY,Jefferson,36045,Dexter,997
NY,Jefferson,36045,La Fargeville,854
NY,Jefferson,36045,Redwood,614
NY,Jefferson,36045,Chaumont,578
NY,Jefferson,36045,Evans Mills,556
NY,Jefferson,36045,Glen Park,471
NY,Jefferson,36045,Mannsville,335
NY,Jefferson,36045,Felts Mills,333
NY,Jefferson,36045,Natural Bridge,289
NY,Jefferson,36045,Belleville,287
NY,Jefferson,36045,Deferiet,283
NY,Jefferson,36045,Depauville,276
NY,Jefferson,36045,Pamelia Center,271
NY,Jefferson,36045,Three Mile Bay,225
NY,Jefferson,36045,Pierrepont Manor,213
NY,Jefferson,36045,Plessis,196
NY,Jefferson,36045,Oxbow,116
NY,Jefferson,36045,Herrings,96
NY,Jefferson,36045,Fishers Landing,48
NY,Jefferson,36045,Thousand Island Park,30
NY,Kings,36047,Brooklyn,2559903
NY,Lewis,36049,Copenhagen,772
NY,Lewis,36049,Port Leyden,648
NY,Lewis,36049,Harrisville,604
NY,Lewis,36049,Lyons Falls,549
NY,Lewis,36049,Castorland,343
NY,Lewis,36049,Constableville,236
NY,Livingston,36051,Dansville,4764
NY,Livingston,36051,Conesus Lake,2105
NY,Livingston,36051,Lakeville,800
NY,Livingston,36051,East Avon,636
NY,Livingston,36051,Hemlock,547
NY,Livingston,36051,York Hamlet,433
NY,Livingston,36051,Springwater Hamlet,429
NY,Livingston,36051,Dalton,367
NY,Livingston,36051,Conesus Hamlet,354
NY,Livingston,36051,Greigsville,342
NY,Livingston,36051,Piffard,286
NY,Livingston,36051,Cuylerville,278
NY,Livingston,36051,Groveland Station,265
NY,Livingston,36051,Wadsworth,264
NY,Livingston,36051,Livonia Center,238
NY,Livingston,36051,South Lima,207
NY,Livingston,36051,Fowlerville,139
NY,Livingston,36051,Hunt,136
NY,Livingston,36051,Cumminsville,132
NY,Livingston,36051,Retsof,118
NY,Livingston,36051,Scottsburg,112
NY,Livingston,36051,Woodsville,98
NY,Livingston,36051,Linwood,66
NY,Livingston,36051,Kysorville,58
NY,Livingston,36051,Websters Crossing,44
NY,Livingston,36051,Byersville,43
NY,Madison,36053,Oneida,20828
NY,Madison,36053,Chittenango,4852
NY,Madison,36053,Canastota,4544
NY,Madison,36053,Morrisville,1849
NY,Madison,36053,Bridgeport,1330
NY,Madison,36053,Earlville,805
NY,Madison,36053,Wampsville,611
NY,Madison,36053,Munnsville,463
NY,Monroe,36055,Rochester,703952
NY,Monroe,36055,Brockport,19764
NY,Monroe,36055,North Gates,9581
NY,Monroe,36055,East Rochester,6490
NY,Monroe,36055,Hilton,5777
NY,Monroe,36055,Honeoye Falls,5428
NY,Monroe,36055,Fairport,5305
NY,Monroe,36055,Spencerport,3657
NY,Monroe,36055,Churchville,3372
NY,Monroe,36055,Scottsville,1916
NY,Montgomery,36057,Amsterdam,21241
NY,Montgomery,36057,Fort Plain,5488
NY,Montgomery,36057,Hagaman,1272
NY,Montgomery,36057,Fultonville,783
NY,Montgomery,36057,Fonda,752
NY,Montgomery,36057,Palatine Bridge,748
NY,Montgomery,36057,Tribes Hill,582
NY,Montgomery,36057,Nelliston,570
NY,Montgomery,36057,Fort Johnson,464
NY,Montgomery,36057,Ames,139
NY,Nassau,36059,Levittown,51634
NY,Nassau,36059,Freeport,42956
NY,Nassau,36059,Hicksville,42709
NY,Nassau,36059,East Meadow,38029
NY,Nassau,36059,Valley Stream,37431
NY,Nassau,36059,Elmont,35824
NY,Nassau,36059,Long Beach,33454
NY,Nassau,36059,Franklin Square,32055
NY,Nassau,36059,Uniondale,32007
NY,Nassau,36059,Oceanside,30604
NY,Nassau,36059,Glen Cove,27166
NY,Nassau,36059,Plainview,26453
NY,Nassau,36059,Baldwin,24727
NY,Nassau,36059,Rockville Centre,24550
NY,Nassau,36059,Garden City,22454
NY,Nassau,36059,Massapequa,21784
NY,Nassau,36059,North Bellmore,20718
NY,Nassau,36059,Merrick,20130
NY,Nassau,36059,West Hempstead,19864
NY,Nassau,36059,Syosset,19453
NY,Nassau,36059,Lynbrook,19448
NY,Nassau,36059,Mineola,19207
NY,Nassau,36059,North Valley Stream,18661
NY,Nassau,36059,North Massapequa,18505
NY,Nassau,36059,Wantagh,17915
NY,Nassau,36059,Bethpage,17627
NY,Nassau,36059,East Massapequa,17622
NY,Nassau,36059,Woodmere,17470
NY,Nassau,36059,Massapequa Park,17143
NY,Nassau,36059,Roosevelt,16899
NY,Nassau,36059,Floral Park,15844
NY,Nassau,36059,Port Washington,15808
NY,Nassau,36059,Bellmore,15368
NY,Nassau,36059,Westbury,15351
NY,Nassau,36059,South Farmingdale,15229
NY,Nassau,36059,North New Hyde Park,15080
NY,Nassau,36059,Seaford,15040
NY,Nassau,36059,New Cassel,14867
NY,Nassau,36059,Jericho,13889
NY,Nassau,36059,North Merrick,12170
NY,Nassau,36059,Salisbury,12133
NY,Nassau,36059,North Wantagh,11720
NY,Nassau,36059,Great Neck,10209
NY,Nassau,36059,Inwood,9892
NY,Nassau,36059,East Rockaway,9814
NY,Nassau,36059,New Hyde Park,9807
NY,Nassau,36059,Farmingdale,9002
NY,Nassau,36059,Plainedge,8975
NY,Nassau,36059,Woodbury,8852
NY,Nassau,36059,Malverne,8485
NY,Nassau,36059,Garden City Park,8335
NY,Nassau,36059,Manhasset,7985
NY,Nassau,36059,Baldwin Harbor,7623
NY,Nassau,36059,Williston Park,7253
NY,Nassau,36059,East Hills,7233
NY,Nassau,36059,Great Neck Plaza,7027
NY,Nassau,36059,Hewlett,6802
NY,Nassau,36059,South Valley Stream,6775
NY,Nassau,36059,Bayville,6732
NY,Nassau,36059,Cedarhurst,6633
NY,Nassau,36059,Manorhaven,6627
NY,Nassau,36059,Lawrence,6556
NY,Nassau,36059,Roslyn Heights,6553
NY,Nassau,36059,Lakeview,6131
NY,Nassau,36059,North Hills,5969
NY,Nassau,36059,Kings Point,5292
NY,Nassau,36059,Old Bethpage,5283
NY,Nassau,36059,Albertson,5225
NY,Nassau,36059,Carle Place,5131
NY,Nassau,36059,Glen Head,5053
NY,Nassau,36059,Sea Cliff,5020
NY,Nassau,36059,Flower Hill,4889
NY,Nassau,36059,Island Park,4886
NY,Nassau,36059,Old Westbury,4614
NY,Nassau,36059,Searingtown,4593
NY,Nassau,36059,Garden City South,4250
NY,Nassau,36059,University Gardens,4182
NY,Nassau,36059,Herricks,4122
NY,Nassau,36059,Glenwood Landing,3843
NY,Nassau,36059,Muttontown,3668
NY,Nassau,36059,Manhasset Hills,3615
NY,Nassau,36059,Brookville,3605
NY,Nassau,36059,Locust Valley,3481
NY,Nassau,36059,Port Washington North,3199
NY,Nassau,36059,South Hempstead,3184
NY,Nassau,36059,Lake Success,3144
NY,Nassau,36059,Lido Beach,3024
NY,Nassau,36059,East Norwich,2959
NY,Nassau,36059,Sands Point,2905
NY,Nassau,36059,Roslyn,2902
NY,Nassau,36059,Great Neck Estates,2879
NY,Nassau,36059,Munsey Park,2710
NY,Nassau,36059,Thomaston,2613
NY,Nassau,36059,East Williston,2550
NY,Nassau,36059,Barnum Island,2416
NY,Nassau,36059,Oyster Bay Cove,2254
NY,Nassau,36059,Old Brookville,2187
NY,Nassau,36059,Bellerose Terrace,2056
NY,Nassau,36059,Laurel Hollow,2033
NY,Nassau,36059,Stewart Manor,1956
NY,Nassau,36059,Atlantic Beach,1902
NY,Nassau,36059,East Atlantic Beach,1889
NY,Nassau,36059,South Floral Park,1790
NY,Nassau,36059,Lattingtown,1764
NY,Nassau,36059,Upper Brookville,1744
NY,Nassau,36059,Greenvale,1718
NY,Nassau,36059,Bay Park,1550
NY,Nassau,36059,Plandome,1466
NY,Nassau,36059,Hewlett Harbor,1272
NY,Nassau,36059,Roslyn Estates,1233
NY,Nassau,36059,Harbor Isle,1214
NY,Nassau,36059,Kensington,1189
NY,Nassau,36059,Bellerose,1162
NY,Nassau,36059,Great Neck Gardens,1150
NY,Nassau,36059,Roslyn Harbor,1108
NY,Nassau,36059,Baxter Estates,1049
NY,Nassau,36059,Point Lookout,1026
NY,Nassau,36059,Plandome Heights,1018
NY,Nassau,36059,Saddle Rock,988
NY,Nassau,36059,Mill Neck,967
NY,Nassau,36059,Russell Gardens,946
NY,Nassau,36059,Plandome Manor,902
NY,Nassau,36059,Matinecock,833
NY,Nassau,36059,Woodsburgh,780
NY,Nassau,36059,Saddle Rock Estates,532
NY,Nassau,36059,Hewlett Neck,472
NY,Nassau,36059,North Lynbrook,464
NY,Nassau,36059,Hewlett Bay Park,429
NY,Nassau,36059,Centre Island,409
NY,Nassau,36059,Harbor Hills,400
NY,Nassau,36059,Cove Neck,301
NY,Nassau,36059,Malverne Park Oaks,276
NY,New York,36061,New York,18713220
NY,New York,36061,Manhattan,1628706
NY,Niagara,36063,Niagara Falls,47720
NY,Niagara,36063,Lockport,34561
NY,Niagara,36063,North Tonawanda,30245
NY,Niagara,36063,South Lockport,7066
NY,Niagara,36063,Youngstown,1880
NY,Niagara,36063,Middleport,1743
NY,Niagara,36063,Ransomville,1553
NY,Niagara,36063,Gasport,1393
NY,Niagara,36063,Olcott,1282
NY,Niagara,36063,Rapids,1014
NY,Niagara,36063,Sanborn,987
NY,Oneida,36065,Utica,112650
NY,Oneida,36065,Rome,32148
NY,Oneida,36065,Whitesboro,3612
NY,Oneida,36065,Sylvan Beach,3382
NY,Oneida,36065,New York Mills,3212
NY,Oneida,36065,Sherrill,2974
NY,Oneida,36065,Yorkville,2568
NY,Oneida,36065,Clinton,1707
NY,Oneida,36065,Clark Mills,1585
NY,Oneida,36065,Waterville,1517
NY,Oneida,36065,Washington Mills,1428
NY,Oneida,36065,Oriskany,1329
NY,Oneida,36065,Chadwicks,1059
NY,Oneida,36065,Durhamville,876
NY,Oneida,36065,Oriskany Falls,690
NY,Oneida,36065,Oneida Castle,622
NY,Oneida,36065,Holland Patent,444
NY,Oneida,36065,Prospect,426
NY,Oneida,36065,Clayville,339
NY,Onondaga,36067,Syracuse,404223
NY,Onondaga,36067,Fairmount,10092
NY,Onondaga,36067,Baldwinsville,7822
NY,Onondaga,36067,North Syracuse,6628
NY,Onondaga,36067,Solvay,6234
NY,Onondaga,36067,Mattydale,5820
NY,Onondaga,36067,Westvale,5000
NY,Onondaga,36067,Galeville,4642
NY,Onondaga,36067,Brewerton,4074
NY,Onondaga,36067,Fayetteville,4044
NY,Onondaga,36067,Lyncourt,3974
NY,Onondaga,36067,Village Green,3729
NY,Onondaga,36067,Minoa,3415
NY,Onondaga,36067,East Syracuse,2920
NY,Onondaga,36067,Lakeland,2571
NY,Onondaga,36067,Nedrow,2310
NY,Onondaga,36067,Liverpool,2204
NY,Onondaga,36067,Seneca Knolls,2068
NY,Onondaga,36067,Jordan,1302
NY,Ontario,36069,Geneva,28563
NY,Ontario,36069,Clifton Springs,6072
NY,Ontario,36069,Shortsville,1405
NY,Ontario,36069,Bloomfield,1307
NY,Ontario,36069,Crystal Beach,735
NY,Ontario,36069,Honeoye,568
NY,Ontario,36069,Port Gibson,417
NY,Ontario,36069,Hall,150
NY,Orange,36071,Middletown,58592
NY,Orange,36071,Kiryas Joel,26813
NY,Orange,36071,Port Jervis,16273
NY,Orange,36071,Woodbury,11089
NY,Orange,36071,Walden,11085
NY,Orange,36071,Scotchtown,9997
NY,Orange,36071,Mechanicstown,6869
NY,Orange,36071,Orange Lake,6434
NY,Orange,36071,West Point,6379
NY,Orange,36071,Chester,5866
NY,Orange,36071,Washingtonville,5770
NY,Orange,36071,Firthcliffe,4912
NY,Orange,36071,Gardnertown,4633
NY,Orange,36071,Otisville,4159
NY,Orange,36071,Highland Falls,3829
NY,Orange,36071,Maybrook,3683
NY,Orange,36071,Balmville,3476
NY,Orange,36071,South Blooming Grove,3155
NY,Orange,36071,Greenwood Lake,3088
NY,Orange,36071,Vails Gate,3031
NY,Orange,36071,Florida,2919
NY,Orange,36071,Cornwall-on-Hudson,2918
NY,Orange,36071,Walton Park,2668
NY,Orange,36071,Harriman,2452
NY,Orange,36071,Washington Heights,1830
NY,Orange,36071,Beaver Dam Lake,1827
NY,Orange,36071,Mountain Lodge Park,1765
NY,Orange,36071,Pine Bush,1732
NY,Orange,36071,Fort Montgomery,1691
NY,Orange,36071,Tuxedo Park,600
NY,Orange,36071,Unionville,594
NY,Orange,36071,Salisbury Mills,301
NY,Orleans,36073,Medina,7816
NY,Orleans,36073,Albion,7738
NY,Orleans,36073,Holley,1683
NY,Orleans,36073,Lyndonville,781
NY,Oswego,36075,Oswego,37420
NY,Oswego,36075,Fulton,11102
NY,Oswego,36075,SUNY Oswego,3694
NY,Oswego,36075,Phoenix,2241
NY,Oswego,36075,Pulaski,2225
NY,Oswego,36075,Central Square,1750
NY,Oswego,36075,Cleveland,716
NY,Oswego,36075,Sand Ridge,686
NY,Oswego,36075,Lacona,547
NY,Oswego,36075,Altmar,406
NY,Otsego,36077,Oneonta,17236
NY,Otsego,36077,West End,2046
NY,Otsego,36077,Cooperstown,1754
NY,Otsego,36077,Richfield Springs,1187
NY,Otsego,36077,Schenevus,652
NY,Otsego,36077,Gilbertsville,373
NY,Putnam,36079,Mahopac,8203
NY,Putnam,36079,Lake Carmel,8067
NY,Putnam,36079,Carmel Hamlet,6345
NY,Putnam,36079,Putnam Lake,3455
NY,Putnam,36079,Cold Spring,3168
NY,Putnam,36079,Brewster,2337
NY,Putnam,36079,Brewster Hill,2196
NY,Putnam,36079,Peach Lake,1604
NY,Putnam,36079,Nelsonville,632
NY,Queens,36081,Queens,2230722
NY,Rensselaer,36083,Troy,49154
NY,Rensselaer,36083,Rensselaer,9171
NY,Rensselaer,36083,Hoosick Falls,3433
NY,Rensselaer,36083,Wynantskill,3154
NY,Rensselaer,36083,West Sand Lake,2697
NY,Rensselaer,36083,Hampton Manor,1911
NY,Rensselaer,36083,Castleton-on-Hudson,1462
NY,Rensselaer,36083,Averill Park,1228
NY,Rensselaer,36083,East Nassau,569
NY,Rensselaer,36083,Valley Falls,455
NY,Richmond,36085,Staten Island,476143
NY,Rockland,36087,New City,35101
NY,Rockland,36087,Spring Valley,32261
NY,Rockland,36087,Monsey,23055
NY,Rockland,36087,Nanuet,17517
NY,Rockland,36087,Pearl River,16476
NY,Rockland,36087,Suffern,11007
NY,Rockland,36087,West Haverstraw,10189
NY,Rockland,36087,Valley Cottage,9023
NY,Rockland,36087,Airmont,8786
NY,Rockland,36087,New Square,8763
NY,Rockland,36087,Congers,8406
NY,Rockland,36087,Chestnut Ridge,8020
NY,Rockland,36087,Hillcrest,7441
NY,Rockland,36087,Tappan,7227
NY,Rockland,36087,Nyack,7156
NY,Rockland,36087,Mount Ivy,7075
NY,Rockland,36087,Viola,6898
NY,Rockland,36087,Wesley Hills,5919
NY,Rockland,36087,New Hempstead,5410
NY,Rockland,36087,Kaser,5368
NY,Rockland,36087,Blauvelt,5152
NY,Rockland,36087,Thiells,4870
NY,Rockland,36087,Montebello,4593
NY,Rockland,36087,Orangeburg,4491
NY,Rockland,36087,Bardonia,3966
NY,Rockland,36087,West Nyack,3942
NY,Rockland,36087,South Nyack,3316
NY,Rockland,36087,Pomona,3262
NY,Rockland,36087,Sloatsburg,3095
NY,Rockland,36087,Piermont,2531
NY,Rockland,36087,Upper Nyack,2175
NY,Rockland,36087,Sparkill,1586
NY,Rockland,36087,Hillburn,983
NY,Rockland,36087,Grand View-on-Hudson,297
NY,Saratoga,36091,Saratoga Springs,68028
NY,Saratoga,36091,Ballston Spa,5226
NY,Saratoga,36091,Mechanicville,5037
NY,Saratoga,36091,South Glens Falls,3634
NY,Saratoga,36091,Country Knolls,2119
NY,Saratoga,36091,Schuylerville,1317
NY,Saratoga,36091,North Ballston Spa,1165
NY,Saratoga,36091,Round Lake,770
NY,Schenectady,36093,Schenectady,65273
NY,Schenectady,36093,Scotia,7642
NY,Schenectady,36093,East Glenville,6259
NY,Schenectady,36093,Delanson,384
NY,Schenectady,36093,Mariaville Lake,358
NY,Schenectady,36093,Duane Lake,233
NY,Schoharie,36095,Sharon Springs,525
NY,Schoharie,36095,Central Bridge,360
NY,Schuyler,36097,Watkins Glen,3480
NY,Schuyler,36097,Montour Falls,1604
NY,Schuyler,36097,Odessa,552
NY,Schuyler,36097,Burdett,316
NY,Seneca,36099,Interlaken,599
NY,St. Lawrence,36089,Ogdensburg,10638
NY,St. Lawrence,36089,Norwood,1560
NY,St. Lawrence,36089,Hailesboro,847
NY,St. Lawrence,36089,Brasher Falls,796
NY,St. Lawrence,36089,Hannawa Falls,764
NY,St. Lawrence,36089,Heuvelton,722
NY,St. Lawrence,36089,Star Lake,601
NY,St. Lawrence,36089,Rensselaer Falls,307
NY,St. Lawrence,36089,Richville,302
NY,St. Lawrence,36089,Cranberry Lake,155
NY,St. Lawrence,36089,Winthrop,154
NY,Steuben,36101,Corning,19296
NY,Steuben,36101,Hornell,10661
NY,Steuben,36101,Gang Mills,4553
NY,Steuben,36101,Painted Post,1924
NY,Steuben,36101,South Corning,1084
NY,Steuben,36101,Arkport,791
NY,Steuben,36101,Savona,780
NY,Steuben,36101,North Hornell,737
NY,Steuben,36101,Hammondsport,622
NY,Steuben,36101,Coopers Plains,472
NY,Suffolk,36103,Brentwood,63399
NY,Suffolk,36103,West Babylon,42665
NY,Suffolk,36103,Coram,40311
NY,Suffolk,36103,Commack,36953
NY,Suffolk,36103,Huntington Station,32866
NY,Suffolk,36103,Centereach,31493
NY,Suffolk,36103,Central Islip,31205
NY,Suffolk,36103,Bay Shore,29799
NY,Suffolk,36103,Shirley,28583
NY,Suffolk,36103,Deer Park,27479
NY,Suffolk,36103,West Islip,26844
NY,Suffolk,36103,Lindenhurst,26801
NY,Suffolk,36103,Dix Hills,25925
NY,Suffolk,36103,Holbrook,25824
NY,Suffolk,36103,Medford,24406
NY,Suffolk,36103,Copiague,23561
NY,Suffolk,36103,East Patchogue,22172
NY,Suffolk,36103,North Bay Shore,21679
NY,Suffolk,36103,Lake Ronkonkoma,20667
NY,Suffolk,36103,East Northport,20190
NY,Suffolk,36103,Selden,20093
NY,Suffolk,36103,Hauppauge,20005
NY,Suffolk,36103,Holtsville,19479
NY,Suffolk,36103,North Amityville,18382
NY,Suffolk,36103,Ronkonkoma,18309
NY,Suffolk,36103,Melville,17716
NY,Suffolk,36103,North Babylon,17134
NY,Suffolk,36103,Kings Park,16424
NY,Suffolk,36103,Sayville,15910
NY,Suffolk,36103,Farmingville,15714
NY,Suffolk,36103,Mastic,15476
NY,Suffolk,36103,Hampton Bays,14848
NY,Suffolk,36103,Greenlawn,14392
NY,Suffolk,36103,St. James,13671
NY,Suffolk,36103,Rocky Point,13521
NY,Suffolk,36103,Nesconset,13293
NY,Suffolk,36103,Manorville,13257
NY,Suffolk,36103,East Islip,13222
NY,Suffolk,36103,Ridge,12854
NY,Suffolk,36103,Terryville,12764
NY,Suffolk,36103,Mastic Beach,12610
NY,Suffolk,36103,Stony Brook,12428
NY,Suffolk,36103,Patchogue,12321
NY,Suffolk,36103,Miller Place,12016
NY,Suffolk,36103,Elwood,11498
NY,Suffolk,36103,North Bellport,11428
NY,Suffolk,36103,Wyandanch,11368
NY,Suffolk,36103,Mount Sinai,11101
NY,Suffolk,36103,Lake Grove,11056
NY,Suffolk,36103,North Lindenhurst,10624
NY,Suffolk,36103,South Huntington,10322
NY,Suffolk,36103,Middle Island,10228
NY,Suffolk,36103,Fort Salonga,9775
NY,Suffolk,36103,Amityville,9399
NY,Suffolk,36103,Bohemia,9262
NY,Suffolk,36103,Stony Brook University,8943
NY,Suffolk,36103,Bayport,8402
NY,Suffolk,36103,Center Moriches,8147
NY,Suffolk,36103,Port Jefferson,8145
NY,Suffolk,36103,Sound Beach,7821
NY,Suffolk,36103,Wading River,7733
NY,Suffolk,36103,North Patchogue,7657
NY,Suffolk,36103,Port Jefferson Station,7397
NY,Suffolk,36103,Baywood,7275
NY,Suffolk,36103,Northport,7273
NY,Suffolk,36103,Springs,7036
NY,Suffolk,36103,Calverton,6987
NY,Suffolk,36103,Oakdale,6984
NY,Suffolk,36103,East Shoreham,6801
NY,Suffolk,36103,Yaphank,6338
NY,Suffolk,36103,East Farmingdale,6168
NY,Suffolk,36103,Flanders,5750
NY,Suffolk,36103,Islip Terrace,5579
NY,Suffolk,36103,East Moriches,5445
NY,Suffolk,36103,Centerport,5394
NY,Suffolk,36103,East Quogue,5343
NY,Suffolk,36103,West Hills,5055
NY,Suffolk,36103,West Sayville,5010
NY,Suffolk,36103,Blue Point,4942
NY,Suffolk,36103,Wheatley Heights,4942
NY,Suffolk,36103,Cold Spring Harbor,4932
NY,Suffolk,36103,West Bay Shore,4801
NY,Suffolk,36103,Mattituck,4676
NY,Suffolk,36103,North Sea,4597
NY,Suffolk,36103,East Hampton North,4535
NY,Suffolk,36103,Noyack,4372
NY,Suffolk,36103,North Great River,3883
NY,Suffolk,36103,Montauk,3685
NY,Suffolk,36103,Lloyd Harbor,3658
NY,Suffolk,36103,Gordon Heights,3596
NY,Suffolk,36103,Northwest Harbor,3557
NY,Suffolk,36103,Islandia,3309
NY,Suffolk,36103,Cutchogue,3200
NY,Suffolk,36103,Moriches,3073
NY,Suffolk,36103,Brightwaters,3059
NY,Suffolk,36103,Halesite,2710
NY,Suffolk,36103,Westhampton,2623
NY,Suffolk,36103,Riverside,2362
NY,Suffolk,36103,Greenport West,2283
NY,Suffolk,36103,Sag Harbor,2283
NY,Suffolk,36103,Shinnecock Hills,2202
NY,Suffolk,36103,Bellport,2047
NY,Suffolk,36103,Aquebogue,2042
NY,Suffolk,36103,Eastport,1917
NY,Suffolk,36103,Remsenburg-Speonk,1881
NY,Suffolk,36103,Westhampton Beach,1797
NY,Suffolk,36103,Village of the Branch,1793
NY,Suffolk,36103,Nissequogue,1732
NY,Suffolk,36103,Baiting Hollow,1731
NY,Suffolk,36103,Water Mill,1631
NY,Suffolk,36103,Head of the Harbor,1458
NY,Suffolk,36103,Eatons Neck,1455
NY,Suffolk,36103,Huntington Bay,1437
NY,Suffolk,36103,Great River,1405
NY,Suffolk,36103,Northville,1370
NY,Suffolk,36103,Bridgehampton,1323
NY,Suffolk,36103,Quogue,1014
NY,Suffolk,36103,East Marion,999
NY,Suffolk,36103,Jamesport,971
NY,Suffolk,36103,Laurel,970
NY,Suffolk,36103,Poquott,928
NY,Suffolk,36103,Old Field,909
NY,Suffolk,36103,North Haven,892
NY,Suffolk,36103,Orient,835
NY,Suffolk,36103,Peconic,812
NY,Suffolk,36103,Belle Terre,786
NY,Suffolk,36103,Quiogue,767
NY,Suffolk,36103,Amagansett,739
NY,Suffolk,36103,Shelter Island Heights,731
NY,Suffolk,36103,Asharoken,646
NY,Suffolk,36103,Shoreham,531
NY,Suffolk,36103,Gilgo,370
NY,Suffolk,36103,Wainscott,349
NY,Suffolk,36103,Sagaponack,323
NY,Suffolk,36103,Fire Island,293
NY,Suffolk,36103,New Suffolk,250
NY,Suffolk,36103,Napeague,206
NY,Suffolk,36103,Fishers Island,125
NY,Suffolk,36103,Ocean Beach,83
NY,Suffolk,36103,West Hampton Dunes,58
NY,Suffolk,36103,Saltaire,41
NY,Suffolk,36103,Dering Harbor,11
NY,Sullivan,36105,Monticello,7468
NY,Sullivan,36105,Wurtsboro,3854
NY,Sullivan,36105,South Fallsburg,2168
NY,Sullivan,36105,Rock Hill,1516
NY,Sullivan,36105,Loch Sheldrake,1273
NY,Sullivan,36105,Livingston Manor,1091
NY,Sullivan,36105,Woodridge,777
NY,Sullivan,36105,Smallwood,616
NY,Sullivan,36105,Roscoe,520
NY,Sullivan,36105,Bloomingburg,412
NY,Sullivan,36105,Jeffersonville,336
NY,Sullivan,36105,Narrowsburg,269
NY,Sullivan,36105,Hortonville,193
NY,Tioga,36107,Waverly,4115
NY,Tioga,36107,Apalachin,1037
NY,Tompkins,36109,Ithaca,55137
NY,Tompkins,36109,South Hill,6551
NY,Tompkins,36109,Cayuga Heights,3604
NY,Tompkins,36109,Northeast Ithaca,2811
NY,Tompkins,36109,East Ithaca,1886
NY,Tompkins,36109,Trumansburg,1717
NY,Tompkins,36109,Northwest Ithaca,1439
NY,Tompkins,36109,Forest Home,601
NY,Tompkins,36109,Freeville,490
NY,Tompkins,36109,Newfield Hamlet,451
NY,Ulster,36111,Kingston,54791
NY,Ulster,36111,Ellenville,6384
NY,Ulster,36111,Highland,5707
NY,Ulster,36111,Marlboro,3545
NY,Ulster,36111,Port Ewen,3315
NY,Ulster,36111,Lake Katrine,2472
NY,Ulster,36111,Glasco,2391
NY,Ulster,36111,Lincoln Park,2291
NY,Ulster,36111,Watchtower,2117
NY,Ulster,36111,Kerhonkson,2057
NY,Ulster,36111,Saugerties South,1989
NY,Ulster,36111,West Hurley,1920
NY,Ulster,36111,Tillson,1657
NY,Ulster,36111,Clintondale,1414
NY,Ulster,36111,Shokan,1336
NY,Ulster,36111,Stone Ridge,1328
NY,Ulster,36111,Milton,1294
NY,Ulster,36111,Walker Valley,1275
NY,Ulster,36111,Rosendale Hamlet,1103
NY,Ulster,36111,Zena,942
NY,Ulster,36111,Napanoch,939
NY,Ulster,36111,Hillside,856
NY,Ulster,36111,Accord,560
NY,Ulster,36111,High Falls,525
NY,Ulster,36111,East Kingston,469
NY,Ulster,36111,Cragsmoor,263
NY,Ulster,36111,Rifton,224
NY,Ulster,36111,Malden-on-Hudson,222
NY,Ulster,36111,Phoenicia,218
NY,Ulster,36111,Pine Hill,215
NY,Warren,36113,Glens Falls,63499
NY,Warren,36113,Glens Falls North,8817
NY,Warren,36113,West Glens Falls,6860
NY,Warren,36113,North Creek,698
NY,Warren,36113,Bolton Landing,580
NY,Warren,36113,Chestertown,430
NY,Warren,36113,Pottersville,241
NY,Washington,36115,Hudson Falls,7056
NY,Wayne,36117,Newark,13333
NY,Wayne,36117,Clyde,1961
NY,Wayne,36117,Sodus Point,858
NY,Wayne,36117,Pultneyville,623
NY,Wayne,36117,Red Creek,490
NY,Wayne,36117,North Rose,466
NY,Westchester,36119,Yonkers,200370
NY,Westchester,36119,New Rochelle,78557
NY,Westchester,36119,Mount Vernon,67345
NY,Westchester,36119,White Plains,58109
NY,Westchester,36119,Port Chester,29163
NY,Westchester,36119,Harrison,28943
NY,Westchester,36119,Peekskill,24295
NY,Westchester,36119,Scarsdale,17871
NY,Westchester,36119,Jefferson Valley-Yorktown,14205
NY,Westchester,36119,Tarrytown,11370
NY,Westchester,36119,Dobbs Ferry,11027
NY,Westchester,36119,Mount Kisco,10795
NY,Westchester,36119,Sleepy Hollow,10046
NY,Westchester,36119,Rye Brook,9521
NY,Westchester,36119,Croton-on-Hudson,8095
NY,Westchester,36119,Briarcliff Manor,8094
NY,Westchester,36119,Hastings-on-Hudson,7853
NY,Westchester,36119,Greenville,7814
NY,Westchester,36119,Pleasantville,7260
NY,Westchester,36119,Tuckahoe,6549
NY,Westchester,36119,Irvington,6473
NY,Westchester,36119,Bronxville,6408
NY,Westchester,36119,Larchmont,6087
NY,Westchester,36119,Lake Mohegan,5808
NY,Westchester,36119,Pelham Manor,5534
NY,Westchester,36119,Elmsford,5216
NY,Westchester,36119,Hawthorne,4658
NY,Westchester,36119,Hartsdale,4550
NY,Westchester,36119,Ardsley,4502
NY,Westchester,36119,Armonk,4438
NY,Westchester,36119,Thornwood,4186
NY,Westchester,36119,Heritage Hills,4111
NY,Westchester,36119,Valhalla,3536
NY,Westchester,36119,Montrose,3270
NY,Westchester,36119,Bedford Hills,3225
NY,Westchester,36119,Shrub Oak,2861
NY,Westchester,36119,Crompond,2350
NY,Westchester,36119,Shenorock,2325
NY,Westchester,36119,Buchanan,2232
NY,Westchester,36119,Golden's Bridge,1792
NY,Westchester,36119,Katonah,1761
NY,Westchester,36119,Crugers,1527
NY,Westchester,36119,Chappaqua,1434
NY,Westchester,36119,Yorktown Heights,1393
NY,Westchester,36119,Lincolndale,1335
NY,Westchester,36119,Verplanck,1242
NY,Westchester,36119,Scotts Corners,593
NY,Wyoming,36121,Silver Springs,732
NY,Wyoming,36121,Strykersville,661
NY,Wyoming,36121,Bliss,477
NY,Wyoming,36121,Wyoming,417
NY,Yates,36123,Penn Yan,6469
NY,Yates,36123,Dundee,1630
NY,Yates,36123,Keuka Park,1049
NY,Yates,36123,Rushville,666
OH,Adams,39001,West Union,3161
OH,Adams,39001,Manchester,1955
OH,Adams,39001,Peebles,1717
OH,Adams,39001,Winchester,1006
OH,Adams,39001,Seaman,895
OH,Adams,39001,Cherry Fork,326
OH,Adams,39001,Bentonville,237
OH,Adams,39001,Rome,95
OH,Allen,39003,Lima,68878
OH,Allen,39003,Delphos,7267
OH,Allen,39003,Fort Shawnee,6009
OH,Allen,39003,Bluffton,4170
OH,Allen,39003,Spencerville,2161
OH,Allen,39003,Elida,1803
OH,Allen,39003,Cairo,523
OH,Allen,39003,Westminster,492
OH,Allen,39003,Lafayette,417
OH,Allen,39003,Harrod,403
OH,Allen,39003,Beaverdam,371
OH,Ashland,39005,Ashland,20275
OH,Ashland,39005,Loudonville,2617
OH,Ashland,39005,Cinnamon Lake,1430
OH,Ashland,39005,Perrysville,717
OH,Ashland,39005,Jeromesville,549
OH,Ashland,39005,Hayesville,458
OH,Ashland,39005,Savannah,415
OH,Ashland,39005,Bailey Lakes,365
OH,Ashland,39005,Polk,330
OH,Ashland,39005,Mifflin,134
OH,Ashtabula,39007,Ashtabula,27645
OH,Ashtabula,39007,Conneaut,13767
OH,Ashtabula,39007,Geneva,7317
OH,Ashtabula,39007,Edgewood,4253
OH,Ashtabula,39007,Jefferson,3071
OH,Ashtabula,39007,North Kingsville,2792
OH,Ashtabula,39007,Orwell,1594
OH,Ashtabula,39007,Roaming Shores,1452
OH,Ashtabula,39007,Geneva-on-the-Lake,1199
OH,Ashtabula,39007,Andover,1095
OH,Ashtabula,39007,Austinburg,662
OH,Ashtabula,39007,Rock Creek,507
OH,Athens,39009,Athens,29122
OH,Athens,39009,Nelsonville,6050
OH,Athens,39009,The Plains,2946
OH,Athens,39009,Glouster,2626
OH,Athens,39009,Chauncey,1035
OH,Athens,39009,Albany,891
OH,Athens,39009,Buchtel,567
OH,Athens,39009,Coolville,494
OH,Athens,39009,Jacksonville,480
OH,Athens,39009,Stewart,411
OH,Athens,39009,Trimble,404
OH,Athens,39009,New Marshfield,330
OH,Athens,39009,Millfield,328
OH,Athens,39009,Amesville,153
OH,Athens,39009,Hockingport,120
OH,Auglaize,39011,Wapakoneta,10500
OH,Auglaize,39011,St. Marys,9180
OH,Auglaize,39011,New Bremen,7393
OH,Auglaize,39011,Minster,2817
OH,Auglaize,39011,Cridersville,1792
OH,Auglaize,39011,New Knoxville,866
OH,Auglaize,39011,Waynesfield,817
OH,Auglaize,39011,Uniopolis,299
OH,Auglaize,39011,New Hampshire,280
OH,Auglaize,39011,Buckland,222
OH,Auglaize,39011,St. Johns,202
OH,Belmont,39013,Martins Ferry,6517
OH,Belmont,39013,St. Clairsville,5141
OH,Belmont,39013,Barnesville,4148
OH,Belmont,39013,Bellaire,4013
OH,Belmont,39013,Shadyside,3547
OH,Belmont,39013,Bridgeport,1728
OH,Belmont,39013,Powhatan Point,1520
OH,Belmont,39013,Bethesda,1212
OH,Belmont,39013,Wolfhurst,1036
OH,Belmont,39013,Yorkville,1005
OH,Belmont,39013,Neffs,848
OH,Belmont,39013,Flushing,832
OH,Belmont,39013,Lansing,594
OH,Belmont,39013,Brookside,575
OH,Belmont,39013,Belmont,434
OH,Belmont,39013,Holloway,317
OH,Belmont,39013,Morristown,288
OH,Belmont,39013,Glencoe,154
OH,Belmont,39013,Bannock,133
OH,Belmont,39013,Lafferty,120
OH,Brown,39015,Georgetown,4243
OH,Brown,39015,Mount Orab,3444
OH,Brown,39015,Ripley,1697
OH,Brown,39015,Aberdeen,1604
OH,Brown,39015,Lake Lorelei,1396
OH,Brown,39015,Sardinia,1136
OH,Brown,39015,Lake Waynoka,1022
OH,Brown,39015,Russellville,512
OH,Brown,39015,Hamersville,502
OH,Brown,39015,Fayetteville,316
OH,Brown,39015,Higginsport,242
OH,Brown,39015,St. Martin,209
OH,Butler,39017,Middletown,97730
OH,Butler,39017,Hamilton,62082
OH,Butler,39017,Fairfield,42558
OH,Butler,39017,Oxford,23113
OH,Butler,39017,Monroe,14015
OH,Butler,39017,Trenton,13141
OH,Butler,39017,Beckett Ridge,9155
OH,Butler,39017,Ross,3432
OH,Butler,39017,Four Bridges,3246
OH,Butler,39017,New Miami,2381
OH,Butler,39017,Wetherington,1399
OH,Butler,39017,Williamsdale,893
OH,Butler,39017,Seven Mile,784
OH,Butler,39017,Millville,733
OH,Butler,39017,Darrtown,492
OH,Butler,39017,Somerville,346
OH,Butler,39017,Olde West Chester,276
OH,Butler,39017,Jacksonburg,65
OH,Carroll,39019,Carrollton,3265
OH,Carroll,39019,Malvern,2661
OH,Carroll,39019,Lake Mohawk,1872
OH,Carroll,39019,Dellroy,330
OH,Carroll,39019,Sherrodsville,280
OH,Carroll,39019,Leesville,146
OH,Champaign,39021,Urbana,11404
OH,Champaign,39021,St. Paris,2010
OH,Champaign,39021,Mechanicsburg,1591
OH,Champaign,39021,North Lewisburg,1465
OH,Champaign,39021,Christiansburg,505
OH,Champaign,39021,Woodstock,291
OH,Champaign,39021,Rosewood,194
OH,Champaign,39021,Mutual,102
OH,Clark,39023,Springfield,82820
OH,Clark,39023,Northridge,7278
OH,Clark,39023,New Carlisle,5568
OH,Clark,39023,Park Layne,4264
OH,Clark,39023,Enon,2386
OH,Clark,39023,Green Meadows,2213
OH,Clark,39023,South Charleston,1619
OH,Clark,39023,Crystal Lakes,1402
OH,Clark,39023,Holiday Valley,1364
OH,Clark,39023,North Hampton,468
OH,Clark,39023,South Vienna,400
OH,Clark,39023,Tremont City,357
OH,Clark,39023,Catawba,273
OH,Clark,39023,Donnelsville,261
OH,Clark,39023,Clifton,147
OH,Clermont,39025,Withamsville,7789
OH,Clermont,39025,Milford,6855
OH,Clermont,39025,Amelia,5039
OH,Clermont,39025,Mount Carmel,4932
OH,Clermont,39025,Summerside,4666
OH,Clermont,39025,Mount Repose,4249
OH,Clermont,39025,Mulberry,4143
OH,Clermont,39025,Bethel,3358
OH,Clermont,39025,Day Heights,2978
OH,Clermont,39025,New Richmond,2966
OH,Clermont,39025,Williamsburg,2569
OH,Clermont,39025,Batavia,1983
OH,Clermont,39025,Felicity,858
OH,Clermont,39025,Owensville,828
OH,Clermont,39025,Goshen,793
OH,Clermont,39025,Newtonsville,376
OH,Clermont,39025,Miamiville,264
OH,Clermont,39025,Moscow,191
OH,Clermont,39025,Neville,106
OH,Clermont,39025,Chilo,67
OH,Clinton,39027,Wilmington,12366
OH,Clinton,39027,Blanchester,4262
OH,Clinton,39027,Sabina,2579
OH,Clinton,39027,New Vienna,1228
OH,Clinton,39027,Clarksville,549
OH,Clinton,39027,Martinsville,452
OH,Clinton,39027,Midland,308
OH,Clinton,39027,Port William,248
OH,Columbiana,39029,East Liverpool,29898
OH,Columbiana,39029,Salem,17571
OH,Columbiana,39029,Columbiana,7931
OH,Columbiana,39029,Lisbon,5372
OH,Columbiana,39029,East Palestine,4633
OH,Columbiana,39029,Calcutta,3755
OH,Columbiana,39029,Wellsville,3306
OH,Columbiana,39029,Glenmoor,1853
OH,Columbiana,39029,Leetonia,1832
OH,Columbiana,39029,La Croft,1360
OH,Columbiana,39029,Salineville,1218
OH,Columbiana,39029,New Waterford,1180
OH,Columbiana,39029,Washingtonville,750
OH,Columbiana,39029,Lake Tomahawk,734
OH,Columbiana,39029,Homeworth,532
OH,Columbiana,39029,Hanoverton,388
OH,Columbiana,39029,Rogers,224
OH,Columbiana,39029,Negley,188
OH,Columbiana,39029,East Rochester,142
OH,Columbiana,39029,Summitville,123
OH,Coshocton,39031,Coshocton,11347
OH,Coshocton,39031,West Lafayette,2519
OH,Coshocton,39031,Warsaw,693
OH,Coshocton,39031,Canal Lewisville,393
OH,Coshocton,39031,Conesville,343
OH,Coshocton,39031,Fresno,251
OH,Coshocton,39031,Plainfield,158
OH,Coshocton,39031,Nellie,131
OH,Crawford,39033,Galion,15161
OH,Crawford,39033,Bucyrus,11800
OH,Crawford,39033,Crestline,4425
OH,Crawford,39033,New Washington,920
OH,Crawford,39033,Tiro,262
OH,Crawford,39033,North Robinson,198
OH,Crawford,39033,Chatfield,178
OH,Crawford,39033,Sulphur Springs,111
OH,Crawford,39033,Oceola,91
OH,Cuyahoga,39035,Cleveland,1710093
OH,Cuyahoga,39035,Parma,78103
OH,Cuyahoga,39035,Lakewood,49678
OH,Cuyahoga,39035,Euclid,46550
OH,Cuyahoga,39035,Strongsville,44660
OH,Cuyahoga,39035,Cleveland Heights,43992
OH,Cuyahoga,39035,Westlake,32032
OH,Cuyahoga,39035,North Olmsted,31341
OH,Cuyahoga,39035,North Royalton,30068
OH,Cuyahoga,39035,Garfield Heights,27448
OH,Cuyahoga,39035,Shaker Heights,27027
OH,Cuyahoga,39035,Solon,22779
OH,Cuyahoga,39035,Maple Heights,22078
OH,Cuyahoga,39035,South Euclid,21297
OH,Cuyahoga,39035,Rocky River,19986
OH,Cuyahoga,39035,Parma Heights,19790
OH,Cuyahoga,39035,Broadview Heights,19102
OH,Cuyahoga,39035,Berea,18609
OH,Cuyahoga,39035,Mayfield Heights,18487
OH,Cuyahoga,39035,Brook Park,18382
OH,Cuyahoga,39035,East Cleveland,16964
OH,Cuyahoga,39035,Fairview Park,16161
OH,Cuyahoga,39035,Middleburg Heights,15432
OH,Cuyahoga,39035,Bay Village,15194
OH,Cuyahoga,39035,Brecksville,13604
OH,Cuyahoga,39035,Lyndhurst,13366
OH,Cuyahoga,39035,Warrensville Heights,13108
OH,Cuyahoga,39035,University Heights,12797
OH,Cuyahoga,39035,Bedford,12457
OH,Cuyahoga,39035,Beachwood,11590
OH,Cuyahoga,39035,Seven Hills,11590
OH,Cuyahoga,39035,Brooklyn,10646
OH,Cuyahoga,39035,Bedford Heights,10460
OH,Cuyahoga,39035,Richmond Heights,10342
OH,Cuyahoga,39035,Olmsted Falls,8828
OH,Cuyahoga,39035,Highland Heights,8373
OH,Cuyahoga,39035,Independence,7175
OH,Cuyahoga,39035,Pepper Pike,6330
OH,Cuyahoga,39035,Chagrin Falls,3941
OH,Cuyahoga,39035,Oakwood,3624
OH,Cuyahoga,39035,Mayfield,3337
OH,Cuyahoga,39035,Moreland Hills,3303
OH,Cuyahoga,39035,Orange,3290
OH,Cuyahoga,39035,Walton Hills,2269
OH,Cuyahoga,39035,Gates Mills,2217
OH,Cuyahoga,39035,Newburgh Heights,2049
OH,Cuyahoga,39035,Valley View,1997
OH,Cuyahoga,39035,Brooklyn Heights,1497
OH,Cuyahoga,39035,Bratenahl,1159
OH,Cuyahoga,39035,North Randall,988
OH,Cuyahoga,39035,Highland Hills,960
OH,Cuyahoga,39035,Glenwillow,919
OH,Cuyahoga,39035,Woodmere,853
OH,Cuyahoga,39035,Bentleyville,846
OH,Cuyahoga,39035,Hunting Valley,715
OH,Cuyahoga,39035,Cuyahoga Heights,607
OH,Cuyahoga,39035,Linndale,169
OH,Darke,39037,Greenville,12720
OH,Darke,39037,Versailles,3139
OH,Darke,39037,Arcanum,2008
OH,Darke,39037,Union City,1588
OH,Darke,39037,New Madison,1201
OH,Darke,39037,Ansonia,1121
OH,Darke,39037,Gettysburg,752
OH,Darke,39037,Wayne Lakes,682
OH,Darke,39037,Pitsburg,365
OH,Darke,39037,Osgood,282
OH,Darke,39037,North Star,221
OH,Darke,39037,Hollansburg,216
OH,Darke,39037,Gordon,208
OH,Darke,39037,Rossburg,185
OH,Darke,39037,Palestine,184
OH,Darke,39037,Yorkshire,139
OH,Darke,39037,Castine,135
OH,Darke,39037,New Weston,129
OH,Darke,39037,Ithaca,129
OH,Defiance,39039,Defiance,18460
OH,Defiance,39039,Hicksville,3464
OH,Defiance,39039,Ney,341
OH,Delaware,39041,Delaware,41283
OH,Delaware,39041,Powell,13375
OH,Delaware,39041,Sunbury,6367
OH,Delaware,39041,Ashley,1608
OH,Delaware,39041,Ostrander,749
OH,Delaware,39041,Galena,742
OH,Delaware,39041,Radnor,190
OH,Delaware,39041,Kilbourne,19
OH,Erie,39043,Sandusky,46655
OH,Erie,39043,Vermilion,10394
OH,Erie,39043,Huron,6869
OH,Erie,39043,Milan,1334
OH,Erie,39043,Castalia,815
OH,Erie,39043,Berlin Heights,713
OH,Erie,39043,Bay View,602
OH,Erie,39043,Kelleys Island,311
OH,Erie,39043,Mitiwanga,310
OH,Erie,39043,Whites Landing,291
OH,Erie,39043,Crystal Rock,99
OH,Erie,39043,Beulah Beach,11
OH,Fairfield,39045,Lancaster,44447
OH,Fairfield,39045,Pickerington,22158
OH,Fairfield,39045,Canal Winchester,8818
OH,Fairfield,39045,Baltimore,3548
OH,Fairfield,39045,Lithopolis,1796
OH,Fairfield,39045,Bremen,1452
OH,Fairfield,39045,Millersport,1074
OH,Fairfield,39045,Fairfield Beach,1041
OH,Fairfield,39045,Pleasantville,959
OH,Fairfield,39045,Amanda,738
OH,Fairfield,39045,Thurston,604
OH,Fairfield,39045,Carroll,566
OH,Fairfield,39045,Stoutsville,565
OH,Fairfield,39045,Sugar Grove,426
OH,Fairfield,39045,Rushville,309
OH,Fairfield,39045,West Rushville,143
OH,Fayette,39047,Washington Court House,15059
OH,Fayette,39047,Jeffersonville,1172
OH,Fayette,39047,Bloomingburg,915
OH,Fayette,39047,Good Hope,173
OH,Fayette,39047,Milledgeville,109
OH,Fayette,39047,Pancoastburg,65
OH,Fayette,39047,Octa,58
OH,Franklin,39049,Columbus,1562009
OH,Franklin,39049,Dublin,49037
OH,Franklin,39049,Grove City,41820
OH,Franklin,39049,Westerville,41103
OH,Franklin,39049,Reynoldsburg,38327
OH,Franklin,39049,Hilliard,36534
OH,Franklin,39049,Gahanna,35483
OH,Franklin,39049,Upper Arlington,35366
OH,Franklin,39049,Whitehall,18926
OH,Franklin,39049,Worthington,14692
OH,Franklin,39049,Bexley,13770
OH,Franklin,39049,New Albany,10933
OH,Franklin,39049,Lincoln Village,10549
OH,Franklin,39049,Blacklick Estates,9727
OH,Franklin,39049,Grandview Heights,8333
OH,Franklin,39049,Groveport,5621
OH,Franklin,39049,Obetz,5196
OH,Franklin,39049,Huber Ridge,4468
OH,Franklin,39049,Lake Darby,4220
OH,Franklin,39049,Minerva Park,1321
OH,Franklin,39049,Urbancrest,993
OH,Franklin,39049,Darbydale,862
OH,Franklin,39049,Marble Cliff,732
OH,Franklin,39049,Riverlea,565
OH,Franklin,39049,Harrisburg,341
OH,Franklin,39049,Lockbourne,249
OH,Franklin,39049,Brice,120
OH,Fulton,39051,Wauseon,7410
OH,Fulton,39051,Archbold,4729
OH,Fulton,39051,Swanton,3858
OH,Fulton,39051,Delta,3154
OH,Fulton,39051,Fayette,1241
OH,Fulton,39051,Metamora,608
OH,Fulton,39051,Lyons,548
OH,Fulton,39051,Pettisville,538
OH,Fulton,39051,Tedrow,189
OH,Gallia,39053,Gallipolis,3556
OH,Gallia,39053,Rio Grande,781
OH,Gallia,39053,Crown City,402
OH,Gallia,39053,Vinton,210
OH,Gallia,39053,Kanauga,141
OH,Gallia,39053,Cheshire,128
OH,Geauga,39055,Chardon,8044
OH,Geauga,39055,Middlefield,4869
OH,Geauga,39055,South Russell,3744
OH,Geauga,39055,Bainbridge,3326
OH,Geauga,39055,Chesterland,2215
OH,Geauga,39055,Burton,1451
OH,Geauga,39055,Aquilla,338
OH,Geauga,39055,Parkman,154
OH,Greene,39057,Beavercreek,47741
OH,Greene,39057,Fairborn,33876
OH,Greene,39057,Xenia,26947
OH,Greene,39057,Bellbrook,7344
OH,Greene,39057,Cedarville,4343
OH,Greene,39057,Jamestown,4038
OH,Greene,39057,Yellow Springs,3852
OH,Greene,39057,Wright-Patterson AFB,2387
OH,Greene,39057,Shawnee Hills,2316
OH,Greene,39057,Wilberforce,2311
OH,Greene,39057,Spring Valley,499
OH,Greene,39057,Bowersville,330
OH,Guernsey,39059,Cambridge,14736
OH,Guernsey,39059,Byesville,2352
OH,Guernsey,39059,Quaker City,486
OH,Guernsey,39059,Senecaville,449
OH,Guernsey,39059,Pleasant City,423
OH,Guernsey,39059,Cumberland,349
OH,Guernsey,39059,Buffalo,341
OH,Guernsey,39059,Lore City,308
OH,Guernsey,39059,Old Washington,268
OH,Guernsey,39059,Salesville,89
OH,Guernsey,39059,Fairview,81
OH,Guernsey,39059,Kimbolton,65
OH,Hamilton,39061,Cincinnati,1662691
OH,Hamilton,39061,Norwood,19776
OH,Hamilton,39061,White Oak,19271
OH,Hamilton,39061,Forest Park,18583
OH,Hamilton,39061,Harrison,15518
OH,Hamilton,39061,Bridgetown,14352
OH,Hamilton,39061,Sharonville,13684
OH,Hamilton,39061,Loveland,13145
OH,Hamilton,39061,Monfort Heights,12962
OH,Hamilton,39061,Finneytown,12856
OH,Hamilton,39061,Blue Ash,12372
OH,Hamilton,39061,Mack,11492
OH,Hamilton,39061,Dent,11332
OH,Hamilton,39061,Springdale,11166
OH,Hamilton,39061,Montgomery,10872
OH,Hamilton,39061,Northbrook,10684
OH,Hamilton,39061,Forestville,10415
OH,Hamilton,39061,Reading,10296
OH,Hamilton,39061,North College Hill,9283
OH,Hamilton,39061,Madeira,9245
OH,Hamilton,39061,Wyoming,8562
OH,Hamilton,39061,Cheviot,8209
OH,Hamilton,39061,Dry Run,7555
OH,Hamilton,39061,Kenwood,7344
OH,Hamilton,39061,Groesbeck,7038
OH,Hamilton,39061,Mount Healthy,6736
OH,Hamilton,39061,Northgate,6583
OH,Hamilton,39061,Covedale,6277
OH,Hamilton,39061,Turpin Hills,5870
OH,Hamilton,39061,The Village of Indian Hill,5786
OH,Hamilton,39061,Deer Park,5566
OH,Hamilton,39061,Delhi Hills,5266
OH,Hamilton,39061,New Burlington,5088
OH,Hamilton,39061,Pleasant Run,4887
OH,Hamilton,39061,Cherry Grove,4747
OH,Hamilton,39061,Silverton,4727
OH,Hamilton,39061,Miami Heights,4697
OH,Hamilton,39061,St. Bernard,4336
OH,Hamilton,39061,Pleasant Run Farm,4246
OH,Hamilton,39061,Fruit Hill,4156
OH,Hamilton,39061,Golf Manor,3575
OH,Hamilton,39061,Greenhills,3567
OH,Hamilton,39061,Amberley,3543
OH,Hamilton,39061,Mariemont,3518
OH,Hamilton,39061,Delshire,3483
OH,Hamilton,39061,Dillonvale,3443
OH,Hamilton,39061,Lockland,3441
OH,Hamilton,39061,Woodlawn,3402
OH,Hamilton,39061,Cleves,3375
OH,Hamilton,39061,Lincoln Heights,3349
OH,Hamilton,39061,Sherwood,3328
OH,Hamilton,39061,Salem Heights,3314
OH,Hamilton,39061,Taylor Creek,3307
OH,Hamilton,39061,Dry Ridge,2992
OH,Hamilton,39061,Sixteen Mile Stand,2746
OH,Hamilton,39061,Evendale,2727
OH,Hamilton,39061,Mount Healthy Heights,2724
OH,Hamilton,39061,Newtown,2669
OH,Hamilton,39061,Terrace Park,2295
OH,Hamilton,39061,Skyline Acres,2266
OH,Hamilton,39061,Elmwood Place,2207
OH,Hamilton,39061,Glendale,2181
OH,Hamilton,39061,Rossmoyne,1815
OH,Hamilton,39061,Fairfax,1701
OH,Hamilton,39061,Miamitown,1514
OH,Hamilton,39061,Dunlap,1355
OH,Hamilton,39061,Coldstream,1255
OH,Hamilton,39061,Highpoint,1205
OH,Hamilton,39061,Blue Jay,1190
OH,Hamilton,39061,Grandview,1056
OH,Hamilton,39061,Addyston,936
OH,Hamilton,39061,New Baltimore,899
OH,Hamilton,39061,North Bend,873
OH,Hamilton,39061,Pleasant Hills,828
OH,Hamilton,39061,Arlington Heights,741
OH,Hamilton,39061,Concorde Hills,733
OH,Hamilton,39061,Brecon,486
OH,Hamilton,39061,New Haven,406
OH,Hamilton,39061,Remington,362
OH,Hamilton,39061,Hooven,354
OH,Hamilton,39061,Camp Dennison,335
OH,Hamilton,39061,Elizabethtown,299
OH,Hamilton,39061,Plainville,175
OH,Hancock,39063,Findlay,48469
OH,Hancock,39063,McComb,1638
OH,Hancock,39063,Arlington,1442
OH,Hancock,39063,Arcadia,588
OH,Hancock,39063,Rawson,557
OH,Hancock,39063,Van Buren,500
OH,Hancock,39063,Mount Blanchard,486
OH,Hancock,39063,Vanlue,355
OH,Hancock,39063,Benton Ridge,292
OH,Hancock,39063,Jenera,215
OH,Hancock,39063,Mount Cory,196
OH,Hardin,39065,Kenton,8276
OH,Hardin,39065,Ada,5544
OH,Hardin,39065,Forest,1431
OH,Hardin,39065,Dunkirk,840
OH,Hardin,39065,Alger,839
OH,Hardin,39065,Mount Victory,606
OH,Hardin,39065,McGuffey,487
OH,Hardin,39065,Ridgeway,329
OH,Hardin,39065,Dola,149
OH,Hardin,39065,Patterson,133
OH,Harrison,39067,Cadiz,3161
OH,Harrison,39067,Hopedale,903
OH,Harrison,39067,Scio,716
OH,Harrison,39067,Jewett,651
OH,Harrison,39067,Bowerston,378
OH,Harrison,39067,Freeport,350
OH,Harrison,39067,New Athens,308
OH,Harrison,39067,Harrisville,223
OH,Harrison,39067,Tippecanoe,98
OH,Harrison,39067,Deersville,75
OH,Henry,39069,Napoleon,8207
OH,Henry,39069,Deshler,1721
OH,Henry,39069,Liberty Center,1121
OH,Henry,39069,Holgate,1059
OH,Henry,39069,McClure,680
OH,Henry,39069,Hamler,555
OH,Henry,39069,Ridgeville Corners,365
OH,Henry,39069,Malinta,252
OH,Henry,39069,Florida,214
OH,Henry,39069,New Bavaria,93
OH,Highland,39071,Hillsboro,6616
OH,Highland,39071,Greenfield,5008
OH,Highland,39071,Lynchburg,1483
OH,Highland,39071,Leesburg,1323
OH,Highland,39071,Rocky Fork Point,680
OH,Highland,39071,Highland Holiday,510
OH,Highland,39071,Mowrystown,352
OH,Highland,39071,Highland,250
OH,Highland,39071,Buford,190
OH,Highland,39071,Sinking Spring,133
OH,Hocking,39073,Logan,7930
OH,Hocking,39073,Hide-A-Way Hills,900
OH,Hocking,39073,Laurelville,503
OH,Hocking,39073,Murray City,435
OH,Hocking,39073,Haydenville,419
OH,Hocking,39073,Carbon Hill,291
OH,Hocking,39073,Rockbridge,64
OH,Holmes,39075,Millersburg,3200
OH,Holmes,39075,Walnut Creek,1107
OH,Holmes,39075,Killbuck,919
OH,Holmes,39075,Berlin,721
OH,Holmes,39075,Lake Buckhorn,622
OH,Holmes,39075,Holmesville,402
OH,Holmes,39075,Glenmont,297
OH,Holmes,39075,Winesburg,238
OH,Holmes,39075,Nashville,187
OH,Huron,39077,Norwalk,20629
OH,Huron,39077,Bellevue,8094
OH,Huron,39077,Willard,6086
OH,Huron,39077,New London,2358
OH,Huron,39077,Plymouth,1801
OH,Huron,39077,Greenwich,1422
OH,Huron,39077,Monroeville,1350
OH,Huron,39077,Wakeman,1032
OH,Huron,39077,Holiday Lakes,620
OH,Huron,39077,North Fairfield,534
OH,Huron,39077,Collins,480
OH,Huron,39077,Celeryville,107
OH,Jackson,39079,Jackson,11462
OH,Jackson,39079,Wellston,5507
OH,Jackson,39079,Oak Hill,1522
OH,Jackson,39079,Coalton,473
OH,Jefferson,39081,Steubenville,17753
OH,Jefferson,39081,Toronto,4923
OH,Jefferson,39081,Wintersville,3669
OH,Jefferson,39081,Mingo Junction,3205
OH,Jefferson,39081,Brilliant,1479
OH,Jefferson,39081,Tiltonsville,1274
OH,Jefferson,39081,Smithfield,790
OH,Jefferson,39081,Adena,704
OH,Jefferson,39081,Bergholz,615
OH,Jefferson,39081,Amsterdam,472
OH,Jefferson,39081,Richmond,446
OH,Jefferson,39081,Mount Pleasant,443
OH,Jefferson,39081,Rayland,393
OH,Jefferson,39081,Irondale,358
OH,Jefferson,39081,Empire,280
OH,Jefferson,39081,Stratton,275
OH,Jefferson,39081,East Springfield,264
OH,Jefferson,39081,New Alexandria,252
OH,Jefferson,39081,Connorville,241
OH,Jefferson,39081,Bloomingdale,188
OH,Jefferson,39081,Pottery Addition,147
OH,Knox,39083,Mount Vernon,21864
OH,Knox,39083,Apple Valley,5337
OH,Knox,39083,Fredericktown,2525
OH,Knox,39083,Gambier,2486
OH,Knox,39083,Centerburg,2226
OH,Knox,39083,Danville,1015
OH,Knox,39083,Martinsburg,233
OH,Knox,39083,Howard,183
OH,Knox,39083,Bladensburg,134
OH,Knox,39083,Gann,121
OH,Lake,39085,Mentor,47262
OH,Lake,39085,Willoughby,22977
OH,Lake,39085,Painesville,19886
OH,Lake,39085,Eastlake,18042
OH,Lake,39085,Willowick,14105
OH,Lake,39085,Wickliffe,12744
OH,Lake,39085,Willoughby Hills,9553
OH,Lake,39085,North Madison,8630
OH,Lake,39085,Mentor-on-the-Lake,7390
OH,Lake,39085,Kirtland,6812
OH,Lake,39085,Madison,3166
OH,Lake,39085,Fairport Harbor,3067
OH,Lake,39085,Perry,1626
OH,Lake,39085,North Perry,884
OH,Lake,39085,Timberlake,648
OH,Lake,39085,Kirtland Hills,644
OH,Lake,39085,Waite Hill,455
OH,Lake,39085,Grand River,402
OH,Lake,39085,Lakeline,217
OH,Lawrence,39087,Ironton,10532
OH,Lawrence,39087,South Point,3839
OH,Lawrence,39087,Burlington,2521
OH,Lawrence,39087,Coal Grove,2074
OH,Lawrence,39087,Chesapeake,702
OH,Lawrence,39087,Proctorville,542
OH,Lawrence,39087,Athalia,354
OH,Lawrence,39087,Hanging Rock,209
OH,Licking,39089,Newark,80451
OH,Licking,39089,Pataskala,15883
OH,Licking,39089,Heath,10942
OH,Licking,39089,Granville,5916
OH,Licking,39089,Johnstown,5098
OH,Licking,39089,Beechwood Trails,3106
OH,Licking,39089,Buckeye Lake,2871
OH,Licking,39089,Hebron,2477
OH,Licking,39089,Utica,2260
OH,Licking,39089,Harbor Hills,1510
OH,Licking,39089,Granville South,1506
OH,Licking,39089,Hanover,1204
OH,Licking,39089,Etna,984
OH,Licking,39089,Kirkersville,552
OH,Licking,39089,Alexandria,542
OH,Licking,39089,Marne,540
OH,Licking,39089,Hartford,410
OH,Licking,39089,St. Louisville,386
OH,Licking,39089,Gratiot,220
OH,Licking,39089,Brownsville,116
OH,Logan,39091,Bellefontaine,13249
OH,Logan,39091,Russells Point,6517
OH,Logan,39091,West Liberty,1799
OH,Logan,39091,De Graff,1276
OH,Logan,39091,Lakeview,1106
OH,Logan,39091,Belle Center,818
OH,Logan,39091,Quincy,704
OH,Logan,39091,Chippewa Park,702
OH,Logan,39091,West Mansfield,678
OH,Logan,39091,Rushsylvania,530
OH,Logan,39091,Huntsville,446
OH,Logan,39091,East Liberty,320
OH,Logan,39091,Lewistown,267
OH,Logan,39091,Valley Hi,218
OH,Logan,39091,Zanesfield,196
OH,Lorain,39093,Lorain,180279
OH,Lorain,39093,Elyria,53757
OH,Lorain,39093,North Ridgeville,34392
OH,Lorain,39093,Avon Lake,24504
OH,Lorain,39093,Avon,23399
OH,Lorain,39093,Amherst,12219
OH,Lorain,39093,Sheffield Lake,8916
OH,Lorain,39093,Oberlin,8199
OH,Lorain,39093,Grafton,5707
OH,Lorain,39093,Wellington,4955
OH,Lorain,39093,Sheffield,4402
OH,Lorain,39093,LaGrange,3826
OH,Lorain,39093,South Amherst,1675
OH,Lorain,39093,Eaton Estates,1366
OH,Lorain,39093,Pheasant Run,1135
OH,Lorain,39093,Kipton,233
OH,Lorain,39093,Rochester,175
OH,Lucas,39095,Toledo,482111
OH,Lucas,39095,Oregon,20055
OH,Lucas,39095,Sylvania,19311
OH,Lucas,39095,Maumee,13669
OH,Lucas,39095,Waterville,5539
OH,Lucas,39095,Whitehouse,4845
OH,Lucas,39095,Ottawa Hills,4488
OH,Lucas,39095,Holland,1655
OH,Lucas,39095,Neapolis,475
OH,Lucas,39095,Berkey,236
OH,Lucas,39095,Harbor View,106
OH,Madison,39097,London,14870
OH,Madison,39097,West Jefferson,4797
OH,Madison,39097,Plain City,4586
OH,Madison,39097,Choctaw Lake,1999
OH,Madison,39097,Mount Sterling,1793
OH,Madison,39097,South Solon,364
OH,Madison,39097,Midway,328
OH,Madison,39097,Plumwood,307
OH,Mahoning,39099,Youngstown,378732
OH,Mahoning,39099,Boardman,34431
OH,Mahoning,39099,Austintown,28488
OH,Mahoning,39099,Struthers,10111
OH,Mahoning,39099,Campbell,7785
OH,Mahoning,39099,Canfield,7176
OH,Mahoning,39099,Sebring,4186
OH,Mahoning,39099,Poland,2378
OH,Mahoning,39099,New Middletown,1550
OH,Mahoning,39099,Craig Beach,1110
OH,Mahoning,39099,Lowellville,1092
OH,Mahoning,39099,Beloit,924
OH,Mahoning,39099,Maple Ridge,743
OH,Mahoning,39099,Lake Milton,635
OH,Mahoning,39099,Damascus,278
OH,Marion,39101,Marion,45181
OH,Marion,39101,Prospect,1058
OH,Marion,39101,La Rue,714
OH,Marion,39101,Caledonia,557
OH,Marion,39101,New Bloomington,511
OH,Marion,39101,Morral,382
OH,Marion,39101,Green Camp,355
OH,Marion,39101,Waldo,324
OH,Medina,39103,Brunswick,34880
OH,Medina,39103,Medina,25956
OH,Medina,39103,Wadsworth,24046
OH,Medina,39103,Seville,7812
OH,Medina,39103,Lodi,2899
OH,Medina,39103,Westfield Center,1179
OH,Medina,39103,Spencer,789
OH,Medina,39103,Chippewa Lake,745
OH,Medina,39103,Valley City,520
OH,Medina,39103,Gloria Glens Park,445
OH,Meigs,39105,Middleport,8145
OH,Meigs,39105,Pomeroy,1757
OH,Meigs,39105,Syracuse,816
OH,Meigs,39105,Racine,664
OH,Meigs,39105,Tuppers Plains,401
OH,Meigs,39105,Rutland,378
OH,Mercer,39107,Celina,11285
OH,Mercer,39107,Coldwater,4609
OH,Mercer,39107,St. Henry,2555
OH,Mercer,39107,Fort Recovery,1458
OH,Mercer,39107,Rockford,1104
OH,Mercer,39107,Mendon,641
OH,Mercer,39107,Chickasaw,292
OH,Mercer,39107,Burkettsville,273
OH,Mercer,39107,Montezuma,157
OH,Miami,39109,Troy,26281
OH,Miami,39109,Piqua,21936
OH,Miami,39109,Tipp City,10115
OH,Miami,39109,West Milton,4828
OH,Miami,39109,Covington,2857
OH,Miami,39109,Bradford,1866
OH,Miami,39109,Pleasant Hill,1254
OH,Miami,39109,Laura,494
OH,Miami,39109,Fletcher,483
OH,Miami,39109,Potsdam,297
OH,Miami,39109,Casstown,278
OH,Miami,39109,Ludlow Falls,216
OH,Monroe,39111,Woodsfield,2217
OH,Monroe,39111,Sardis,677
OH,Monroe,39111,Beallsville,380
OH,Monroe,39111,Clarington,363
OH,Monroe,39111,Hannibal,325
OH,Monroe,39111,Lewisville,164
OH,Monroe,39111,Jerusalem,150
OH,Monroe,39111,Wilson,116
OH,Monroe,39111,Antioch,79
OH,Monroe,39111,Stafford,75
OH,Monroe,39111,Graysville,72
OH,Monroe,39111,Miltonsburg,40
OH,Montgomery,39113,Dayton,718353
OH,Montgomery,39113,Kettering,54855
OH,Montgomery,39113,Huber Heights,38154
OH,Montgomery,39113,Riverside,25133
OH,Montgomery,39113,Trotwood,24403
OH,Montgomery,39113,Centerville,23703
OH,Montgomery,39113,Miamisburg,20143
OH,Montgomery,39113,Vandalia,14997
OH,Montgomery,39113,Englewood,13435
OH,Montgomery,39113,Clayton,13222
OH,Montgomery,39113,West Carrollton,12864
OH,Montgomery,39113,Oakwood,8936
OH,Montgomery,39113,Union,6891
OH,Montgomery,39113,Moraine,6470
OH,Montgomery,39113,Brookville,5874
OH,Montgomery,39113,Germantown,5519
OH,Montgomery,39113,New Lebanon,4067
OH,Montgomery,39113,Drexel,2064
OH,Montgomery,39113,Farmersville,1002
OH,Montgomery,39113,Phillipsburg,550
OH,Morgan,39115,McConnelsville,2600
OH,Morgan,39115,Malta,640
OH,Morgan,39115,Stockport,483
OH,Morgan,39115,Chesterhill,275
OH,Morgan,39115,Rose Farm,111
OH,Morrow,39117,Mount Gilead,3903
OH,Morrow,39117,Cardington,2071
OH,Morrow,39117,Candlewood Lake,630
OH,Morrow,39117,Iberia,529
OH,Morrow,39117,Edison,443
OH,Morrow,39117,Marengo,341
OH,Morrow,39117,Fulton,255
OH,Morrow,39117,Chesterville,232
OH,Morrow,39117,Sparta,160
OH,Muskingum,39119,Zanesville,41589
OH,Muskingum,39119,New Concord,2626
OH,Muskingum,39119,North Zanesville,2423
OH,Muskingum,39119,South Zanesville,2095
OH,Muskingum,39119,Roseville,1839
OH,Muskingum,39119,Dresden,1691
OH,Muskingum,39119,Pleasant Grove,1537
OH,Muskingum,39119,Frazeysburg,1316
OH,Muskingum,39119,Duncan Falls,1169
OH,Muskingum,39119,Philo,728
OH,Muskingum,39119,East Fultonham,386
OH,Muskingum,39119,Trinway,184
OH,Muskingum,39119,Fultonham,161
OH,Muskingum,39119,Adamsville,124
OH,Muskingum,39119,Norwich,101
OH,Noble,39121,Caldwell,5374
OH,Noble,39121,Summerfield,248
OH,Noble,39121,Belle Valley,218
OH,Noble,39121,Sarahsville,169
OH,Noble,39121,Dexter City,122
OH,Noble,39121,Batesville,99
OH,Ottawa,39123,Port Clinton,13614
OH,Ottawa,39123,Genoa,3039
OH,Ottawa,39123,Oak Harbor,2740
OH,Ottawa,39123,Elmore,1396
OH,Ottawa,39123,Curtice,1240
OH,Ottawa,39123,Marblehead,864
OH,Ottawa,39123,Lakeside,741
OH,Ottawa,39123,Williston,423
OH,Ottawa,39123,Rocky Ridge,407
OH,Ottawa,39123,Clay Center,302
OH,Ottawa,39123,Put-in-Bay,141
OH,Paulding,39125,Paulding,3423
OH,Paulding,39125,Antwerp,1683
OH,Paulding,39125,Payne,1139
OH,Paulding,39125,Oakwood,587
OH,Paulding,39125,Grover Hill,376
OH,Paulding,39125,Melrose,260
OH,Paulding,39125,Haviland,201
OH,Paulding,39125,Latty,183
OH,Paulding,39125,Cecil,178
OH,Paulding,39125,Broughton,113
OH,Perry,39127,New Lexington,4876
OH,Perry,39127,Crooksville,4765
OH,Perry,39127,Somerset,1455
OH,Perry,39127,Thornville,1008
OH,Perry,39127,Thornport,997
OH,Perry,39127,Junction City,805
OH,Perry,39127,New Straitsville,710
OH,Perry,39127,Shawnee,642
OH,Perry,39127,Corning,568
OH,Perry,39127,Glenford,169
OH,Perry,39127,Hemlock,152
OH,Perry,39127,Rendville,36
OH,Pickaway,39129,Circleville,15792
OH,Pickaway,39129,Ashville,6658
OH,Pickaway,39129,South Bloomfield,1979
OH,Pickaway,39129,Commercial Point,1679
OH,Pickaway,39129,Logan Elm Village,1188
OH,Pickaway,39129,Williamsport,1074
OH,Pickaway,39129,New Holland,851
OH,Pickaway,39129,Derby,404
OH,Pickaway,39129,Tarlton,290
OH,Pickaway,39129,Orient,235
OH,Pickaway,39129,Darbyville,229
OH,Pike,39131,Waverly,4236
OH,Pike,39131,Piketon,2140
OH,Pike,39131,Beaver,432
OH,Portage,39133,Kent,29646
OH,Portage,39133,Streetsboro,16478
OH,Portage,39133,Aurora,16338
OH,Portage,39133,Ravenna,11361
OH,Portage,39133,Garrettsville,6123
OH,Portage,39133,Brimfield,3513
OH,Portage,39133,Windham,2202
OH,Portage,39133,Hiram,1159
OH,Portage,39133,Atwater,1093
OH,Portage,39133,Mantua,1020
OH,Portage,39133,Sugar Bush Knolls,183
OH,Preble,39135,Eaton,8145
OH,Preble,39135,Lake Lakengren,3405
OH,Preble,39135,Camden,1973
OH,Preble,39135,Lewisburg,1746
OH,Preble,39135,New Paris,1572
OH,Preble,39135,West Alexandria,1325
OH,Preble,39135,Gratis,843
OH,Preble,39135,Eldorado,490
OH,Preble,39135,Verona,478
OH,Preble,39135,West Manchester,446
OH,Preble,39135,College Corner,417
OH,Preble,39135,West Elkton,188
OH,Putnam,39137,Ottawa,5147
OH,Putnam,39137,Columbus Grove,2079
OH,Putnam,39137,Leipsic,2022
OH,Putnam,39137,Kalida,1587
OH,Putnam,39137,Pandora,1107
OH,Putnam,39137,Continental,1101
OH,Putnam,39137,Glandorf,1025
OH,Putnam,39137,Ottoville,964
OH,Putnam,39137,Fort Jennings,488
OH,Putnam,39137,Dupont,303
OH,Putnam,39137,Vaughnsville,197
OH,Putnam,39137,West Leipsic,190
OH,Putnam,39137,Gilboa,180
OH,Putnam,39137,Cloverdale,160
OH,Putnam,39137,Belmore,144
OH,Putnam,39137,Miller City,142
OH,Richland,39139,Mansfield,73326
OH,Richland,39139,Shelby,9031
OH,Richland,39139,Ontario,6084
OH,Richland,39139,Lexington,4682
OH,Richland,39139,Butler,894
OH,Richland,39139,Shiloh,619
OH,Richland,39139,Lucas,592
OH,Ross,39141,Chillicothe,31999
OH,Ross,39141,Frankfort,1048
OH,Ross,39141,Kingston,1017
OH,Ross,39141,Andersonville,763
OH,Ross,39141,Richmond Dale,582
OH,Ross,39141,Clarksburg,444
OH,Ross,39141,Adelphi,375
OH,Ross,39141,Bourneville,223
OH,Ross,39141,South Salem,201
OH,Sandusky,39143,Fremont,22191
OH,Sandusky,39143,Clyde,6166
OH,Sandusky,39143,Ballville,2744
OH,Sandusky,39143,Gibsonburg,2496
OH,Sandusky,39143,Woodville,2016
OH,Sandusky,39143,Bellville,1931
OH,Sandusky,39143,Stony Prairie,1449
OH,Sandusky,39143,Green Springs,1306
OH,Sandusky,39143,Lindsey,422
OH,Sandusky,39143,Helena,209
OH,Sandusky,39143,Hessville,166
OH,Sandusky,39143,Burgoon,164
OH,Sandusky,39143,Vickery,142
OH,Sandusky,39143,Wightmans Grove,43
OH,Scioto,39145,Portsmouth,36111
OH,Scioto,39145,Wheelersburg,6082
OH,Scioto,39145,West Portsmouth,3213
OH,Scioto,39145,New Boston,2099
OH,Scioto,39145,Rosemount,2053
OH,Scioto,39145,Franklin Furnace,1559
OH,Scioto,39145,Lucasville,1503
OH,Scioto,39145,Sciotodale,861
OH,Scioto,39145,South Webster,805
OH,Scioto,39145,Minford,644
OH,Scioto,39145,Clarktown,596
OH,Scioto,39145,McDermott,394
OH,Scioto,39145,Friendship,367
OH,Scioto,39145,Rarden,147
OH,Scioto,39145,Otway,82
OH,Seneca,39147,Tiffin,19130
OH,Seneca,39147,Fostoria,14458
OH,Seneca,39147,Bloomville,911
OH,Seneca,39147,Attica,861
OH,Seneca,39147,Bettsville,622
OH,Seneca,39147,Republic,520
OH,Seneca,39147,Bascom,330
OH,Seneca,39147,Old Fort,242
OH,Seneca,39147,New Riegel,236
OH,Seneca,39147,McCutchenville,233
OH,Seneca,39147,Fort Seneca,184
OH,Seneca,39147,Flat Rock,177
OH,Seneca,39147,Melmore,78
OH,Seneca,39147,Kansas,52
OH,Shelby,39149,Sidney,21148
OH,Shelby,39149,Fort Loramie,1523
OH,Shelby,39149,Anna,1520
OH,Shelby,39149,Jackson Center,1465
OH,Shelby,39149,Botkins,1158
OH,Shelby,39149,Russia,664
OH,Shelby,39149,Port Jefferson,361
OH,Shelby,39149,Kettlersville,170
OH,Shelby,39149,Lockington,136
OH,Stark,39151,Canton,269418
OH,Stark,39151,Massillon,32584
OH,Stark,39151,Alliance,31255
OH,Stark,39151,North Canton,17176
OH,Stark,39151,Louisville,9360
OH,Stark,39151,Perry Heights,8575
OH,Stark,39151,Canal Fulton,5408
OH,Stark,39151,Minerva,4456
OH,Stark,39151,Greentown,3815
OH,Stark,39151,Uniontown,3241
OH,Stark,39151,Hartville,3079
OH,Stark,39151,Richville,3054
OH,Stark,39151,Brewster,2153
OH,Stark,39151,Navarre,1812
OH,Stark,39151,East Canton,1576
OH,Stark,39151,Beach City,981
OH,Stark,39151,Magnolia,962
OH,Stark,39151,Waynesburg,908
OH,Stark,39151,East Sparta,799
OH,Stark,39151,Meyers Lake,565
OH,Stark,39151,Marlboro,344
OH,Stark,39151,Wilmot,304
OH,Stark,39151,Robertsville,260
OH,Stark,39151,Hills and Dales,221
OH,Stark,39151,North Lawrence,164
OH,Stark,39151,Limaville,144
OH,Summit,39153,Akron,565208
OH,Summit,39153,Cuyahoga Falls,49106
OH,Summit,39153,Stow,34785
OH,Summit,39153,Barberton,25953
OH,Summit,39153,Green,25752
OH,Summit,39153,Hudson,22237
OH,Summit,39153,Twinsburg,18856
OH,Summit,39153,Tallmadge,17519
OH,Summit,39153,New Franklin,14133
OH,Summit,39153,Macedonia,12000
OH,Summit,39153,Norton,11966
OH,Summit,39153,Fairlawn,7514
OH,Summit,39153,Portage Lakes,7087
OH,Summit,39153,Munroe Falls,5063
OH,Summit,39153,Montrose-Ghent,4986
OH,Summit,39153,Reminderville,4517
OH,Summit,39153,Mogadore,3821
OH,Summit,39153,Northfield,3663
OH,Summit,39153,Richfield,3644
OH,Summit,39153,Lakemore,3072
OH,Summit,39153,Silver Lake,2494
OH,Summit,39153,Sawyerwood,1613
OH,Summit,39153,Boston Heights,1314
OH,Summit,39153,Clinton,1209
OH,Summit,39153,Pigeon Creek,827
OH,Summit,39153,Twinsburg Heights,679
OH,Summit,39153,Peninsula,554
OH,Trumbull,39155,Warren,38752
OH,Trumbull,39155,Niles,18176
OH,Trumbull,39155,Girard,9227
OH,Trumbull,39155,Hubbard,7419
OH,Trumbull,39155,Cortland,6768
OH,Trumbull,39155,Howland Center,6269
OH,Trumbull,39155,Champion Heights,6233
OH,Trumbull,39155,Newton Falls,4471
OH,Trumbull,39155,Mineral Ridge,3448
OH,Trumbull,39155,Lordstown,3258
OH,Trumbull,39155,McDonald,3040
OH,Trumbull,39155,Bolindale,2398
OH,Trumbull,39155,Churchill,2309
OH,Trumbull,39155,West Hill,2033
OH,Trumbull,39155,Masury,1921
OH,Trumbull,39155,Leavittsburg,1602
OH,Trumbull,39155,Brookfield Center,1403
OH,Trumbull,39155,South Canal,940
OH,Trumbull,39155,Hilltop,912
OH,Trumbull,39155,Morgandale,811
OH,Trumbull,39155,Kinsman Center,583
OH,Trumbull,39155,Vienna Center,546
OH,Trumbull,39155,McKinley Heights,541
OH,Trumbull,39155,West Farmington,484
OH,Trumbull,39155,Maplewood Park,286
OH,Trumbull,39155,Orangeville,174
OH,Trumbull,39155,Yankee Lake,75
OH,Tuscarawas,39157,New Philadelphia,46698
OH,Tuscarawas,39157,Dover,12723
OH,Tuscarawas,39157,Uhrichsville,5314
OH,Tuscarawas,39157,Newcomerstown,4076
OH,Tuscarawas,39157,Bolivar,3626
OH,Tuscarawas,39157,Strasburg,2688
OH,Tuscarawas,39157,Dennison,2594
OH,Tuscarawas,39157,Sugarcreek,2234
OH,Tuscarawas,39157,Gnadenhutten,1258
OH,Tuscarawas,39157,Tuscarawas,1053
OH,Tuscarawas,39157,Baltic,776
OH,Tuscarawas,39157,Midvale,744
OH,Tuscarawas,39157,Mineral City,708
OH,Tuscarawas,39157,Port Washington,565
OH,Tuscarawas,39157,Barnhill,391
OH,Tuscarawas,39157,Sandyville,218
OH,Tuscarawas,39157,Roswell,215
OH,Tuscarawas,39157,Parral,212
OH,Tuscarawas,39157,Dundee,209
OH,Tuscarawas,39157,Zoar,178
OH,Tuscarawas,39157,Stone Creek,171
OH,Union,39159,Marysville,24949
OH,Union,39159,Richwood,2480
OH,Union,39159,New California,1400
OH,Union,39159,Milford Center,902
OH,Union,39159,Magnetic Springs,298
OH,Union,39159,Unionville Center,229
OH,Union,39159,Raymond,185
OH,Van Wert,39161,Van Wert,10676
OH,Van Wert,39161,Convoy,1059
OH,Van Wert,39161,Ohio City,677
OH,Van Wert,39161,Middle Point,562
OH,Van Wert,39161,Willshire,381
OH,Van Wert,39161,Scott,273
OH,Van Wert,39161,Wren,187
OH,Van Wert,39161,Venedocia,119
OH,Van Wert,39161,Elgin,56
OH,Vinton,39163,McArthur,1643
OH,Vinton,39163,Hamden,864
OH,Vinton,39163,Zaleski,271
OH,Vinton,39163,Wilkesville,144
OH,Warren,39165,Mason,33870
OH,Warren,39165,Lebanon,20659
OH,Warren,39165,Springboro,18931
OH,Warren,39165,Franklin,11612
OH,Warren,39165,Landen,7500
OH,Warren,39165,Carlisle,5446
OH,Warren,39165,South Lebanon,4668
OH,Warren,39165,Waynesville,3181
OH,Warren,39165,Hunter,2251
OH,Warren,39165,Loveland Park,1974
OH,Warren,39165,Five Points,1849
OH,Warren,39165,Kings Mills,1511
OH,Warren,39165,Morrow,1325
OH,Warren,39165,Maineville,1107
OH,Warren,39165,Harveysburg,567
OH,Warren,39165,Corwin,473
OH,Warren,39165,Pleasant Plain,168
OH,Warren,39165,Butlerville,162
OH,Washington,39167,Marietta,21267
OH,Washington,39167,Belpre,6386
OH,Washington,39167,Devola,2702
OH,Washington,39167,Beverly,1332
OH,Washington,39167,Reno,1175
OH,Washington,39167,Newport,949
OH,Washington,39167,Matamoras,865
OH,Washington,39167,Little Hocking,647
OH,Washington,39167,Lowell,531
OH,Washington,39167,Waterford,464
OH,Washington,39167,Vincent,337
OH,Washington,39167,Macksburg,182
OH,Washington,39167,Lower Salem,82
OH,Wayne,39169,Wooster,30750
OH,Wayne,39169,Orrville,8603
OH,Wayne,39169,Rittman,6506
OH,Wayne,39169,Doylestown,3067
OH,Wayne,39169,Dalton,2676
OH,Wayne,39169,Creston,2170
OH,Wayne,39169,Shreve,1520
OH,Wayne,39169,West Salem,1511
OH,Wayne,39169,Smithville,1259
OH,Wayne,39169,Apple Creek,1180
OH,Wayne,39169,Kidron,993
OH,Wayne,39169,Marshallville,776
OH,Wayne,39169,New Pittsburg,422
OH,Wayne,39169,Fredericksburg,412
OH,Wayne,39169,Sterling,367
OH,Wayne,39169,Mount Eaton,234
OH,Wayne,39169,Burbank,198
OH,Wayne,39169,Congress,177
OH,Williams,39171,Bryan,9401
OH,Williams,39171,Montpelier,3924
OH,Williams,39171,Edgerton,1999
OH,Williams,39171,West Unity,1672
OH,Williams,39171,Pioneer,1399
OH,Williams,39171,Stryker,1300
OH,Williams,39171,Edon,810
OH,Williams,39171,Lake Seneca,540
OH,Williams,39171,Kunkle,326
OH,Williams,39171,Nettle Lake,239
OH,Williams,39171,Alvordton,164
OH,Williams,39171,Pulaski,107
OH,Williams,39171,Blakeslee,91
OH,Williams,39171,Holiday City,47
OH,Wood,39173,Bowling Green,32249
OH,Wood,39173,Perrysburg,21626
OH,Wood,39173,Rossford,6562
OH,Wood,39173,Northwood,5434
OH,Wood,39173,North Baltimore,3588
OH,Wood,39173,Walbridge,3153
OH,Wood,39173,Weston,1647
OH,Wood,39173,Pemberville,1420
OH,Wood,39173,Millbury,1247
OH,Wood,39173,Haskins,1237
OH,Wood,39173,Luckey,1044
OH,Wood,39173,Bradner,1018
OH,Wood,39173,Grand Rapids,1004
OH,Wood,39173,Wayne,921
OH,Wood,39173,Bloomdale,683
OH,Wood,39173,Risingsun,629
OH,Wood,39173,Cygnet,618
OH,Wood,39173,Rudolph,546
OH,Wood,39173,Stony Ridge,521
OH,Wood,39173,Portage,480
OH,Wood,39173,Jerry City,436
OH,Wood,39173,Tontogany,382
OH,Wood,39173,Hoytville,317
OH,Wood,39173,Custar,184
OH,Wood,39173,West Millgrove,176
OH,Wood,39173,Milton Center,146
OH,Wood,39173,Bairdstown,134
OH,Wyandot,39175,Upper Sandusky,6440
OH,Wyandot,39175,Carey,3554
OH,Wyandot,39175,Sycamore,814
OH,Wyandot,39175,Nevada,729
OH,Wyandot,39175,Wharton,338
OH,Wyandot,39175,Harpster,192
OH,Wyandot,39175,Kirby,110
OH,Wyandot,39175,Marseilles,107
OK,Adair,40001,Stilwell,4060
OK,Adair,40001,Westville,1551
OK,Adair,40001,Cherry Tree,1058
OK,Adair,40001,Fairfield,613
OK,Adair,40001,Rocky Mountain,514
OK,Adair,40001,Wauhillau,474
OK,Adair,40001,Proctor,454
OK,Adair,40001,Old Green,396
OK,Adair,40001,Bell,379
OK,Adair,40001,Peavine,377
OK,Adair,40001,Titanic,349
OK,Adair,40001,Greasy,323
OK,Adair,40001,Watts,313
OK,Adair,40001,West Peavine,279
OK,Adair,40001,Lyons Switch,269
OK,Adair,40001,Elm Grove,231
OK,Adair,40001,Chewey,178
OK,Adair,40001,Christie,139
OK,Adair,40001,Mulberry,130
OK,Adair,40001,Piney,48
OK,Adair,40001,Zion,45
OK,Alfalfa,40003,Cherokee,1489
OK,Alfalfa,40003,Helena,1415
OK,Alfalfa,40003,Carmen,358
OK,Alfalfa,40003,Goltry,253
OK,Alfalfa,40003,Jet,217
OK,Alfalfa,40003,Aline,212
OK,Alfalfa,40003,Burlington,159
OK,Alfalfa,40003,Nescatunga,80
OK,Alfalfa,40003,Amorita,38
OK,Alfalfa,40003,Byron,35
OK,Alfalfa,40003,Lambert,6
OK,Atoka,40005,Atoka,3015
OK,Atoka,40005,Stringtown,403
OK,Atoka,40005,Tushka,394
OK,Atoka,40005,Lane,243
OK,Atoka,40005,Caney,198
OK,Atoka,40005,Wardville,25
OK,Beaver,40007,Beaver,1399
OK,Beaver,40007,Forgan,529
OK,Beaver,40007,Turpin,412
OK,Beaver,40007,Gate,87
OK,Beaver,40007,Knowles,10
OK,Beckham,40009,Elk City,11577
OK,Beckham,40009,Sayre,4486
OK,Beckham,40009,Erick,999
OK,Beckham,40009,Carter,251
OK,Beckham,40009,Sweetwater,83
OK,Beckham,40009,Texola,35
OK,Blaine,40011,Watonga,2841
OK,Blaine,40011,Geary,1265
OK,Blaine,40011,Okeene,1138
OK,Blaine,40011,Hydro,937
OK,Blaine,40011,Canton,589
OK,Blaine,40011,Longdale,265
OK,Blaine,40011,Hitchcock,114
OK,Blaine,40011,Greenfield,89
OK,Bryan,40013,Durant,19315
OK,Bryan,40013,Calera,2370
OK,Bryan,40013,Colbert,1252
OK,Bryan,40013,Caddo,1104
OK,Bryan,40013,Bokchito,687
OK,Bryan,40013,Cartwright,626
OK,Bryan,40013,Achille,540
OK,Bryan,40013,Bennington,366
OK,Bryan,40013,Silo,365
OK,Bryan,40013,Platter,250
OK,Bryan,40013,Blue,226
OK,Bryan,40013,Kenefic,217
OK,Bryan,40013,Kemp,144
OK,Bryan,40013,Mead,134
OK,Bryan,40013,Armstrong,116
OK,Bryan,40013,Hendrix,85
OK,Bryan,40013,Albany,64
OK,Caddo,40015,Anadarko,6504
OK,Caddo,40015,Hinton,3219
OK,Caddo,40015,Carnegie,1645
OK,Caddo,40015,Apache,1393
OK,Caddo,40015,Cyril,1011
OK,Caddo,40015,Binger,632
OK,Caddo,40015,Fort Cobb,609
OK,Caddo,40015,Cement,475
OK,Caddo,40015,Eakly,325
OK,Caddo,40015,Gracemont,306
OK,Caddo,40015,Lookeba,162
OK,Caddo,40015,Bridgeport,109
OK,Canadian,40017,Yukon,28084
OK,Canadian,40017,Mustang,22959
OK,Canadian,40017,El Reno,19965
OK,Canadian,40017,Piedmont,8551
OK,Canadian,40017,Union City,2157
OK,Canadian,40017,Okarche,1331
OK,Canadian,40017,Calumet,604
OK,Carter,40019,Ardmore,24698
OK,Carter,40019,Lone Grove,5121
OK,Carter,40019,Healdton,2683
OK,Carter,40019,Wilson,1695
OK,Carter,40019,Dickson,1248
OK,Carter,40019,Springer,691
OK,Carter,40019,Gene Autry,165
OK,Carter,40019,Tatums,149
OK,Carter,40019,Ratliff City,117
OK,Cherokee,40021,Tahlequah,19773
OK,Cherokee,40021,Park Hill,4001
OK,Cherokee,40021,Peggs,1014
OK,Cherokee,40021,Pettit,927
OK,Cherokee,40021,Lost City,912
OK,Cherokee,40021,Woodall,707
OK,Cherokee,40021,Tenkiller,686
OK,Cherokee,40021,Welling,660
OK,Cherokee,40021,Hulbert,582
OK,Cherokee,40021,Shady Grove,533
OK,Cherokee,40021,Zeb,492
OK,Cherokee,40021,Keys,434
OK,Cherokee,40021,Grandview,358
OK,Cherokee,40021,Briggs,341
OK,Cherokee,40021,Scraper,195
OK,Cherokee,40021,Dry Creek,172
OK,Cherokee,40021,Teresita,172
OK,Cherokee,40021,Eldon,169
OK,Cherokee,40021,Steely Hollow,153
OK,Cherokee,40021,Gideon,10
OK,Choctaw,40023,Hugo,5092
OK,Choctaw,40023,Boswell,682
OK,Choctaw,40023,Fort Towson,489
OK,Choctaw,40023,Grant,351
OK,Choctaw,40023,Sawyer,313
OK,Choctaw,40023,Soper,253
OK,Choctaw,40023,Swink,50
OK,Cimarron,40025,Boise City,1085
OK,Cimarron,40025,Keyes,277
OK,Cimarron,40025,Felt,107
OK,Cimarron,40025,Kenton,5
OK,Cleveland,40027,Norman,124880
OK,Cleveland,40027,Moore,62055
OK,Cleveland,40027,Noble,7053
OK,Cleveland,40027,Slaughterville,4296
OK,Cleveland,40027,Lexington,2185
OK,Cleveland,40027,Etowah,99
OK,Coal,40029,Coalgate,1792
OK,Coal,40029,Lehigh,332
OK,Coal,40029,Tupelo,303
OK,Coal,40029,Phillips,127
OK,Coal,40029,Centrahoma,93
OK,Coal,40029,Clarita,69
OK,Comanche,40031,Lawton,93025
OK,Comanche,40031,Elgin,3183
OK,Comanche,40031,Cache,2811
OK,Comanche,40031,Geronimo,1215
OK,Comanche,40031,Fletcher,1143
OK,Comanche,40031,Sterling,773
OK,Comanche,40031,Chattanooga,453
OK,Comanche,40031,Medicine Park,452
OK,Comanche,40031,Indiahoma,330
OK,Comanche,40031,Faxon,130
OK,Cotton,40033,Walters,2358
OK,Cotton,40033,Temple,907
OK,Cotton,40033,Randlett,413
OK,Cotton,40033,Devol,141
OK,Craig,40035,Vinita,5550
OK,Craig,40035,Welch,584
OK,Craig,40035,Ketchum,421
OK,Craig,40035,Bluejacket,321
OK,Craig,40035,White Oak,259
OK,Craig,40035,Big Cabin,250
OK,Creek,40037,Sapulpa,21278
OK,Creek,40037,Bristow,4200
OK,Creek,40037,Mannford,3194
OK,Creek,40037,Drumright,2835
OK,Creek,40037,Kiefer,2020
OK,Creek,40037,Mounds,1262
OK,Creek,40037,Kellyville,1146
OK,Creek,40037,Oilton,1014
OK,Creek,40037,Depew,479
OK,Creek,40037,Slick,182
OK,Creek,40037,Lawrence Creek,145
OK,Creek,40037,Shamrock,2
OK,Custer,40039,Weatherford,12017
OK,Custer,40039,Clinton,9087
OK,Custer,40039,Thomas,1198
OK,Custer,40039,Arapaho,803
OK,Custer,40039,Custer City,379
OK,Custer,40039,Butler,295
OK,Delaware,40041,Grove,7726
OK,Delaware,40041,Jay,2542
OK,Delaware,40041,Copeland,2003
OK,Delaware,40041,Cleora,1396
OK,Delaware,40041,Kenwood,1113
OK,Delaware,40041,West Siloam Springs,859
OK,Delaware,40041,Colcord,849
OK,Delaware,40041,Flint Creek,801
OK,Delaware,40041,Kansas,800
OK,Delaware,40041,Bernice,580
OK,Delaware,40041,New Eucha,497
OK,Delaware,40041,Oaks,283
OK,Delaware,40041,Leach,277
OK,Delaware,40041,Drowning Creek,244
OK,Delaware,40041,Twin Oaks,157
OK,Delaware,40041,Dennis,144
OK,Delaware,40041,Zena,139
OK,Delaware,40041,White Water,132
OK,Delaware,40041,Cayuga,132
OK,Delaware,40041,Sycamore,111
OK,Delaware,40041,Dodge,91
OK,Delaware,40041,Rocky Ford,42
OK,Delaware,40041,Old Eucha,41
OK,Delaware,40041,Dripping Springs,40
OK,Delaware,40041,Cloud Creek,39
OK,Delaware,40041,Bull Hollow,30
OK,Delaware,40041,Deer Lick,29
OK,Delaware,40041,Brush Creek,15
OK,Dewey,40043,Seiling,855
OK,Dewey,40043,Vici,704
OK,Dewey,40043,Leedey,443
OK,Dewey,40043,Taloga,312
OK,Dewey,40043,Camargo,181
OK,Dewey,40043,Oakwood,66
OK,Dewey,40043,Putnam,29
OK,Ellis,40045,Shattuck,1257
OK,Ellis,40045,Arnett,481
OK,Ellis,40045,Gage,408
OK,Ellis,40045,Fargo,344
OK,Garfield,40047,Enid,49688
OK,Garfield,40047,Waukomis,1296
OK,Garfield,40047,North Enid,921
OK,Garfield,40047,Garber,807
OK,Garfield,40047,Lahoma,617
OK,Garfield,40047,Covington,534
OK,Garfield,40047,Drummond,455
OK,Garfield,40047,Kremlin,255
OK,Garfield,40047,Breckenridge,245
OK,Garfield,40047,Hunter,167
OK,Garfield,40047,Fairmont,131
OK,Garfield,40047,Hillsdale,122
OK,Garfield,40047,Carrier,84
OK,Garfield,40047,Douglas,34
OK,Garfield,40047,Bison,32
OK,Garvin,40049,Pauls Valley,6110
OK,Garvin,40049,Lindsay,2777
OK,Garvin,40049,Wynnewood,2203
OK,Garvin,40049,Stratford,1525
OK,Garvin,40049,Maysville,1203
OK,Garvin,40049,Elmore City,712
OK,Garvin,40049,Paoli,613
OK,Garvin,40049,Katie,354
OK,Garvin,40049,Foster,161
OK,Garvin,40049,Erin Springs,132
OK,Grady,40051,Chickasha,16431
OK,Grady,40051,Tuttle,7593
OK,Grady,40051,Minco,1648
OK,Grady,40051,Rush Springs,1256
OK,Grady,40051,Ninnekah,1047
OK,Grady,40051,Alex,548
OK,Grady,40051,Verden,537
OK,Grady,40051,Amber,480
OK,Grady,40051,Bridge Creek,336
OK,Grady,40051,Pocasset,208
OK,Grady,40051,Norge,154
OK,Grady,40051,Bradley,133
OK,Grant,40053,Medford,939
OK,Grant,40053,Pond Creek,834
OK,Grant,40053,Lamont,392
OK,Grant,40053,Wakita,326
OK,Grant,40053,Nash,194
OK,Grant,40053,Deer Creek,125
OK,Grant,40053,Manchester,99
OK,Grant,40053,Renfrow,12
OK,Grant,40053,Jefferson,8
OK,Greer,40055,Mangum,2698
OK,Greer,40055,Granite,1957
OK,Greer,40055,Willow,134
OK,Harmon,40057,Hollis,1873
OK,Harmon,40057,Gould,129
OK,Harper,40059,Laverne,1328
OK,Harper,40059,Buffalo,1287
OK,Harper,40059,May,41
OK,Harper,40059,Rosston,32
OK,Haskell,40061,Stigler,2835
OK,Haskell,40061,Keota,549
OK,Haskell,40061,McCurtain,502
OK,Haskell,40061,Whitefield,387
OK,Haskell,40061,Kinta,316
OK,Haskell,40061,Tamaha,231
OK,Haskell,40061,Lequire,187
OK,Hughes,40063,Holdenville,5501
OK,Hughes,40063,Wetumka,1202
OK,Hughes,40063,Dustin,370
OK,Hughes,40063,Calvin,275
OK,Hughes,40063,Spaulding,173
OK,Hughes,40063,Stuart,166
OK,Hughes,40063,Lamar,150
OK,Hughes,40063,Gerty,112
OK,Hughes,40063,Horntown,92
OK,Hughes,40063,Yeager,72
OK,Hughes,40063,Atwood,69
OK,Jackson,40065,Altus,18418
OK,Jackson,40065,Blair,742
OK,Jackson,40065,Olustee,555
OK,Jackson,40065,Eldorado,406
OK,Jackson,40065,East Duke,387
OK,Jackson,40065,Martha,149
OK,Jackson,40065,Elmer,89
OK,Jackson,40065,Headrick,88
OK,Jackson,40065,Friendship,22
OK,Jefferson,40067,Waurika,1885
OK,Jefferson,40067,Ringling,954
OK,Jefferson,40067,Ryan,750
OK,Jefferson,40067,Terral,385
OK,Jefferson,40067,Cornish,155
OK,Jefferson,40067,Hastings,132
OK,Jefferson,40067,Addington,107
OK,Jefferson,40067,Sugden,42
OK,Johnston,40069,Tishomingo,3082
OK,Johnston,40069,Mannsville,862
OK,Johnston,40069,Ravia,525
OK,Johnston,40069,Wapanucka,443
OK,Johnston,40069,Mill Creek,319
OK,Johnston,40069,Milburn,319
OK,Johnston,40069,Coleman,277
OK,Johnston,40069,Bromide,166
OK,Johnston,40069,Connerville,150
OK,Johnston,40069,Bee,137
OK,Kay,40071,Ponca City,24274
OK,Kay,40071,Blackwell,6562
OK,Kay,40071,Tonkawa,2980
OK,Kay,40071,Newkirk,2170
OK,Kay,40071,Kaw City,367
OK,Kay,40071,Braman,202
OK,Kay,40071,Kildare,94
OK,Kay,40071,Nardin,11
OK,Kingfisher,40073,Kingfisher,4908
OK,Kingfisher,40073,Hennessey,2223
OK,Kingfisher,40073,Cashion,871
OK,Kingfisher,40073,Dover,475
OK,Kingfisher,40073,Loyal,83
OK,Kiowa,40075,Hobart,3427
OK,Kiowa,40075,Snyder,1277
OK,Kiowa,40075,Mountain View,735
OK,Kiowa,40075,Lone Wolf,399
OK,Kiowa,40075,Mountain Park,381
OK,Kiowa,40075,Roosevelt,230
OK,Kiowa,40075,Gotebo,209
OK,Kiowa,40075,Cooperton,15
OK,Latimer,40077,Wilburton,2663
OK,Latimer,40077,Red Oak,478
OK,Latimer,40077,Gowen,371
OK,Latimer,40077,Panola,34
OK,Le Flore,40079,Poteau,8863
OK,Le Flore,40079,Pocola,4121
OK,Le Flore,40079,Heavener,3636
OK,Le Flore,40079,Spiro,2158
OK,Le Flore,40079,Arkoma,1899
OK,Le Flore,40079,Panama,1362
OK,Le Flore,40079,Talihina,1084
OK,Le Flore,40079,Wister,1062
OK,Le Flore,40079,Shady Point,999
OK,Le Flore,40079,Howe,789
OK,Le Flore,40079,Rock Island,643
OK,Le Flore,40079,Bokoshe,497
OK,Le Flore,40079,Fort Coffee,422
OK,Le Flore,40079,Fanshawe,405
OK,Le Flore,40079,Cameron,293
OK,Le Flore,40079,Whitesboro,216
OK,Le Flore,40079,Monroe,207
OK,Le Flore,40079,Le Flore,175
OK,Le Flore,40079,Cowlington,152
OK,Lincoln,40081,Chandler,3085
OK,Lincoln,40081,Stroud,2700
OK,Lincoln,40081,Prague,2367
OK,Lincoln,40081,Meeker,1141
OK,Lincoln,40081,Davenport,807
OK,Lincoln,40081,Wellston,774
OK,Lincoln,40081,Carney,623
OK,Lincoln,40081,Tryon,501
OK,Lincoln,40081,Agra,344
OK,Lincoln,40081,Sparks,171
OK,Lincoln,40081,Warwick,150
OK,Lincoln,40081,Kendrick,142
OK,Lincoln,40081,Fallis,27
OK,Logan,40083,Guthrie,11661
OK,Logan,40083,Langston,1860
OK,Logan,40083,Crescent,1561
OK,Logan,40083,Coyle,372
OK,Logan,40083,Cedar Valley,330
OK,Logan,40083,Marshall,307
OK,Logan,40083,Mulhall,259
OK,Logan,40083,Cimarron City,175
OK,Logan,40083,Orlando,167
OK,Logan,40083,Meridian,43
OK,Love,40085,Marietta,2768
OK,Love,40085,Burneyville,747
OK,Love,40085,Thackerville,514
OK,Love,40085,Leon,100
OK,Major,40093,Fairview,2594
OK,Major,40093,Ringwood,509
OK,Major,40093,Cleo Springs,334
OK,Major,40093,Ames,241
OK,Major,40093,Meno,237
OK,Major,40093,Chester,133
OK,Major,40093,Isabella,112
OK,Marshall,40095,Madill,4725
OK,Marshall,40095,Kingston,1675
OK,Marshall,40095,Oakland,1140
OK,Marshall,40095,Lebanon,292
OK,Marshall,40095,New Woodville,112
OK,Mayes,40097,Pryor Creek,9379
OK,Mayes,40097,Chouteau,2093
OK,Mayes,40097,Locust Grove,1395
OK,Mayes,40097,Salina,1394
OK,Mayes,40097,Langley,822
OK,Mayes,40097,Adair,811
OK,Mayes,40097,Pin Oak Acres,538
OK,Mayes,40097,Spavinaw,429
OK,Mayes,40097,Rose,356
OK,Mayes,40097,Ballou,335
OK,Mayes,40097,Sportsmen Acres,308
OK,Mayes,40097,Disney,303
OK,Mayes,40097,Snake Creek,225
OK,Mayes,40097,Iron Post,191
OK,Mayes,40097,Pump Back,166
OK,Mayes,40097,Cedar Crest,157
OK,Mayes,40097,Pensacola,127
OK,Mayes,40097,Mazie,124
OK,Mayes,40097,Strang,89
OK,Mayes,40097,Murphy,79
OK,Mayes,40097,Grand Lake Towne,70
OK,Mayes,40097,Wickliffe,16
OK,Mayes,40097,Hoot Owl,4
OK,McClain,40087,Newcastle,10655
OK,McClain,40087,Blanchard,8907
OK,McClain,40087,Purcell,7502
OK,McClain,40087,Goldsby,2454
OK,McClain,40087,Dibble,861
OK,McClain,40087,Wayne,730
OK,McClain,40087,Washington,601
OK,McClain,40087,Cole,599
OK,McClain,40087,Byars,273
OK,McClain,40087,Rosedale,71
OK,McCurtain,40089,Idabel,6843
OK,McCurtain,40089,Broken Bow,4216
OK,McCurtain,40089,Valliant,738
OK,McCurtain,40089,Wright City,735
OK,McCurtain,40089,Eagletown,539
OK,McCurtain,40089,Millerton,315
OK,McCurtain,40089,Haworth,296
OK,McCurtain,40089,Garvin,255
OK,McCurtain,40089,Smithville,109
OK,McIntosh,40091,Checotah,3095
OK,McIntosh,40091,Eufaula,2846
OK,McIntosh,40091,Texanna,2286
OK,McIntosh,40091,Hanna,133
OK,McIntosh,40091,Rentiesville,124
OK,McIntosh,40091,Hitchita,83
OK,McIntosh,40091,Duchess Landing,69
OK,McIntosh,40091,Stidham,19
OK,Murray,40099,Sulphur,5043
OK,Murray,40099,Davis,2896
OK,Murray,40099,Dougherty,222
OK,Murray,40099,Hickory,73
OK,Muskogee,40101,Muskogee,39789
OK,Muskogee,40101,Fort Gibson,3958
OK,Muskogee,40101,Haskell,1930
OK,Muskogee,40101,Warner,1590
OK,Muskogee,40101,Porum,701
OK,Muskogee,40101,Webbers Falls,593
OK,Muskogee,40101,Oktaha,388
OK,Muskogee,40101,Sand Hill,330
OK,Muskogee,40101,River Bottom,280
OK,Muskogee,40101,Simms,278
OK,Muskogee,40101,Braggs,253
OK,Muskogee,40101,Boynton,241
OK,Muskogee,40101,Taft,238
OK,Muskogee,40101,Wainwright,160
OK,Muskogee,40101,Council Hill,151
OK,Muskogee,40101,Summit,137
OK,Muskogee,40101,Sour John,74
OK,Noble,40103,Perry,4837
OK,Noble,40103,Morrison,707
OK,Noble,40103,Billings,496
OK,Noble,40103,Red Rock,289
OK,Noble,40103,Marland,223
OK,Noble,40103,Lucien,117
OK,Nowata,40105,Nowata,3552
OK,Nowata,40105,South Coffeyville,734
OK,Nowata,40105,Delaware,399
OK,Nowata,40105,Lenapah,280
OK,Nowata,40105,Wann,120
OK,Nowata,40105,New Alluwe,85
OK,Okfuskee,40107,Okemah,3132
OK,Okfuskee,40107,Boley,1174
OK,Okfuskee,40107,Weleetka,954
OK,Okfuskee,40107,Paden,456
OK,Okfuskee,40107,Bearden,131
OK,Okfuskee,40107,Castle,103
OK,Okfuskee,40107,IXL,50
OK,Okfuskee,40107,Clearview,48
OK,Oklahoma,40109,Oklahoma City,972943
OK,Oklahoma,40109,Edmond,94054
OK,Oklahoma,40109,Midwest City,57407
OK,Oklahoma,40109,Del City,21712
OK,Oklahoma,40109,Bethany,19221
OK,Oklahoma,40109,Choctaw,12674
OK,Oklahoma,40109,Warr Acres,10118
OK,Oklahoma,40109,The Village,9564
OK,Oklahoma,40109,Harrah,6499
OK,Oklahoma,40109,Spencer,3968
OK,Oklahoma,40109,Nichols Hills,3938
OK,Oklahoma,40109,Jones,3169
OK,Oklahoma,40109,Nicoma Park,2467
OK,Oklahoma,40109,Luther,1759
OK,Oklahoma,40109,Forest Park,1069
OK,Oklahoma,40109,Valley Brook,771
OK,Oklahoma,40109,Arcadia,270
OK,Oklahoma,40109,Woodlawn Park,152
OK,Oklahoma,40109,Lake Aluma,91
OK,Oklahoma,40109,Smith Village,78
OK,Okmulgee,40111,Okmulgee,13357
OK,Okmulgee,40111,Henryetta,6162
OK,Okmulgee,40111,Morris,1420
OK,Okmulgee,40111,Beggs,1237
OK,Okmulgee,40111,Dewar,853
OK,Okmulgee,40111,Winchester,508
OK,Okmulgee,40111,Schulter,496
OK,Okmulgee,40111,Grayson,156
OK,Okmulgee,40111,Hoffman,126
OK,Osage,40113,Skiatook,8052
OK,Osage,40113,Pawhuska,3452
OK,Osage,40113,Hominy,3388
OK,Osage,40113,McCord,1588
OK,Osage,40113,Fairfax,1265
OK,Osage,40113,Barnsdall,1150
OK,Osage,40113,Prue,470
OK,Osage,40113,Wynona,434
OK,Osage,40113,Shidler,430
OK,Osage,40113,Avant,307
OK,Osage,40113,Osage,155
OK,Osage,40113,Burbank,139
OK,Osage,40113,Webb City,61
OK,Osage,40113,Grainola,31
OK,Osage,40113,Foraker,18
OK,Ottawa,40115,Miami,15571
OK,Ottawa,40115,Commerce,2510
OK,Ottawa,40115,Fairland,1031
OK,Ottawa,40115,Afton,1020
OK,Ottawa,40115,Quapaw,876
OK,Ottawa,40115,North Miami,368
OK,Ottawa,40115,Wyandotte,324
OK,Ottawa,40115,Peoria,135
OK,Ottawa,40115,Narcissa,126
OK,Ottawa,40115,Dotyville,107
OK,Pawnee,40117,Cleveland,3125
OK,Pawnee,40117,Pawnee,2106
OK,Pawnee,40117,Jennings,354
OK,Pawnee,40117,Ralston,319
OK,Pawnee,40117,Westport,296
OK,Pawnee,40117,Hallett,124
OK,Pawnee,40117,Blackburn,107
OK,Pawnee,40117,Terlton,107
OK,Pawnee,40117,Maramec,90
OK,Pawnee,40117,Skedee,50
OK,Pawnee,40117,Oak Grove,11
OK,Payne,40119,Stillwater,50299
OK,Payne,40119,Cushing,7615
OK,Payne,40119,Perkins,2817
OK,Payne,40119,Yale,1225
OK,Payne,40119,Glencoe,607
OK,Payne,40119,Ripley,409
OK,Pittsburg,40121,McAlester,18896
OK,Pittsburg,40121,Longtown,2746
OK,Pittsburg,40121,Hartshorne,2345
OK,Pittsburg,40121,Krebs,1945
OK,Pittsburg,40121,Quinton,985
OK,Pittsburg,40121,Haileyville,751
OK,Pittsburg,40121,Kiowa,676
OK,Pittsburg,40121,Savanna,645
OK,Pittsburg,40121,Crowder,404
OK,Pittsburg,40121,Arpelar,329
OK,Pittsburg,40121,Alderson,289
OK,Pittsburg,40121,Canadian,203
OK,Pittsburg,40121,Pittsburg,197
OK,Pittsburg,40121,Indianola,151
OK,Pittsburg,40121,Blanco,107
OK,Pittsburg,40121,Ashland,63
OK,Pontotoc,40123,Ada,17840
OK,Pontotoc,40123,Latta,1220
OK,Pontotoc,40123,Byng,1198
OK,Pontotoc,40123,Allen,926
OK,Pontotoc,40123,Roff,713
OK,Pontotoc,40123,Stonewall,521
OK,Pontotoc,40123,Francis,320
OK,Pontotoc,40123,Fitzhugh,230
OK,Pottawatomie,40125,Shawnee,36067
OK,Pottawatomie,40125,Tecumseh,6636
OK,Pottawatomie,40125,McLoud,4743
OK,Pottawatomie,40125,Bethel Acres,3193
OK,Pottawatomie,40125,Pink,2181
OK,Pottawatomie,40125,Earlsboro,621
OK,Pottawatomie,40125,Tribbey,414
OK,Pottawatomie,40125,Asher,412
OK,Pottawatomie,40125,Wanette,359
OK,Pottawatomie,40125,Johnson,256
OK,Pottawatomie,40125,Dale,180
OK,Pottawatomie,40125,St. Louis,161
OK,Pottawatomie,40125,Brooksville,60
OK,Pottawatomie,40125,Macomb,33
OK,Pushmataha,40127,Antlers,2321
OK,Pushmataha,40127,Clayton,786
OK,Pushmataha,40127,Rattan,296
OK,Pushmataha,40127,Albion,100
OK,Pushmataha,40127,Tuskahoma,93
OK,Roger Mills,40129,Cheyenne,774
OK,Roger Mills,40129,Hammon,557
OK,Roger Mills,40129,Reydon,206
OK,Roger Mills,40129,Strong City,46
OK,Rogers,40131,Claremore,25384
OK,Rogers,40131,Catoosa,6953
OK,Rogers,40131,Verdigris,4590
OK,Rogers,40131,Chelsea,1907
OK,Rogers,40131,Inola,1803
OK,Rogers,40131,Justice,1481
OK,Rogers,40131,Bushyhead,1280
OK,Rogers,40131,Oologah,1175
OK,Rogers,40131,Sequoyah,957
OK,Rogers,40131,Limestone,805
OK,Rogers,40131,Foyil,378
OK,Rogers,40131,Talala,278
OK,Rogers,40131,Tiawah,189
OK,Rogers,40131,Gregory,176
OK,Rogers,40131,Valley Park,72
OK,Seminole,40133,Seminole,7041
OK,Seminole,40133,Wewoka,3224
OK,Seminole,40133,Konawa,1197
OK,Seminole,40133,Maud,1061
OK,Seminole,40133,Bowlegs,388
OK,Seminole,40133,Cromwell,274
OK,Seminole,40133,Sasakwa,137
OK,Seminole,40133,Lima,52
OK,Sequoyah,40135,Sallisaw,8497
OK,Sequoyah,40135,Muldrow,5478
OK,Sequoyah,40135,Roland,3911
OK,Sequoyah,40135,Vian,1367
OK,Sequoyah,40135,Brushy,1217
OK,Sequoyah,40135,Gore,951
OK,Sequoyah,40135,Brent,896
OK,Sequoyah,40135,Remy,644
OK,Sequoyah,40135,Akins,586
OK,Sequoyah,40135,Redbird Smith,522
OK,Sequoyah,40135,Carlisle,512
OK,Sequoyah,40135,Belfonte,416
OK,Sequoyah,40135,Evening Shade,327
OK,Sequoyah,40135,Liberty,310
OK,Sequoyah,40135,Gans,301
OK,Sequoyah,40135,Short,298
OK,Sequoyah,40135,Nicut,277
OK,Sequoyah,40135,Stoney Point,263
OK,Sequoyah,40135,Long,254
OK,Sequoyah,40135,Marble City,249
OK,Sequoyah,40135,Notchietown,170
OK,Sequoyah,40135,Box,139
OK,Sequoyah,40135,Pinhook Corner,127
OK,Sequoyah,40135,Flute Springs,119
OK,Sequoyah,40135,Moffett,118
OK,Sequoyah,40135,Paradise Hill,80
OK,Sequoyah,40135,Blackgum,76
OK,Sequoyah,40135,Dwight Mission,63
OK,Sequoyah,40135,Badger Lee,61
OK,Stephens,40137,Duncan,22344
OK,Stephens,40137,Marlow,4420
OK,Stephens,40137,Comanche,1559
OK,Stephens,40137,Bray,1176
OK,Stephens,40137,Central High,1164
OK,Stephens,40137,Empire City,893
OK,Stephens,40137,Velma,595
OK,Stephens,40137,Loco,118
OK,Texas,40139,Guymon,10996
OK,Texas,40139,Hooker,1844
OK,Texas,40139,Goodwell,1270
OK,Texas,40139,Texhoma,901
OK,Texas,40139,Tyrone,741
OK,Texas,40139,Optima,372
OK,Texas,40139,Hardesty,210
OK,Tillman,40141,Frederick,3545
OK,Tillman,40141,Grandfield,933
OK,Tillman,40141,Tipton,759
OK,Tillman,40141,Davidson,288
OK,Tillman,40141,Manitou,164
OK,Tillman,40141,Hollister,46
OK,Tillman,40141,Loveland,12
OK,Tulsa,40143,Tulsa,671033
OK,Tulsa,40143,Broken Arrow,110198
OK,Tulsa,40143,Owasso,36957
OK,Tulsa,40143,Bixby,27944
OK,Tulsa,40143,Jenks,23767
OK,Tulsa,40143,Sand Springs,19905
OK,Tulsa,40143,Glenpool,13936
OK,Tulsa,40143,Collinsville,7236
OK,Tulsa,40143,Turley,2559
OK,Tulsa,40143,Oakhurst,2272
OK,Tulsa,40143,Sperry,1338
OK,Tulsa,40143,Lotsee,2
OK,Wagoner,40145,Coweta,10032
OK,Wagoner,40145,Wagoner,9185
OK,Wagoner,40145,Okay,702
OK,Wagoner,40145,Porter,682
OK,Wagoner,40145,Redbird,154
OK,Wagoner,40145,Tullahassee,110
OK,Wagoner,40145,Fair Oaks,101
OK,Washington,40147,Bartlesville,39301
OK,Washington,40147,Dewey,3384
OK,Washington,40147,Copan,737
OK,Washington,40147,Ramona,545
OK,Washington,40147,Ochelata,424
OK,Washington,40147,Vera,247
OK,Washita,40149,New Cordell,2734
OK,Washita,40149,Burns Flat,1901
OK,Washita,40149,Sentinel,845
OK,Washita,40149,Dill City,533
OK,Washita,40149,Canute,519
OK,Washita,40149,Corn,472
OK,Washita,40149,Bessie,174
OK,Washita,40149,Rocky,152
OK,Washita,40149,Foss,145
OK,Washita,40149,Colony,129
OK,Woods,40151,Alva,5628
OK,Woods,40151,Waynoka,914
OK,Woods,40151,Freedom,291
OK,Woods,40151,Dacoma,108
OK,Woodward,40153,Woodward,12121
OK,Woodward,40153,Mooreland,1169
OK,Woodward,40153,Fort Supply,320
OK,Woodward,40153,Sharon,134
OK,Woodward,40153,Mutual,61
OR,Baker,41001,Baker City,9809
OR,Baker,41001,Huntington,436
OR,Baker,41001,Haines,422
OR,Baker,41001,Halfway,292
OR,Baker,41001,Sumpter,206
OR,Baker,41001,Richland,177
OR,Baker,41001,Unity,70
OR,Benton,41003,Corvallis,67467
OR,Benton,41003,Philomath,5666
OR,Benton,41003,Adair Village,874
OR,Benton,41003,Monroe,654
OR,Benton,41003,Alsea,234
OR,Benton,41003,Summit,204
OR,Benton,41003,Alpine,183
OR,Benton,41003,Kings Valley,132
OR,Benton,41003,Blodgett,23
OR,Benton,41003,Bellfountain,16
OR,Clackamas,41005,Lake Oswego,39822
OR,Clackamas,41005,Oregon City,37339
OR,Clackamas,41005,West Linn,26736
OR,Clackamas,41005,Wilsonville,24918
OR,Clackamas,41005,Happy Valley,22553
OR,Clackamas,41005,Milwaukie,20990
OR,Clackamas,41005,Canby,19393
OR,Clackamas,41005,Oak Grove,17872
OR,Clackamas,41005,Oatfield,14060
OR,Clackamas,41005,Gladstone,12324
OR,Clackamas,41005,Sandy,11843
OR,Clackamas,41005,Damascus,11161
OR,Clackamas,41005,Molalla,10001
OR,Clackamas,41005,Jennings Lodge,7988
OR,Clackamas,41005,Estacada,5368
OR,Clackamas,41005,Mount Hood Village,4445
OR,Clackamas,41005,Beavercreek,4075
OR,Clackamas,41005,Mulino,2334
OR,Clackamas,41005,Stafford,1733
OR,Clackamas,41005,Johnson City,629
OR,Clackamas,41005,Rivergrove,372
OR,Clackamas,41005,Government Camp,176
OR,Clackamas,41005,Barlow,147
OR,Clatsop,41007,Astoria,14916
OR,Clatsop,41007,Seaside,9060
OR,Clatsop,41007,Warrenton,5739
OR,Clatsop,41007,Cannon Beach,1768
OR,Clatsop,41007,Gearhart,1634
OR,Clatsop,41007,Westport,364
OR,Clatsop,41007,Jeffers Gardens,348
OR,Columbia,41009,St. Helens,27353
OR,Columbia,41009,Scappoose,7564
OR,Columbia,41009,Vernonia,2281
OR,Columbia,41009,Columbia City,2022
OR,Columbia,41009,Rainier,2010
OR,Columbia,41009,Warren,1943
OR,Columbia,41009,Clatskanie,1830
OR,Columbia,41009,Deer Island,147
OR,Columbia,41009,Prescott,63
OR,Coos,41011,Coos Bay,32159
OR,Coos,41011,North Bend,9768
OR,Coos,41011,Coquille,4439
OR,Coos,41011,Bandon,3202
OR,Coos,41011,Myrtle Point,2559
OR,Coos,41011,Bunker Hill,2501
OR,Coos,41011,Barview,1879
OR,Coos,41011,Lakeside,1798
OR,Coos,41011,Glasgow,738
OR,Coos,41011,Powers,680
OR,Crook,41013,Prineville,12650
OR,Curry,41015,Brookings,11162
OR,Curry,41015,Gold Beach,2850
OR,Curry,41015,Harbor,1958
OR,Curry,41015,Port Orford,1153
OR,Curry,41015,Nesika Beach,315
OR,Curry,41015,Langlois,135
OR,Curry,41015,Pistol River,126
OR,Deschutes,41017,Bend,109802
OR,Deschutes,41017,Redmond,34240
OR,Deschutes,41017,Deschutes River Woods,6044
OR,Deschutes,41017,Three Rivers,3212
OR,Deschutes,41017,Eagle Crest,2839
OR,Deschutes,41017,Sisters,2781
OR,Deschutes,41017,La Pine,1929
OR,Deschutes,41017,Terrebonne,1658
OR,Deschutes,41017,Sunriver,1294
OR,Deschutes,41017,Tetherow,757
OR,Deschutes,41017,Tumalo,535
OR,Deschutes,41017,Seventh Mountain,371
OR,Deschutes,41017,Black Butte Ranch,206
OR,Deschutes,41017,Pronghorn,44
OR,Douglas,41019,Roseburg,46228
OR,Douglas,41019,Sutherlin,9067
OR,Douglas,41019,Green,7985
OR,Douglas,41019,Winston,5511
OR,Douglas,41019,Roseburg North,5059
OR,Douglas,41019,Reedsport,4442
OR,Douglas,41019,Tri-City,4150
OR,Douglas,41019,Myrtle Creek,3483
OR,Douglas,41019,Canyonville,1965
OR,Douglas,41019,Glide,1366
OR,Douglas,41019,Riddle,1221
OR,Douglas,41019,Drain,1194
OR,Douglas,41019,Yoncalla,1096
OR,Douglas,41019,Lookingglass,985
OR,Douglas,41019,Oakland,954
OR,Douglas,41019,Glendale,897
OR,Douglas,41019,Melrose,649
OR,Douglas,41019,Gardiner,586
OR,Douglas,41019,Dillard,568
OR,Douglas,41019,Fair Oaks,342
OR,Douglas,41019,Winchester Bay,337
OR,Douglas,41019,Days Creek,264
OR,Douglas,41019,Elkton,199
OR,Gilliam,41021,Condon,697
OR,Gilliam,41021,Arlington,600
OR,Gilliam,41021,Lonerock,22
OR,Grant,41023,John Day,1672
OR,Grant,41023,Prairie City,876
OR,Grant,41023,Canyon City,666
OR,Grant,41023,Mount Vernon,512
OR,Grant,41023,Seneca,229
OR,Grant,41023,Long Creek,190
OR,Grant,41023,Dayville,146
OR,Grant,41023,Monument,125
OR,Grant,41023,Granite,36
OR,Harney,41025,Burns,4112
OR,Harney,41025,Hines,1545
OR,Harney,41025,Crane,107
OR,Hood River,41027,Hood River,15949
OR,Hood River,41027,Odell,2380
OR,Hood River,41027,Cascade Locks,1161
OR,Hood River,41027,Mount Hood,414
OR,Hood River,41027,Parkdale,324
OR,Jackson,41029,Medford,170876
OR,Jackson,41029,Ashland,21281
OR,Jackson,41029,Central Point,18848
OR,Jackson,41029,White City,9890
OR,Jackson,41029,Eagle Point,9554
OR,Jackson,41029,Talent,6608
OR,Jackson,41029,Phoenix,4653
OR,Jackson,41029,Shady Cove,3641
OR,Jackson,41029,Jacksonville,2899
OR,Jackson,41029,Rogue River,2331
OR,Jackson,41029,Gold Hill,1296
OR,Jackson,41029,Ruch,986
OR,Jackson,41029,Foots Creek,621
OR,Jackson,41029,Trail,552
OR,Jackson,41029,Prospect,476
OR,Jackson,41029,Butte Falls,457
OR,Jackson,41029,Wimer,452
OR,Jefferson,41031,Madras,9340
OR,Jefferson,41031,Crooked River Ranch,4026
OR,Jefferson,41031,Warm Springs,3213
OR,Jefferson,41031,Culver,1680
OR,Jefferson,41031,Metolius,801
OR,Jefferson,41031,Camp Sherman,215
OR,Josephine,41033,Grants Pass,55837
OR,Josephine,41033,Redwood,2970
OR,Josephine,41033,Cave Junction,1977
OR,Josephine,41033,Merlin,1922
OR,Josephine,41033,New Hope,1593
OR,Josephine,41033,Williams,1390
OR,Josephine,41033,O'Brien,636
OR,Josephine,41033,Selma,591
OR,Josephine,41033,Kerby,578
OR,Josephine,41033,Takilma,466
OR,Klamath,41035,Klamath Falls,43246
OR,Klamath,41035,Altamont,19341
OR,Klamath,41035,Merrill,855
OR,Klamath,41035,Malin,832
OR,Klamath,41035,Chiloquin,755
OR,Klamath,41035,Bonanza,426
OR,Lake,41037,Lakeview,2915
OR,Lake,41037,Paisley,242
OR,Lake,41037,Silver Lake,104
OR,Lake,41037,Plush,95
OR,Lake,41037,New Pine Creek,82
OR,Lane,41039,Eugene,273439
OR,Lane,41039,Springfield,63230
OR,Lane,41039,Cottage Grove,11892
OR,Lane,41039,Florence,11000
OR,Lane,41039,Creswell,6959
OR,Lane,41039,Junction City,6891
OR,Lane,41039,Veneta,6628
OR,Lane,41039,Oakridge,3379
OR,Lane,41039,Dunes City,1406
OR,Lane,41039,Lowell,1173
OR,Lane,41039,Coburg,1170
OR,Lane,41039,Westfir,267
OR,Lincoln,41041,Lincoln City,12172
OR,Lincoln,41041,Newport,12155
OR,Lincoln,41041,Waldport,3766
OR,Lincoln,41041,Toledo,3766
OR,Lincoln,41041,Lincoln Beach,2072
OR,Lincoln,41041,Depoe Bay,1499
OR,Lincoln,41041,Siletz,1305
OR,Lincoln,41041,Rose Lodge,1169
OR,Lincoln,41041,Yachats,784
OR,Linn,41043,Albany,62880
OR,Linn,41043,Lebanon,22160
OR,Linn,41043,Sweet Home,10697
OR,Linn,41043,Harrisburg,3972
OR,Linn,41043,Millersburg,2557
OR,Linn,41043,Mill City,1968
OR,Linn,41043,Brownsville,1823
OR,Linn,41043,Tangent,1347
OR,Linn,41043,Lyons,1290
OR,Linn,41043,Scio,1002
OR,Linn,41043,Halsey,1001
OR,Linn,41043,South Lebanon,970
OR,Linn,41043,Crabtree,712
OR,Linn,41043,Lacomb,481
OR,Linn,41043,Crawfordsville,409
OR,Linn,41043,Holley,402
OR,Linn,41043,Shedd,394
OR,Linn,41043,Sodaville,345
OR,Linn,41043,Waterloo,256
OR,Linn,41043,Peoria,237
OR,Linn,41043,Cascadia,117
OR,Linn,41043,West Scio,105
OR,Malheur,41045,Ontario,24704
OR,Malheur,41045,Nyssa,3387
OR,Malheur,41045,Vale,1818
OR,Malheur,41045,Annex,274
OR,Malheur,41045,Jordan Valley,177
OR,Malheur,41045,Adrian,173
OR,Malheur,41045,Harper,135
OR,Malheur,41045,Brogan,51
OR,Malheur,41045,Juntura,26
OR,Marion,41047,Salem,266804
OR,Marion,41047,Keizer,39713
OR,Marion,41047,Woodburn,35941
OR,Marion,41047,Hayesville,21979
OR,Marion,41047,Four Corners,16399
OR,Marion,41047,Stayton,11166
OR,Marion,41047,Silverton,11068
OR,Marion,41047,Aumsville,4306
OR,Marion,41047,Mount Angel,3930
OR,Marion,41047,Hubbard,3570
OR,Marion,41047,Jefferson,3364
OR,Marion,41047,Sublimity,2772
OR,Marion,41047,Gervais,2762
OR,Marion,41047,Turner,2121
OR,Marion,41047,Donald,1060
OR,Marion,41047,Aurora,1039
OR,Marion,41047,Marion,534
OR,Marion,41047,Labish Village,518
OR,Marion,41047,Gates,513
OR,Marion,41047,Brooks,492
OR,Marion,41047,St. Paul,455
OR,Marion,41047,Scotts Mills,393
OR,Marion,41047,Butteville,337
OR,Marion,41047,Detroit,225
OR,Marion,41047,Mehama,224
OR,Marion,41047,Idanha,161
OR,Morrow,41049,Boardman,3913
OR,Morrow,41049,Irrigon,2608
OR,Morrow,41049,Heppner,1266
OR,Morrow,41049,Ione,328
OR,Morrow,41049,Lexington,236
OR,Multnomah,41051,Portland,2074775
OR,Multnomah,41051,Gresham,109381
OR,Multnomah,41051,Troutdale,16183
OR,Multnomah,41051,Fairview,9567
OR,Multnomah,41051,Wood Village,4093
OR,Multnomah,41051,Maywood Park,849
OR,Polk,41053,Monmouth,20172
OR,Polk,41053,Dallas,17859
OR,Polk,41053,Independence,10272
OR,Polk,41053,Grand Ronde,1604
OR,Polk,41053,Falls City,1056
OR,Polk,41053,Fort Hill,89
OR,Sherman,41055,Wasco,412
OR,Sherman,41055,Moro,328
OR,Sherman,41055,Rufus,253
OR,Sherman,41055,Grass Valley,165
OR,Tillamook,41057,Tillamook,8328
OR,Tillamook,41057,Rockaway Beach,1416
OR,Tillamook,41057,Bay City,1404
OR,Tillamook,41057,Pacific City,1076
OR,Tillamook,41057,Bayside Gardens,907
OR,Tillamook,41057,Garibaldi,822
OR,Tillamook,41057,Netarts,778
OR,Tillamook,41057,Manzanita,661
OR,Tillamook,41057,Oceanside,546
OR,Tillamook,41057,Wheeler,440
OR,Tillamook,41057,Idaville,312
OR,Tillamook,41057,Nehalem,297
OR,Tillamook,41057,Hebo,182
OR,Tillamook,41057,Cloverdale,177
OR,Tillamook,41057,Neahkahnie,170
OR,Tillamook,41057,Neskowin,164
OR,Tillamook,41057,Beaver,103
OR,Tillamook,41057,Cape Meares,80
OR,Umatilla,41059,Hermiston,29512
OR,Umatilla,41059,Pendleton,17398
OR,Umatilla,41059,Umatilla,7321
OR,Umatilla,41059,Milton-Freewater,7074
OR,Umatilla,41059,Stanfield,2112
OR,Umatilla,41059,Pilot Rock,1509
OR,Umatilla,41059,Athena,1144
OR,Umatilla,41059,Mission,850
OR,Umatilla,41059,Echo,710
OR,Umatilla,41059,Weston,651
OR,Umatilla,41059,Gopher Flats,395
OR,Umatilla,41059,Tutuilla,382
OR,Umatilla,41059,Umapine,361
OR,Umatilla,41059,Adams,357
OR,Umatilla,41059,Ukiah,208
OR,Umatilla,41059,Helix,184
OR,Umatilla,41059,Riverside,165
OR,Umatilla,41059,Kirkpatrick,135
OR,Umatilla,41059,Cayuse,45
OR,Union,41061,La Grande,15515
OR,Union,41061,Union,2221
OR,Union,41061,Elgin,1797
OR,Union,41061,Island City,1033
OR,Union,41061,Cove,653
OR,Union,41061,North Powder,460
OR,Union,41061,Imbler,320
OR,Union,41061,Summerville,144
OR,Wallowa,41063,Enterprise,1996
OR,Wallowa,41063,Joseph,1124
OR,Wallowa,41063,Wallowa,837
OR,Wallowa,41063,Lostine,223
OR,Wallowa,41063,Wallowa Lake,24
OR,Wasco,41065,The Dalles,20442
OR,Wasco,41065,Chenoweth,1956
OR,Wasco,41065,Dufur,639
OR,Wasco,41065,Pine Hollow,488
OR,Wasco,41065,Mosier,464
OR,Wasco,41065,Maupin,441
OR,Wasco,41065,Rowena,258
OR,Wasco,41065,Tygh Valley,180
OR,Wasco,41065,Pine Grove,99
OR,Wasco,41065,Wamic,74
OR,Wasco,41065,Antelope,50
OR,Wasco,41065,Shaniko,37
OR,Washington,41067,Hillsboro,109128
OR,Washington,41067,Beaverton,99037
OR,Washington,41067,Tigard,55514
OR,Washington,41067,Aloha,54287
OR,Washington,41067,Tualatin,27837
OR,Washington,41067,Bethany,26501
OR,Washington,41067,Forest Grove,25553
OR,Washington,41067,Sherwood,19879
OR,Washington,41067,Cedar Mill,17659
OR,Washington,41067,Cornelius,12822
OR,Washington,41067,Oak Hills,12308
OR,Washington,41067,Bull Mountain,10005
OR,Washington,41067,Rockcreek,9893
OR,Washington,41067,Cedar Hills,8912
OR,Washington,41067,West Haven-Sylvan,8888
OR,Washington,41067,Garden Home-Whitford,7006
OR,Washington,41067,West Slope,6913
OR,Washington,41067,Raleigh Hills,6146
OR,Washington,41067,King City,4408
OR,Washington,41067,Metzger,3886
OR,Washington,41067,North Plains,2203
OR,Washington,41067,Banks,2036
OR,Washington,41067,Durham,1928
OR,Washington,41067,Gaston,722
OR,Wheeler,41069,Fossil,438
OR,Wheeler,41069,Spray,148
OR,Wheeler,41069,Mitchell,121
OR,Yamhill,41071,McMinnville,42062
OR,Yamhill,41071,Newberg,29225
OR,Yamhill,41071,Sheridan,8590
OR,Yamhill,41071,Lafayette,4265
OR,Yamhill,41071,Carlton,3454
OR,Yamhill,41071,Dundee,3274
OR,Yamhill,41071,Dayton,2744
OR,Yamhill,41071,Willamina,2250
OR,Yamhill,41071,Amity,1724
OR,Yamhill,41071,Yamhill,1169
PA,Adams,42001,Gettysburg,7724
PA,Adams,42001,Littlestown,6409
PA,Adams,42001,Bonneauville,4519
PA,Adams,42001,Carroll Valley,3942
PA,Adams,42001,McSherrystown,3090
PA,Adams,42001,Lake Meade,2569
PA,Adams,42001,Lake Heritage,2367
PA,Adams,42001,Midway,2062
PA,Adams,42001,New Oxford,1813
PA,Adams,42001,East Berlin,1545
PA,Adams,42001,Biglerville,1219
PA,Adams,42001,Abbottstown,1026
PA,Adams,42001,Arendtsville,959
PA,Adams,42001,Heidlersburg,845
PA,Adams,42001,York Springs,776
PA,Adams,42001,Bendersville,653
PA,Adams,42001,Hunterstown,614
PA,Adams,42001,Fairfield,518
PA,Adams,42001,Cashtown,235
PA,Adams,42001,Aspers,233
PA,Adams,42001,Idaville,216
PA,Adams,42001,McKnightstown,163
PA,Adams,42001,Gardners,139
PA,Adams,42001,Orrtanna,111
PA,Adams,42001,Table Rock,42
PA,Allegheny,42003,Pittsburgh,1703266
PA,Allegheny,42003,Bethel Park,32345
PA,Allegheny,42003,Monroeville,27380
PA,Allegheny,42003,Plum,27087
PA,Allegheny,42003,Allison Park,23092
PA,Allegheny,42003,West Mifflin,19699
PA,Allegheny,42003,Baldwin,19554
PA,Allegheny,42003,McKeesport,19009
PA,Allegheny,42003,Wilkinsburg,15292
PA,Allegheny,42003,Franklin Park,14885
PA,Allegheny,42003,South Park Township,13395
PA,Allegheny,42003,Carnot-Moon,11997
PA,Allegheny,42003,Jefferson Hills,11101
PA,Allegheny,42003,Munhall,11006
PA,Allegheny,42003,Brentwood,9268
PA,Allegheny,42003,Glenshaw,8669
PA,Allegheny,42003,Swissvale,8647
PA,Allegheny,42003,Dormont,8282
PA,Allegheny,42003,Castle Shannon,8216
PA,Allegheny,42003,Bellevue,8036
PA,Allegheny,42003,Pleasant Hills,8026
PA,Allegheny,42003,Carnegie,7806
PA,Allegheny,42003,White Oak,7441
PA,Allegheny,42003,Clairton,6541
PA,Allegheny,42003,Oakmont,6541
PA,Allegheny,42003,West View,6516
PA,Allegheny,42003,Forest Hills,6298
PA,Allegheny,42003,McKees Rocks,5855
PA,Allegheny,42003,Crafton,5770
PA,Allegheny,42003,Duquesne,5557
PA,Allegheny,42003,Coraopolis,5424
PA,Allegheny,42003,Turtle Creek,5138
PA,Allegheny,42003,Fox Chapel,5076
PA,Allegheny,42003,Bridgeville,4903
PA,Allegheny,42003,Green Tree,4832
PA,Allegheny,42003,North Braddock,4669
PA,Allegheny,42003,Avalon,4537
PA,Allegheny,42003,Tarentum,4366
PA,Allegheny,42003,Glassport,4315
PA,Allegheny,42003,Millvale,3662
PA,Allegheny,42003,Port Vue,3651
PA,Allegheny,42003,Sharpsburg,3318
PA,Allegheny,42003,Etna,3308
PA,Allegheny,42003,Springdale,3288
PA,Allegheny,42003,Mount Oliver,3281
PA,Allegheny,42003,Ingram,3198
PA,Allegheny,42003,Pitcairn,3158
PA,Allegheny,42003,Homestead,3149
PA,Allegheny,42003,Brackenridge,3135
PA,Allegheny,42003,Edgewood,3004
PA,Allegheny,42003,Churchill,2921
PA,Allegheny,42003,Aspinwall,2693
PA,Allegheny,42003,Bakerstown,2549
PA,Allegheny,42003,Imperial,2533
PA,Allegheny,42003,Liberty,2454
PA,Allegheny,42003,Verona,2411
PA,Allegheny,42003,Emsworth,2350
PA,Allegheny,42003,Gibsonia,2296
PA,Allegheny,42003,Wilmerding,2111
PA,Allegheny,42003,Braddock,2105
PA,Allegheny,42003,Greenock,2087
PA,Allegheny,42003,East McKeesport,2042
PA,Allegheny,42003,Rankin,2027
PA,Allegheny,42003,West Homestead,1864
PA,Allegheny,42003,Braddock Hills,1783
PA,Allegheny,42003,East Pittsburgh,1757
PA,Allegheny,42003,Ben Avon,1731
PA,Allegheny,42003,Dravosburg,1723
PA,Allegheny,42003,Cheswick,1675
PA,Allegheny,42003,Edgeworth,1647
PA,Allegheny,42003,Sturgeon,1580
PA,Allegheny,42003,Elizabeth,1476
PA,Allegheny,42003,Versailles,1461
PA,Allegheny,42003,Oakdale,1432
PA,Allegheny,42003,Russellton,1391
PA,Allegheny,42003,Blawnox,1388
PA,Allegheny,42003,Bell Acres,1367
PA,Allegheny,42003,Whitaker,1235
PA,Allegheny,42003,Heidelberg,1207
PA,Allegheny,42003,Curtisville,1183
PA,Allegheny,42003,Leetsdale,1157
PA,Allegheny,42003,Bradford Woods,1141
PA,Allegheny,42003,Rennerdale,1076
PA,Allegheny,42003,Lincoln,1022
PA,Allegheny,42003,Enlow,999
PA,Allegheny,42003,Harwick,864
PA,Allegheny,42003,Sewickley Heights,807
PA,Allegheny,42003,Chalfant,770
PA,Allegheny,42003,Sewickley Hills,690
PA,Allegheny,42003,Bairdford,690
PA,Allegheny,42003,Pennsbury Village,653
PA,Allegheny,42003,Wall,557
PA,Allegheny,42003,Glen Osborne,538
PA,Allegheny,42003,Noblestown,531
PA,Allegheny,42003,Clinton,498
PA,Allegheny,42003,West Elizabeth,493
PA,Allegheny,42003,Rosslyn Farms,420
PA,Allegheny,42003,Thornburg,413
PA,Allegheny,42003,Ben Avon Heights,363
PA,Allegheny,42003,Boston,304
PA,Allegheny,42003,Glenfield,201
PA,Allegheny,42003,Haysville,74
PA,Armstrong,42005,Kittanning,12950
PA,Armstrong,42005,Ford City,2764
PA,Armstrong,42005,Orchard Hills,2294
PA,Armstrong,42005,Leechburg,1989
PA,Armstrong,42005,Freeport,1677
PA,Armstrong,42005,Apollo,1523
PA,Armstrong,42005,North Apollo,1201
PA,Armstrong,42005,Lenape Heights,1107
PA,Armstrong,42005,West Kittanning,1090
PA,Armstrong,42005,West Hills,1085
PA,Armstrong,42005,Rural Valley,814
PA,Armstrong,42005,Parker,802
PA,Armstrong,42005,Pleasant View,691
PA,Armstrong,42005,Worthington,589
PA,Armstrong,42005,Dayton,510
PA,Armstrong,42005,South Bethlehem,447
PA,Armstrong,42005,North Vandergrift,424
PA,Armstrong,42005,Manorville,385
PA,Armstrong,42005,Ford Cliff,350
PA,Armstrong,42005,Elderton,335
PA,Armstrong,42005,Templeton,294
PA,Armstrong,42005,Applewold,286
PA,Armstrong,42005,Kiskimere,149
PA,Armstrong,42005,Atwood,103
PA,Beaver,42007,Economy,9098
PA,Beaver,42007,Aliquippa,8844
PA,Beaver,42007,Beaver Falls,8332
PA,Beaver,42007,Ambridge,6601
PA,Beaver,42007,New Brighton,5679
PA,Beaver,42007,Monaca,5421
PA,Beaver,42007,Beaver,4266
PA,Beaver,42007,Baden,3880
PA,Beaver,42007,Rochester,3440
PA,Beaver,42007,Ohioville,3284
PA,Beaver,42007,Midland,2469
PA,Beaver,42007,Conway,2067
PA,Beaver,42007,Big Beaver,1857
PA,Beaver,42007,Industry,1711
PA,Beaver,42007,Freedom,1472
PA,Beaver,42007,West Mayfield,1164
PA,Beaver,42007,Koppel,721
PA,Beaver,42007,Patterson Heights,597
PA,Beaver,42007,East Rochester,531
PA,Beaver,42007,South Heights,443
PA,Beaver,42007,New Galilee,352
PA,Beaver,42007,Fallston,244
PA,Beaver,42007,Eastvale,207
PA,Beaver,42007,Shippingport,189
PA,Beaver,42007,Georgetown,162
PA,Beaver,42007,Hookstown,138
PA,Beaver,42007,Frankfort Springs,122
PA,Beaver,42007,Homewood,105
PA,Beaver,42007,Glasgow,58
PA,Bedford,42009,Everett,3018
PA,Bedford,42009,Earlston,1241
PA,Bedford,42009,Hyndman,857
PA,Bedford,42009,Saxton,681
PA,Bedford,42009,Stonerstown,382
PA,Bedford,42009,Defiance,346
PA,Bedford,42009,Schellsburg,318
PA,Bedford,42009,Manns Choice,284
PA,Bedford,42009,Woodbury,264
PA,Bedford,42009,Hopewell,239
PA,Bedford,42009,New Paris,172
PA,Bedford,42009,Rainsburg,128
PA,Bedford,42009,St. Clairsville,75
PA,Berks,42011,Reading,267155
PA,Berks,42011,Wyomissing,10635
PA,Berks,42011,Kutztown,10137
PA,Berks,42011,Blandon,8111
PA,Berks,42011,Shillington,5319
PA,Berks,42011,Birdsboro,5143
PA,Berks,42011,Reiffton,4651
PA,Berks,42011,Whitfield,4560
PA,Berks,42011,Hamburg,4355
PA,Berks,42011,Pennside,4304
PA,Berks,42011,West Reading,4296
PA,Berks,42011,Sinking Spring,4106
PA,Berks,42011,Fleetwood,4104
PA,Berks,42011,Lorane,4085
PA,Berks,42011,Boyertown,4071
PA,Berks,42011,Laureldale,3909
PA,Berks,42011,Kutztown University,3604
PA,Berks,42011,Amity Gardens,3503
PA,Berks,42011,West Wyomissing,3255
PA,Berks,42011,Mount Penn,3121
PA,Berks,42011,Mohnton,3018
PA,Berks,42011,Womelsdorf,2907
PA,Berks,42011,Jacksonwald,2900
PA,Berks,42011,Kenhorst,2805
PA,Berks,42011,Wernersville,2799
PA,Berks,42011,Hyde Park,2692
PA,Berks,42011,Riverview Park,2620
PA,Berks,42011,West Hamburg,2108
PA,Berks,42011,Topton,2069
PA,Berks,42011,Robesonia,2067
PA,Berks,42011,Flying Hills,2030
PA,Berks,42011,South Temple,2018
PA,Berks,42011,Grill,1978
PA,Berks,42011,Leesport,1891
PA,Berks,42011,St. Lawrence,1840
PA,Berks,42011,Lincoln Park,1760
PA,Berks,42011,Temple,1689
PA,Berks,42011,Muhlenberg Park,1656
PA,Berks,42011,New Berlinville,1634
PA,Berks,42011,Fox Chase,1612
PA,Berks,42011,West Lawn,1567
PA,Berks,42011,Shoemakersville,1388
PA,Berks,42011,Colony Park,1289
PA,Berks,42011,Bally,1245
PA,Berks,42011,Springmont,1172
PA,Berks,42011,Greenfields,1056
PA,Berks,42011,Alleghenyville,1013
PA,Berks,42011,Mertztown,963
PA,Berks,42011,Bechtelsville,949
PA,Berks,42011,Bernville,945
PA,Berks,42011,Spring Ridge,917
PA,Berks,42011,Stony Creek Mills,863
PA,Berks,42011,Gibraltar,781
PA,Berks,42011,Edenburg,725
PA,Berks,42011,Morgantown,676
PA,Berks,42011,Dauberville,648
PA,Berks,42011,Walnuttown,618
PA,Berks,42011,Mohrsville,589
PA,Berks,42011,Pennwyn,538
PA,Berks,42011,Alsace Manor,490
PA,Berks,42011,Lyons,479
PA,Berks,42011,Baumstown,475
PA,Berks,42011,Shartlesville,469
PA,Berks,42011,Gouglersville,445
PA,Berks,42011,Douglassville,443
PA,Berks,42011,Stouchsburg,438
PA,Berks,42011,Montrose Manor,438
PA,Berks,42011,New Jerusalem,424
PA,Berks,42011,Strausstown,416
PA,Berks,42011,Virginville,371
PA,Berks,42011,Mount Aetna,368
PA,Berks,42011,Centerport,363
PA,Berks,42011,Frystown,330
PA,Berks,42011,Dryville,257
PA,Berks,42011,Schubert,239
PA,Berks,42011,Bowers,238
PA,Berks,42011,Lenhartsville,171
PA,Berks,42011,Rehrersburg,163
PA,Berks,42011,New Schaefferstown,135
PA,Berks,42011,Kempton,114
PA,Berks,42011,New Morgan,76
PA,Blair,42013,Altoona,74829
PA,Blair,42013,Tyrone,7151
PA,Blair,42013,Roaring Spring,6718
PA,Blair,42013,Hollidaysburg,5674
PA,Blair,42013,Greenwood,2780
PA,Blair,42013,Martinsburg,2563
PA,Blair,42013,Lakemont,1860
PA,Blair,42013,Bellwood,1751
PA,Blair,42013,Tipton,1544
PA,Blair,42013,Claysburg,1337
PA,Blair,42013,Williamsburg,1177
PA,Blair,42013,Duncansville,1163
PA,Blair,42013,Grazierville,795
PA,Blair,42013,East Freedom,789
PA,Blair,42013,Foot of Ten,695
PA,Blair,42013,Newry,286
PA,Blair,42013,Northwood,158
PA,Bradford,42015,Sayre,17281
PA,Bradford,42015,Towanda,4417
PA,Bradford,42015,Athens,3189
PA,Bradford,42015,Canton,1861
PA,Bradford,42015,Troy,1233
PA,Bradford,42015,South Waverly,1004
PA,Bradford,42015,Greens Landing,929
PA,Bradford,42015,Monroe,512
PA,Bradford,42015,Rome,405
PA,Bradford,42015,New Albany,338
PA,Bradford,42015,Le Raysville,276
PA,Bradford,42015,Sylvania,210
PA,Bradford,42015,Alba,145
PA,Bucks,42017,Levittown,51818
PA,Bucks,42017,Croydon,10034
PA,Bucks,42017,Quakertown,8784
PA,Bucks,42017,Perkasie,8738
PA,Bucks,42017,Morrisville,8521
PA,Bucks,42017,Fairless Hills,8379
PA,Bucks,42017,Richboro,6378
PA,Bucks,42017,Churchville,4412
PA,Bucks,42017,Sellersville,4283
PA,Bucks,42017,Chalfont,4269
PA,Bucks,42017,Trevose,4030
PA,Bucks,42017,Village Shires,3931
PA,Bucks,42017,Warminster Heights,3805
PA,Bucks,42017,Woodbourne,3685
PA,Bucks,42017,Newtown Grant,3562
PA,Bucks,42017,Brittany Farms-The Highlands,3557
PA,Bucks,42017,Plumsteadville,2581
PA,Bucks,42017,Feasterville,2571
PA,Bucks,42017,New Hope,2530
PA,Bucks,42017,Yardley,2514
PA,Bucks,42017,Woodside,2444
PA,Bucks,42017,Newtown,2240
PA,Bucks,42017,Tullytown,2181
PA,Bucks,42017,Penndel,2157
PA,Bucks,42017,Dublin,2133
PA,Bucks,42017,Eddington,2033
PA,Bucks,42017,Spinnerstown,1797
PA,Bucks,42017,Langhorne,1580
PA,Bucks,42017,Langhorne Manor,1424
PA,Bucks,42017,Richlandtown,1297
PA,Bucks,42017,Cornwells Heights,1182
PA,Bucks,42017,Milford Square,1034
PA,Bucks,42017,Hulmeville,999
PA,Bucks,42017,Ivyland,941
PA,Bucks,42017,Trumbauersville,935
PA,Bucks,42017,Silverdale,854
PA,Bucks,42017,Riegelsville,852
PA,Butler,42019,Butler,37796
PA,Butler,42019,Slippery Rock,6541
PA,Butler,42019,Homeacre-Lyndora,6498
PA,Butler,42019,Shanor-Northvue,5068
PA,Butler,42019,Meridian,3970
PA,Butler,42019,Zelienople,3603
PA,Butler,42019,Meadowood,2847
PA,Butler,42019,Seven Fields,2736
PA,Butler,42019,Slippery Rock University,2284
PA,Butler,42019,Oak Hills,2255
PA,Butler,42019,Evans City,1710
PA,Butler,42019,Mars,1612
PA,Butler,42019,Saxonburg,1438
PA,Butler,42019,Valencia,1362
PA,Butler,42019,Nixon,1265
PA,Butler,42019,Prospect,1109
PA,Butler,42019,Chicora,957
PA,Butler,42019,Harrisville,858
PA,Butler,42019,Harmony,840
PA,Butler,42019,Unionville,701
PA,Butler,42019,East Butler,684
PA,Butler,42019,Lake Arthur Estates,647
PA,Butler,42019,Bruin,491
PA,Butler,42019,Callery,379
PA,Butler,42019,West Liberty,330
PA,Butler,42019,Eau Claire,296
PA,Butler,42019,Portersville,224
PA,Butler,42019,Karns City,204
PA,Butler,42019,Petrolia,198
PA,Butler,42019,Fairview,184
PA,Butler,42019,West Sunbury,181
PA,Butler,42019,Cherry Valley,62
PA,Cambria,42021,Johnstown,63141
PA,Cambria,42021,Cresson,10078
PA,Cambria,42021,Portage,6546
PA,Cambria,42021,Northern Cambria,5981
PA,Cambria,42021,Westmont,4685
PA,Cambria,42021,Ebensburg,4478
PA,Cambria,42021,Nanty-Glo,3543
PA,Cambria,42021,Elim,3453
PA,Cambria,42021,Belmont,2582
PA,Cambria,42021,Geistown,2271
PA,Cambria,42021,Southmont,2076
PA,Cambria,42021,Mundys Corner,1683
PA,Cambria,42021,Gallitzin,1534
PA,Cambria,42021,University of Pittsburgh Johnstown,1509
PA,Cambria,42021,Ferndale,1495
PA,Cambria,42021,Oakland,1422
PA,Cambria,42021,Salix,1272
PA,Cambria,42021,Loretto,1190
PA,Cambria,42021,Hastings,1154
PA,Cambria,42021,Dale,1126
PA,Cambria,42021,East Conemaugh,1104
PA,Cambria,42021,Vinco,1098
PA,Cambria,42021,Lilly,880
PA,Cambria,42021,South Fork,842
PA,Cambria,42021,Spring Hill,831
PA,Cambria,42021,Colver,806
PA,Cambria,42021,Carrolltown,784
PA,Cambria,42021,Beaverdale,778
PA,Cambria,42021,Scalp Level,700
PA,Cambria,42021,Lorain,692
PA,Cambria,42021,Sankertown,614
PA,Cambria,42021,Revloc,586
PA,Cambria,42021,Summerhill,444
PA,Cambria,42021,Sidman,437
PA,Cambria,42021,Vintondale,375
PA,Cambria,42021,St. Michael,345
PA,Cambria,42021,Blandburg,334
PA,Cambria,42021,Tunnelhill,331
PA,Cambria,42021,Dunlo,312
PA,Cambria,42021,Daisytown,294
PA,Cambria,42021,Franklin,293
PA,Cambria,42021,Ashville,210
PA,Cambria,42021,Ehrenfeld,210
PA,Cambria,42021,Wilmore,205
PA,Cambria,42021,Chest Springs,140
PA,Cambria,42021,Cassandra,134
PA,Cameron,42023,Emporium,2344
PA,Cameron,42023,Driftwood,58
PA,Carbon,42025,Jim Thorpe,5449
PA,Carbon,42025,Palmerton,5336
PA,Carbon,42025,Lehighton,5313
PA,Carbon,42025,Lansford,3803
PA,Carbon,42025,Nesquehoning,3250
PA,Carbon,42025,Summit Hill,2954
PA,Carbon,42025,Weatherly,2458
PA,Carbon,42025,Towamensing Trails,1602
PA,Carbon,42025,Weissport East,1337
PA,Carbon,42025,Tresckow,1155
PA,Carbon,42025,Bowmanstown,884
PA,Carbon,42025,Beaver Meadows,834
PA,Carbon,42025,Parryville,502
PA,Carbon,42025,Holiday Pocono,398
PA,Carbon,42025,Weissport,397
PA,Carbon,42025,East Side,301
PA,Carbon,42025,Albrightsville,169
PA,Centre,42027,State College,87723
PA,Centre,42027,Bellefonte,12998
PA,Centre,42027,Park Forest Village,10299
PA,Centre,42027,Philipsburg,9754
PA,Centre,42027,Boalsburg,4642
PA,Centre,42027,Pleasant Gap,3310
PA,Centre,42027,Toftrees,2500
PA,Centre,42027,Stormstown,2429
PA,Centre,42027,Zion,2258
PA,Centre,42027,Lemont,2188
PA,Centre,42027,Houserville,1972
PA,Centre,42027,Pine Grove Mills,1463
PA,Centre,42027,Centre Hall,1228
PA,Centre,42027,Milesburg,1076
PA,Centre,42027,Ramblewood,950
PA,Centre,42027,Millheim,880
PA,Centre,42027,Nittany,736
PA,Centre,42027,North Philipsburg,713
PA,Centre,42027,Clarence,646
PA,Centre,42027,Port Matilda,587
PA,Centre,42027,Mingoville,580
PA,Centre,42027,Rebersburg,569
PA,Centre,42027,Blanchard,541
PA,Centre,42027,South Philipsburg,504
PA,Centre,42027,Aaronsburg,487
PA,Centre,42027,Snydertown,415
PA,Centre,42027,Spring Mills,359
PA,Centre,42027,Sandy Ridge,337
PA,Centre,42027,Moshannon,327
PA,Centre,42027,Madisonburg,223
PA,Centre,42027,Pine Glen,197
PA,Centre,42027,Monument,166
PA,Centre,42027,Coburn,164
PA,Centre,42027,Julian,139
PA,Centre,42027,Woodward,133
PA,Centre,42027,Orviston,131
PA,Centre,42027,Hublersburg,78
PA,Centre,42027,Mount Eagle,65
PA,Centre,42027,Baileyville,61
PA,Chester,42029,West Chester,20029
PA,Chester,42029,Phoenixville,16968
PA,Chester,42029,Coatesville,13069
PA,Chester,42029,Downingtown,7897
PA,Chester,42029,Lionville,6398
PA,Chester,42029,Kennett Square,6202
PA,Chester,42029,Paoli,5651
PA,Chester,42029,Oxford,5581
PA,Chester,42029,Exton,5382
PA,Chester,42029,Chesterbrook,4800
PA,Chester,42029,Parkesburg,3993
PA,Chester,42029,Elverson,3946
PA,Chester,42029,Thorndale,3655
PA,Chester,42029,Berwyn,3531
PA,Chester,42029,Malvern,3455
PA,Chester,42029,Spring City,3303
PA,Chester,42029,West Grove,2839
PA,Chester,42029,South Pottstown,2207
PA,Chester,42029,Kenilworth,1987
PA,Chester,42029,Devon,1869
PA,Chester,42029,Eagleview,1843
PA,Chester,42029,Lincoln University,1834
PA,Chester,42029,South Coatesville,1456
PA,Chester,42029,Atglen,1409
PA,Chester,42029,Avondale,1400
PA,Chester,42029,Toughkenamon,1282
PA,Chester,42029,Cochranville,635
PA,Chester,42029,Westwood,627
PA,Chester,42029,Pomeroy,590
PA,Chester,42029,Modena,530
PA,Chester,42029,Cheyney University,315
PA,Clarion,42031,Clarion,10138
PA,Clarion,42031,Marianne,1082
PA,Clarion,42031,Knox,1069
PA,Clarion,42031,New Bethlehem,917
PA,Clarion,42031,East Brady,906
PA,Clarion,42031,Rimersburg,881
PA,Clarion,42031,Sligo,666
PA,Clarion,42031,Strattanville,498
PA,Clarion,42031,Hawthorn,458
PA,Clarion,42031,Shippenville,442
PA,Clarion,42031,St. Petersburg,368
PA,Clarion,42031,Crown,274
PA,Clarion,42031,Callensburg,192
PA,Clarion,42031,Foxburg,174
PA,Clarion,42031,Leeper,152
PA,Clarion,42031,Tylersburg,99
PA,Clarion,42031,Vowinckel,84
PA,Clearfield,42033,DuBois,11241
PA,Clearfield,42033,Clearfield,10243
PA,Clearfield,42033,Houtzdale,3819
PA,Clearfield,42033,Treasure Lake,3439
PA,Clearfield,42033,Curwensville,2581
PA,Clearfield,42033,Plymptonville,1192
PA,Clearfield,42033,Hyde,1162
PA,Clearfield,42033,Osceola Mills,1069
PA,Clearfield,42033,Oklahoma,878
PA,Clearfield,42033,Chester Hill,831
PA,Clearfield,42033,Grassflat,800
PA,Clearfield,42033,Morrisdale,793
PA,Clearfield,42033,Irvona,611
PA,Clearfield,42033,Hawk Run,532
PA,Clearfield,42033,Coalport,491
PA,Clearfield,42033,West Decatur,435
PA,Clearfield,42033,Ramey,429
PA,Clearfield,42033,Allport,397
PA,Clearfield,42033,Brisbin,388
PA,Clearfield,42033,Westover,376
PA,Clearfield,42033,Mahaffey,352
PA,Clearfield,42033,Grampian,325
PA,Clearfield,42033,Wallaceton,304
PA,Clearfield,42033,Kylertown,282
PA,Clearfield,42033,Troutville,225
PA,Clearfield,42033,Burnside,223
PA,Clearfield,42033,Glen Hope,136
PA,Clearfield,42033,New Washington,55
PA,Clinton,42035,Lock Haven,16490
PA,Clinton,42035,Mill Hall,1608
PA,Clinton,42035,Avis,1490
PA,Clinton,42035,Dunnstown,1438
PA,Clinton,42035,Flemington,1326
PA,Clinton,42035,Renovo,1205
PA,Clinton,42035,Rauchtown,587
PA,Clinton,42035,Rote,546
PA,Clinton,42035,Loganton,478
PA,Clinton,42035,South Renovo,426
PA,Clinton,42035,McElhattan,385
PA,Columbia,42037,Bloomsburg,49840
PA,Columbia,42037,Berwick,9903
PA,Columbia,42037,Espy,1602
PA,Columbia,42037,Catawissa,1466
PA,Columbia,42037,Mifflinville,1129
PA,Columbia,42037,Almedia,992
PA,Columbia,42037,Lime Ridge,983
PA,Columbia,42037,Lightstreet,978
PA,Columbia,42037,Millville,922
PA,Columbia,42037,Benton,810
PA,Columbia,42037,Orangeville,479
PA,Columbia,42037,Fernville,450
PA,Columbia,42037,Buckhorn,349
PA,Columbia,42037,Aristes,322
PA,Columbia,42037,Numidia,274
PA,Columbia,42037,Rupert,222
PA,Columbia,42037,Stillwater,205
PA,Columbia,42037,Iola,197
PA,Columbia,42037,Locustdale,187
PA,Columbia,42037,Wilburton Number One,178
PA,Columbia,42037,Slabtown,152
PA,Columbia,42037,Jamison City,144
PA,Columbia,42037,Jerseytown,137
PA,Columbia,42037,Rohrsburg,133
PA,Columbia,42037,Mainville,96
PA,Columbia,42037,Wilburton Number Two,93
PA,Columbia,42037,Foundryville,89
PA,Columbia,42037,Eyers Grove,56
PA,Columbia,42037,Waller,39
PA,Columbia,42037,Centralia,11
PA,Crawford,42039,Meadville,22580
PA,Crawford,42039,Titusville,5279
PA,Crawford,42039,Cambridge Springs,2673
PA,Crawford,42039,Conneaut Lakeshore,2384
PA,Crawford,42039,Pymatuning Central,2163
PA,Crawford,42039,Cochranton,1076
PA,Crawford,42039,Linesville,976
PA,Crawford,42039,Saegertown,946
PA,Crawford,42039,Conneautville,729
PA,Crawford,42039,Conneaut Lake,619
PA,Crawford,42039,Canadohta Lake,521
PA,Crawford,42039,Hydetown,508
PA,Crawford,42039,Springboro,446
PA,Crawford,42039,Harmonsburg,410
PA,Crawford,42039,Blooming Valley,316
PA,Crawford,42039,Townville,309
PA,Crawford,42039,Pymatuning South,297
PA,Crawford,42039,Spartansburg,286
PA,Crawford,42039,Venango,249
PA,Crawford,42039,Pymatuning North,224
PA,Crawford,42039,Hartstown,216
PA,Crawford,42039,Lincolnville,195
PA,Crawford,42039,Geneva,120
PA,Crawford,42039,Guys Mills,118
PA,Crawford,42039,Kerrtown,88
PA,Crawford,42039,Atlantic,67
PA,Crawford,42039,Adamsville,57
PA,Crawford,42039,Riceville,47
PA,Cumberland,42041,Carlisle,19198
PA,Cumberland,42041,Shippensburg,17234
PA,Cumberland,42041,Mechanicsburg,8990
PA,Cumberland,42041,Camp Hill,7905
PA,Cumberland,42041,New Cumberland,7288
PA,Cumberland,42041,Enola,6251
PA,Cumberland,42041,Schlusser,4794
PA,Cumberland,42041,Lemoyne,4634
PA,Cumberland,42041,Mount Holly Springs,4463
PA,Cumberland,42041,Boiling Springs,3545
PA,Cumberland,42041,Wormleysburg,3054
PA,Cumberland,42041,Messiah College,2158
PA,Cumberland,42041,Shippensburg University,1937
PA,Cumberland,42041,Shiremanstown,1628
PA,Cumberland,42041,Newville,1347
PA,Cumberland,42041,West Fairview,1181
PA,Cumberland,42041,New Kingstown,709
PA,Cumberland,42041,Newburg,335
PA,Dauphin,42043,Harrisburg,442289
PA,Dauphin,42043,Hershey,14654
PA,Dauphin,42043,Colonial Park,13583
PA,Dauphin,42043,Progress,10094
PA,Dauphin,42043,Middletown,9594
PA,Dauphin,42043,Steelton,5962
PA,Dauphin,42043,Linglestown,5688
PA,Dauphin,42043,Paxtonia,5296
PA,Dauphin,42043,Rutherford,4919
PA,Dauphin,42043,Hummelstown,4823
PA,Dauphin,42043,Williamstown,4593
PA,Dauphin,42043,Millersburg,4467
PA,Dauphin,42043,Lawnton,3991
PA,Dauphin,42043,Skyline View,3929
PA,Dauphin,42043,Penbrook,2985
PA,Dauphin,42043,Lykens,2956
PA,Dauphin,42043,Highspire,2373
PA,Dauphin,42043,Bressler,1548
PA,Dauphin,42043,Paxtang,1546
PA,Dauphin,42043,Elizabethville,1494
PA,Dauphin,42043,Enhaut,1270
PA,Dauphin,42043,Palmdale,1252
PA,Dauphin,42043,Royalton,1022
PA,Dauphin,42043,Dauphin,801
PA,Dauphin,42043,Wiconsico,801
PA,Dauphin,42043,Gratz,756
PA,Dauphin,42043,Lenkerville,539
PA,Dauphin,42043,Union Deposit,411
PA,Dauphin,42043,Berrysburg,371
PA,Dauphin,42043,Oberlin,351
PA,Dauphin,42043,Pillow,297
PA,Delaware,42045,Chester,34000
PA,Delaware,42045,Drexel Hill,27939
PA,Delaware,42045,Yeadon,11496
PA,Delaware,42045,Broomall,11222
PA,Delaware,42045,Darby,10702
PA,Delaware,42045,Lansdowne,10647
PA,Delaware,42045,Woodlyn,9178
PA,Delaware,42045,Folsom,8913
PA,Delaware,42045,Collingdale,8794
PA,Delaware,42045,Brookhaven,8049
PA,Delaware,42045,Village Green-Green Ridge,7980
PA,Delaware,42045,Glenolden,7164
PA,Delaware,42045,Ridley Park,7065
PA,Delaware,42045,Clifton Heights,6697
PA,Delaware,42045,Folcroft,6632
PA,Delaware,42045,Prospect Park,6492
PA,Delaware,42045,Swarthmore,6346
PA,Delaware,42045,Boothwyn,6236
PA,Delaware,42045,Norwood,5897
PA,Delaware,42045,Sharon Hill,5689
PA,Delaware,42045,Media,5682
PA,Delaware,42045,Aldan,4160
PA,Delaware,42045,Upland,3326
PA,Delaware,42045,Linwood,3225
PA,Delaware,42045,Chester Heights,2742
PA,Delaware,42045,East Lansdowne,2671
PA,Delaware,42045,Morton,2670
PA,Delaware,42045,Colwyn,2551
PA,Delaware,42045,Eddystone,2412
PA,Delaware,42045,Marcus Hook,2402
PA,Delaware,42045,Parkside,2330
PA,Delaware,42045,Lima,1938
PA,Delaware,42045,Trainer,1836
PA,Delaware,42045,Haverford College,1239
PA,Delaware,42045,Millbourne,1160
PA,Delaware,42045,Rose Valley,948
PA,Delaware,42045,Rutledge,799
PA,Elk,42047,St. Marys,12260
PA,Elk,42047,Ridgway,4056
PA,Elk,42047,Johnsonburg,2291
PA,Elk,42047,Kersey,1067
PA,Elk,42047,Byrnedale,500
PA,Elk,42047,Weedville,465
PA,Elk,42047,Wilcox,358
PA,Elk,42047,James City,264
PA,Elk,42047,Force,166
PA,Erie,42049,Erie,184484
PA,Erie,42049,Northwest Harborcreek,9077
PA,Erie,42049,Edinboro,6222
PA,Erie,42049,Corry,6208
PA,Erie,42049,Albion,4372
PA,Erie,42049,Union City,3174
PA,Erie,42049,Wesleyville,3117
PA,Erie,42049,Girard,2913
PA,Erie,42049,Lake City,2854
PA,Erie,42049,Penn State Erie,1626
PA,Erie,42049,Avonia,1093
PA,Erie,42049,Cranesville,595
PA,Erie,42049,Platea,400
PA,Erie,42049,Mill Village,385
PA,Erie,42049,Wattsburg,381
PA,Erie,42049,Elgin,205
PA,Fayette,42051,Uniontown,48137
PA,Fayette,42051,Connellsville,7290
PA,Fayette,42051,Masontown,4220
PA,Fayette,42051,Oliver,2456
PA,Fayette,42051,Leith-Hatfield,2344
PA,Fayette,42051,Brownsville,2224
PA,Fayette,42051,East Uniontown,2176
PA,Fayette,42051,Hopwood,2043
PA,Fayette,42051,Fairchance,1886
PA,Fayette,42051,South Connellsville,1864
PA,Fayette,42051,Perryopolis,1666
PA,Fayette,42051,South Uniontown,1326
PA,Fayette,42051,Republic,1152
PA,Fayette,42051,Point Marion,1098
PA,Fayette,42051,Fairhope,1033
PA,Fayette,42051,Belle Vernon,1031
PA,Fayette,42051,Lemont Furnace,1011
PA,Fayette,42051,Farmington,964
PA,Fayette,42051,Hiller,953
PA,Fayette,42051,Smithfield,826
PA,Fayette,42051,Bear Rocks,794
PA,Fayette,42051,Everson,749
PA,Fayette,42051,Rowes Run,672
PA,Fayette,42051,Grindstone,599
PA,Fayette,42051,Fayette City,552
PA,Fayette,42051,Allison,533
PA,Fayette,42051,Smock,511
PA,Fayette,42051,Newell,506
PA,Fayette,42051,Vanderbilt,450
PA,Fayette,42051,Dawson,347
PA,Fayette,42051,Arnold City,315
PA,Fayette,42051,Markleysburg,281
PA,Fayette,42051,Star Junction,274
PA,Fayette,42051,Edenborn,199
PA,Fayette,42051,Ronco,155
PA,Fayette,42051,Chalkhill,102
PA,Fayette,42051,Naomi,73
PA,Fayette,42051,Ohiopyle,56
PA,Forest,42053,Marienville,4045
PA,Franklin,42055,Chambersburg,53083
PA,Franklin,42055,Waynesboro,26694
PA,Franklin,42055,Greencastle,3986
PA,Franklin,42055,Fayetteville,3047
PA,Franklin,42055,Wayne Heights,2616
PA,Franklin,42055,State Line,2491
PA,Franklin,42055,Mont Alto,1729
PA,Franklin,42055,Mercersburg,1532
PA,Franklin,42055,Marion,1170
PA,Franklin,42055,Pen Mar,1025
PA,Franklin,42055,Scotland,970
PA,Franklin,42055,Rouzerville,889
PA,Franklin,42055,Fort Loudon,822
PA,Franklin,42055,Blue Ridge Summit,672
PA,Franklin,42055,Orrstown,260
PA,Fulton,42057,McConnellsburg,1002
PA,Fulton,42057,Needmore,133
PA,Fulton,42057,Valley-Hi,15
PA,Greene,42059,Waynesburg,8227
PA,Greene,42059,Fairdale,2264
PA,Greene,42059,Mount Morris,713
PA,Greene,42059,Nemacolin,684
PA,Greene,42059,Dry Tavern,612
PA,Greene,42059,Bobtown,481
PA,Greene,42059,Mather,477
PA,Greene,42059,Carmichaels,442
PA,Greene,42059,Rices Landing,424
PA,Greene,42059,Crucible,369
PA,Greene,42059,West Waynesburg,331
PA,Greene,42059,Jefferson,253
PA,Greene,42059,Greensboro,241
PA,Greene,42059,Rogersville,232
PA,Greene,42059,Clarksville,218
PA,Greene,42059,Wind Ridge,211
PA,Greene,42059,Brave,189
PA,Greene,42059,Mapletown,114
PA,Greene,42059,New Freeport,58
PA,Huntingdon,42061,Huntingdon,11134
PA,Huntingdon,42061,Mount Union,3689
PA,Huntingdon,42061,McConnellstown,1524
PA,Huntingdon,42061,Allenport,550
PA,Huntingdon,42061,Petersburg,464
PA,Huntingdon,42061,Broad Top City,447
PA,Huntingdon,42061,Three Springs,433
PA,Huntingdon,42061,Mapleton,414
PA,Huntingdon,42061,Orbisonia,403
PA,Huntingdon,42061,Rockhill,362
PA,Huntingdon,42061,Alexandria,331
PA,Huntingdon,42061,Saltillo,331
PA,Huntingdon,42061,Mill Creek,317
PA,Huntingdon,42061,Marklesburg,196
PA,Huntingdon,42061,Dudley,180
PA,Huntingdon,42061,Shirleysburg,139
PA,Huntingdon,42061,Cassville,138
PA,Huntingdon,42061,Coalmont,101
PA,Huntingdon,42061,Shade Gap,89
PA,Indiana,42063,Indiana,27142
PA,Indiana,42063,Blairsville,6654
PA,Indiana,42063,Homer City,1588
PA,Indiana,42063,Chevy Chase Heights,1425
PA,Indiana,42063,Clymer,1266
PA,Indiana,42063,Lucerne Mines,999
PA,Indiana,42063,Saltsburg,803
PA,Indiana,42063,Rossiter,642
PA,Indiana,42063,Dicksonville,632
PA,Indiana,42063,Jacksonville,612
PA,Indiana,42063,Heilwood,593
PA,Indiana,42063,Robinson,444
PA,Indiana,42063,Ernest,431
PA,Indiana,42063,Marion Center,418
PA,Indiana,42063,Commodore,416
PA,Indiana,42063,Creekside,289
PA,Indiana,42063,Plumville,287
PA,Indiana,42063,Glen Campbell,227
PA,Indiana,42063,Coral,187
PA,Indiana,42063,Shelocta,121
PA,Indiana,42063,Graceton,98
PA,Indiana,42063,Smicksburg,43
PA,Jefferson,42065,Punxsutawney,6117
PA,Jefferson,42065,Brookville,4388
PA,Jefferson,42065,Brockway,2801
PA,Jefferson,42065,Reynoldsville,2724
PA,Jefferson,42065,Sykesville,1115
PA,Jefferson,42065,Falls Creek,999
PA,Jefferson,42065,Big Run,599
PA,Jefferson,42065,Summerville,505
PA,Jefferson,42065,Crenshaw,378
PA,Jefferson,42065,Corsica,344
PA,Jefferson,42065,Timblin,146
PA,Jefferson,42065,Worthville,65
PA,Juniata,42067,Mifflintown,4254
PA,Juniata,42067,McAlisterville,1000
PA,Juniata,42067,Port Royal,908
PA,Juniata,42067,Thompsontown,664
PA,Juniata,42067,Mifflin,620
PA,Juniata,42067,Richfield,499
PA,Juniata,42067,Mexico,367
PA,Juniata,42067,East Salem,221
PA,Juniata,42067,East Waterford,189
PA,Lackawanna,42069,Scranton,384250
PA,Lackawanna,42069,Dunmore,12954
PA,Lackawanna,42069,Carbondale,8383
PA,Lackawanna,42069,Old Forge,7894
PA,Lackawanna,42069,Archbald,7030
PA,Lackawanna,42069,Blakely,6210
PA,Lackawanna,42069,Taylor,5913
PA,Lackawanna,42069,Moosic,5832
PA,Lackawanna,42069,Dickson City,5761
PA,Lackawanna,42069,Olyphant,5023
PA,Lackawanna,42069,Clarks Summit,4865
PA,Lackawanna,42069,Jessup,4400
PA,Lackawanna,42069,Throop,3896
PA,Lackawanna,42069,Moscow,2823
PA,Lackawanna,42069,Chinchilla,2161
PA,Lackawanna,42069,Jermyn,2053
PA,Lackawanna,42069,Mount Cobb,1875
PA,Lackawanna,42069,Mayfield,1695
PA,Lackawanna,42069,Clarks Green,1394
PA,Lackawanna,42069,Dalton,1188
PA,Lackawanna,42069,Simpson,1114
PA,Lackawanna,42069,Big Bass Lake,1099
PA,Lackawanna,42069,Vandling,705
PA,Lancaster,42071,Lancaster,401524
PA,Lancaster,42071,Ephrata,13862
PA,Lancaster,42071,Elizabethtown,11445
PA,Lancaster,42071,Columbia,10355
PA,Lancaster,42071,Lititz,9465
PA,Lancaster,42071,Willow Street,8478
PA,Lancaster,42071,Millersville,8359
PA,Lancaster,42071,Mount Joy,8278
PA,Lancaster,42071,Quarryville,7741
PA,Lancaster,42071,Leola,7576
PA,Lancaster,42071,New Holland,5464
PA,Lancaster,42071,Manheim,4849
PA,Lancaster,42071,East Petersburg,4504
PA,Lancaster,42071,Akron,4015
PA,Lancaster,42071,Maytown,3928
PA,Lancaster,42071,Denver,3851
PA,Lancaster,42071,Reamstown,3142
PA,Lancaster,42071,Salunga,3139
PA,Lancaster,42071,Swartzville,2850
PA,Lancaster,42071,Mountville,2847
PA,Lancaster,42071,Marietta,2604
PA,Lancaster,42071,Rothsville,2586
PA,Lancaster,42071,Gap,2581
PA,Lancaster,42071,Brownstown,2576
PA,Lancaster,42071,Reinholds,2129
PA,Lancaster,42071,Landisville,2117
PA,Lancaster,42071,Bowmansville,1958
PA,Lancaster,42071,Adamstown,1880
PA,Lancaster,42071,Intercourse,1640
PA,Lancaster,42071,Rheems,1537
PA,Lancaster,42071,Bainbridge,1520
PA,Lancaster,42071,Fivepointville,1453
PA,Lancaster,42071,Terre Hill,1435
PA,Lancaster,42071,Lampeter,1358
PA,Lancaster,42071,Brickerville,1310
PA,Lancaster,42071,Georgetown,1182
PA,Lancaster,42071,Christiana,1171
PA,Lancaster,42071,Washington Boro,999
PA,Lancaster,42071,Penryn,992
PA,Lancaster,42071,Farmersville,935
PA,Lancaster,42071,Schoeneck,905
PA,Lancaster,42071,Blue Ball,827
PA,Lancaster,42071,Soudersburg,806
PA,Lancaster,42071,Gordonville,688
PA,Lancaster,42071,Goodville,580
PA,Lancaster,42071,Wakefield,571
PA,Lancaster,42071,Bird-in-Hand,566
PA,Lancaster,42071,Hopeland,554
PA,Lancaster,42071,Refton,490
PA,Lancaster,42071,Falmouth,478
PA,Lancaster,42071,Stevens,429
PA,Lancaster,42071,Churchtown,428
PA,Lancaster,42071,Kirkwood,411
PA,Lancaster,42071,Smoketown,355
PA,Lancaster,42071,Witmer,293
PA,Lancaster,42071,Ronks,133
PA,Lawrence,42073,New Castle,38930
PA,Lawrence,42073,Ellwood City,11962
PA,Lawrence,42073,New Wilmington,2349
PA,Lawrence,42073,Oakwood,2233
PA,Lawrence,42073,Oakland,1579
PA,Lawrence,42073,New Beaver,1421
PA,Lawrence,42073,New Castle Northwest,1393
PA,Lawrence,42073,Ellport,1103
PA,Lawrence,42073,Bessemer,1051
PA,Lawrence,42073,New Bedford,1032
PA,Lawrence,42073,West Pittsburg,679
PA,Lawrence,42073,South New Castle,664
PA,Lawrence,42073,Wampum,658
PA,Lawrence,42073,Frizzleburg,415
PA,Lawrence,42073,Chewton,357
PA,Lawrence,42073,Enon Valley,284
PA,Lawrence,42073,Volant,151
PA,Lawrence,42073,S.N.P.J.,19
PA,Lebanon,42075,Lebanon,78302
PA,Lebanon,42075,Palmyra,7587
PA,Lebanon,42075,Campbelltown,4725
PA,Lebanon,42075,Cornwall,4376
PA,Lebanon,42075,Myerstown,3251
PA,Lebanon,42075,Pleasant Hill,2809
PA,Lebanon,42075,Sand Hill,2627
PA,Lebanon,42075,Newmanstown,2449
PA,Lebanon,42075,Lebanon South,2320
PA,Lebanon,42075,Cleona,2219
PA,Lebanon,42075,Jonestown,2028
PA,Lebanon,42075,Fredericksburg,1726
PA,Lebanon,42075,Richland,1612
PA,Lebanon,42075,Avon,1398
PA,Lebanon,42075,Schaefferstown,1118
PA,Lebanon,42075,Hebron,1085
PA,Lebanon,42075,Timber Hills,679
PA,Lebanon,42075,Quentin,599
PA,Lebanon,42075,Mount Gretna Heights,342
PA,Lebanon,42075,Mount Gretna,209
PA,Lebanon,42075,Fort Indiantown Gap,91
PA,Lehigh,42077,Allentown,683794
PA,Lehigh,42077,Fullerton,15787
PA,Lehigh,42077,Emmaus,11467
PA,Lehigh,42077,Ancient Oaks,7387
PA,Lehigh,42077,Breinigsville,6784
PA,Lehigh,42077,Wescosville,6694
PA,Lehigh,42077,Catasauqua,6599
PA,Lehigh,42077,Fountain Hill,4699
PA,Lehigh,42077,Slatington,4307
PA,Lehigh,42077,Dorneyville,4224
PA,Lehigh,42077,Schnecksville,3336
PA,Lehigh,42077,Coplay,3214
PA,Lehigh,42077,Macungie,3178
PA,Lehigh,42077,Hokendauqua,2667
PA,Lehigh,42077,Cetronia,2648
PA,Lehigh,42077,Alburtis,2636
PA,Lehigh,42077,Coopersburg,2567
PA,Lehigh,42077,Egypt,2273
PA,Lehigh,42077,Trexlertown,1964
PA,Lehigh,42077,Cementon,1663
PA,Lehigh,42077,Stiles,1166
PA,Lehigh,42077,Laurys Station,973
PA,Lehigh,42077,New Tripoli,951
PA,Lehigh,42077,DeSales University,913
PA,Lehigh,42077,Slatedale,751
PA,Luzerne,42079,Hazleton,55604
PA,Luzerne,42079,Wilkes-Barre,40766
PA,Luzerne,42079,Kingston,12812
PA,Luzerne,42079,Mountain Top,11489
PA,Luzerne,42079,Nanticoke,10312
PA,Luzerne,42079,Pittston,7802
PA,Luzerne,42079,Plymouth,5794
PA,Luzerne,42079,Exeter,5541
PA,Luzerne,42079,Swoyersville,5009
PA,Luzerne,42079,Duryea,4852
PA,Luzerne,42079,West Pittston,4761
PA,Luzerne,42079,Edwardsville,4723
PA,Luzerne,42079,Larksville,4385
PA,Luzerne,42079,West Hazleton,4355
PA,Luzerne,42079,Forty Fort,4041
PA,Luzerne,42079,Freeland,3424
PA,Luzerne,42079,Wyoming,3011
PA,Luzerne,42079,Harveys Lake,2774
PA,Luzerne,42079,Ashley,2723
PA,Luzerne,42079,Dupont,2683
PA,Luzerne,42079,West Wyoming,2676
PA,Luzerne,42079,Avoca,2629
PA,Luzerne,42079,Trucksville,2436
PA,Luzerne,42079,East Berwick,2239
PA,Luzerne,42079,Shavertown,1981
PA,Luzerne,42079,Inkerman,1945
PA,Luzerne,42079,Georgetown,1909
PA,Luzerne,42079,Conyngham,1867
PA,Luzerne,42079,Beech Mountain Lakes,1789
PA,Luzerne,42079,Glen Lyon,1698
PA,Luzerne,42079,Nescopeck,1544
PA,Luzerne,42079,Hilldale,1512
PA,Luzerne,42079,Hudson,1446
PA,Luzerne,42079,Harleigh,1444
PA,Luzerne,42079,Laflin,1438
PA,Luzerne,42079,Hughestown,1349
PA,Luzerne,42079,Browntown,1288
PA,Luzerne,42079,White Haven,1100
PA,Luzerne,42079,Chase,968
PA,Luzerne,42079,Sugar Notch,962
PA,Luzerne,42079,Pringle,941
PA,Luzerne,42079,Silkworth,865
PA,Luzerne,42079,Shickshinny,813
PA,Luzerne,42079,Sheatown,782
PA,Luzerne,42079,Upper Exeter,756
PA,Luzerne,42079,Mocanaqua,735
PA,Luzerne,42079,Courtdale,716
PA,Luzerne,42079,Nuangola,677
PA,Luzerne,42079,Wanamie,626
PA,Luzerne,42079,Pardeesville,620
PA,Luzerne,42079,Yatesville,611
PA,Luzerne,42079,Warrior Run,581
PA,Luzerne,42079,Pikes Creek,531
PA,Luzerne,42079,Laurel Run,509
PA,Luzerne,42079,West Nanticoke,464
PA,Luzerne,42079,Lattimer,395
PA,Luzerne,42079,Hickory Hills,369
PA,Luzerne,42079,Penn Lake Park,308
PA,Luzerne,42079,Weston,274
PA,Luzerne,42079,Bear Creek Village,249
PA,Luzerne,42079,New Columbus,227
PA,Luzerne,42079,Jeddo,92
PA,Lycoming,42081,Williamsport,53861
PA,Lycoming,42081,Muncy,9245
PA,Lycoming,42081,Jersey Shore,9116
PA,Lycoming,42081,Montgomery,6159
PA,Lycoming,42081,South Williamsport,6068
PA,Lycoming,42081,Montoursville,4399
PA,Lycoming,42081,Kenmar,4275
PA,Lycoming,42081,Garden View,2779
PA,Lycoming,42081,Hughesville,2029
PA,Lycoming,42081,Faxon,1255
PA,Lycoming,42081,Duboistown,1171
PA,Lycoming,42081,Picture Rocks,644
PA,Lycoming,42081,Oval,387
PA,Lycoming,42081,Salladasburg,225
PA,McKean,42083,Bradford,11311
PA,McKean,42083,Kane,3483
PA,McKean,42083,Port Allegany,1998
PA,McKean,42083,Smethport,1530
PA,McKean,42083,Foster Brook,1086
PA,McKean,42083,Mount Jewett,849
PA,McKean,42083,Eldred,761
PA,McKean,42083,Lewis Run,567
PA,McKean,42083,Rew,158
PA,Mercer,42085,Hermitage,15471
PA,Mercer,42085,Sharon,12933
PA,Mercer,42085,Grove City,11085
PA,Mercer,42085,Greenville,9594
PA,Mercer,42085,Farrell,4580
PA,Mercer,42085,Sharpsville,4074
PA,Mercer,42085,Mercer,3608
PA,Mercer,42085,Reynolds Heights,1720
PA,Mercer,42085,Stoneboro,980
PA,Mercer,42085,Lake Latonka,844
PA,Mercer,42085,West Middlesex,803
PA,Mercer,42085,Clark,592
PA,Mercer,42085,Wheatland,582
PA,Mercer,42085,Jamestown,573
PA,Mercer,42085,Fredonia,455
PA,Mercer,42085,Jackson Center,207
PA,Mercer,42085,New Lebanon,171
PA,Mercer,42085,Sheakleyville,133
PA,Mifflin,42087,Lewistown,21614
PA,Mifflin,42087,Burnham,1993
PA,Mifflin,42087,Belleville,1760
PA,Mifflin,42087,Church Hill,1649
PA,Mifflin,42087,Highland Park,1504
PA,Mifflin,42087,Milroy,1246
PA,Mifflin,42087,Strodes Mills,1047
PA,Mifflin,42087,Yeagertown,917
PA,Mifflin,42087,Juniata Terrace,535
PA,Mifflin,42087,Mattawana,500
PA,Mifflin,42087,Reedsville,492
PA,Mifflin,42087,Allensville,464
PA,Mifflin,42087,Maitland,388
PA,Mifflin,42087,Barrville,374
PA,Mifflin,42087,McVeytown,331
PA,Mifflin,42087,Kistler,316
PA,Mifflin,42087,Lumber City,284
PA,Mifflin,42087,Potlicker Flats,283
PA,Mifflin,42087,Cedar Crest,268
PA,Mifflin,42087,Newton Hamilton,197
PA,Mifflin,42087,Alfarata,177
PA,Mifflin,42087,Longfellow,160
PA,Mifflin,42087,Siglerville,143
PA,Mifflin,42087,Wagner,129
PA,Mifflin,42087,Atkinson Mills,106
PA,Monroe,42089,East Stroudsburg,57577
PA,Monroe,42089,Mount Pocono,23820
PA,Monroe,42089,Arlington Heights,6129
PA,Monroe,42089,Stroudsburg,5558
PA,Monroe,42089,Penn Estates,5363
PA,Monroe,42089,Indian Mountain Lake,4719
PA,Monroe,42089,Sierra View,4680
PA,Monroe,42089,Emerald Lakes,3495
PA,Monroe,42089,Effort,2575
PA,Monroe,42089,Sun Valley,2330
PA,Monroe,42089,Brodheadsville,1460
PA,Monroe,42089,Mountainhome,1047
PA,Monroe,42089,Saylorsburg,1042
PA,Monroe,42089,Pocono Pines,1023
PA,Monroe,42089,Delaware Water Gap,752
PA,Montgomery,42091,Pottstown,108758
PA,Montgomery,42091,Norristown,34341
PA,Montgomery,42091,King of Prussia,21313
PA,Montgomery,42091,Lansdale,17083
PA,Montgomery,42091,Willow Grove,14992
PA,Montgomery,42091,Montgomeryville,13082
PA,Montgomery,42091,Ardmore,12808
PA,Montgomery,42091,Harleysville,9568
PA,Montgomery,42091,Audubon,9163
PA,Montgomery,42091,Sanatoga,8588
PA,Montgomery,42091,Kulpsville,8348
PA,Montgomery,42091,Conshohocken,8047
PA,Montgomery,42091,Glenside,7819
PA,Montgomery,42091,Hatboro,7501
PA,Montgomery,42091,Souderton,7082
PA,Montgomery,42091,Plymouth Meeting,6947
PA,Montgomery,42091,Maple Glen,6726
PA,Montgomery,42091,Ambler,6491
PA,Montgomery,42091,Blue Bell,6250
PA,Montgomery,42091,Trooper,5965
PA,Montgomery,42091,Penn Wynne,5932
PA,Montgomery,42091,Fort Washington,5728
PA,Montgomery,42091,Wyndmoor,5638
PA,Montgomery,42091,Oreland,5625
PA,Montgomery,42091,Gilbertsville,5438
PA,Montgomery,42091,Eagleville,5302
PA,Montgomery,42091,Collegeville,5174
PA,Montgomery,42091,Telford,4894
PA,Montgomery,42091,Royersford,4755
PA,Montgomery,42091,Bridgeport,4570
PA,Montgomery,42091,Jenkintown,4420
PA,Montgomery,42091,Narberth,4336
PA,Montgomery,42091,Flourtown,4331
PA,Montgomery,42091,Spring House,4045
PA,Montgomery,42091,Pennsburg,3855
PA,Montgomery,42091,Trappe,3725
PA,Montgomery,42091,Bryn Mawr,3708
PA,Montgomery,42091,Pottsgrove,3328
PA,Montgomery,42091,North Wales,3265
PA,Montgomery,42091,East Greenville,2940
PA,Montgomery,42091,Wyncote,2900
PA,Montgomery,42091,Halfway House,2881
PA,Montgomery,42091,Rockledge,2530
PA,Montgomery,42091,Red Hill,2361
PA,Montgomery,42091,Spring Mount,2247
PA,Montgomery,42091,Evansburg,2151
PA,Montgomery,42091,Woxall,1442
PA,Montgomery,42091,West Conshohocken,1432
PA,Montgomery,42091,Bryn Athyn,1404
PA,Montgomery,42091,Schwenksville,1379
PA,Montgomery,42091,Arcadia University,626
PA,Montgomery,42091,Green Lane,506
PA,Montour,42093,Danville,4648
PA,Montour,42093,Washingtonville,275
PA,Northampton,42095,Bethlehem,75815
PA,Northampton,42095,Easton,27189
PA,Northampton,42095,Northampton,9870
PA,Northampton,42095,Wilson,7807
PA,Northampton,42095,Middletown,7212
PA,Northampton,42095,Hellertown,5831
PA,Northampton,42095,Nazareth,5702
PA,Northampton,42095,Bangor,5228
PA,Northampton,42095,Palmer Heights,3837
PA,Northampton,42095,Pen Argyl,3556
PA,Northampton,42095,Eastlawn Gardens,3360
PA,Northampton,42095,North Catasauqua,2831
PA,Northampton,42095,Wind Gap,2738
PA,Northampton,42095,Bath,2668
PA,Northampton,42095,Freemansburg,2629
PA,Northampton,42095,Old Orchard,2185
PA,Northampton,42095,Walnutport,2087
PA,Northampton,42095,Cherryville,1729
PA,Northampton,42095,East Bangor,1628
PA,Northampton,42095,Roseto,1540
PA,Northampton,42095,Raubsville,1442
PA,Northampton,42095,West Easton,1250
PA,Northampton,42095,Tatamy,1174
PA,Northampton,42095,Stockertown,926
PA,Northampton,42095,Ackermanville,632
PA,Northampton,42095,Portland,513
PA,Northampton,42095,Martins Creek,437
PA,Northampton,42095,Glendon,358
PA,Northampton,42095,Chapman,206
PA,Northumberland,42097,Milton,28851
PA,Northumberland,42097,Shamokin,28457
PA,Northumberland,42097,Sunbury,27921
PA,Northumberland,42097,Mount Carmel,5724
PA,Northumberland,42097,Northumberland,3607
PA,Northumberland,42097,Kulpmont,2754
PA,Northumberland,42097,Watsontown,2252
PA,Northumberland,42097,Fairview-Ferndale,2036
PA,Northumberland,42097,Elysburg,1863
PA,Northumberland,42097,Riverside,1853
PA,Northumberland,42097,Trevorton,1601
PA,Northumberland,42097,Dewart,1520
PA,Northumberland,42097,Marshallton,1160
PA,Northumberland,42097,Montandon,889
PA,Northumberland,42097,Kapp Heights,878
PA,Northumberland,42097,Atlas,814
PA,Northumberland,42097,Turbotville,665
PA,Northumberland,42097,Marion Heights,578
PA,Northumberland,42097,Dalmatia,437
PA,Northumberland,42097,Tharptown,380
PA,Northumberland,42097,Ranshaw,319
PA,Northumberland,42097,Herndon,300
PA,Northumberland,42097,McEwensville,272
PA,Perry,42099,Marysville,2559
PA,Perry,42099,Duncannon,1489
PA,Perry,42099,Bloomfield,1256
PA,Perry,42099,Millerstown,681
PA,Perry,42099,Blain,263
PA,Perry,42099,Landisburg,219
PA,Perry,42099,New Buffalo,127
PA,Philadelphia,42101,Philadelphia,5649300
PA,Pike,42103,Pocono Woodland Lakes,3979
PA,Pike,42103,Saw Creek,3582
PA,Pike,42103,Hemlock Farms,3326
PA,Pike,42103,Pine Ridge,2703
PA,Pike,42103,Matamoras,2362
PA,Pike,42103,Gold Key Lake,1498
PA,Pike,42103,Conashaugh Lakes,1315
PA,Pike,42103,Pocono Ranch Lands,1205
PA,Pike,42103,Birchwood Lakes,1139
PA,Pike,42103,Milford,982
PA,Pike,42103,Sunrise Lake,972
PA,Pike,42103,Pocono Mountain Lake Estates,731
PA,Pike,42103,Masthope,601
PA,Pike,42103,Fawn Lake Forest,555
PA,Potter,42105,Coudersport,2404
PA,Potter,42105,Galeton,1077
PA,Potter,42105,Shinglehouse,1054
PA,Potter,42105,Austin,531
PA,Potter,42105,Sweden Valley,226
PA,Schuylkill,42107,Pottsville,40685
PA,Schuylkill,42107,Shenandoah,17840
PA,Schuylkill,42107,Tamaqua,14252
PA,Schuylkill,42107,Ashland,7437
PA,Schuylkill,42107,Orwigsburg,5376
PA,Schuylkill,42107,Schuylkill Haven,5106
PA,Schuylkill,42107,Minersville,4157
PA,Schuylkill,42107,Mahanoy City,3944
PA,Schuylkill,42107,Frackville,3611
PA,Schuylkill,42107,Pine Grove,3277
PA,Schuylkill,42107,St. Clair,2830
PA,Schuylkill,42107,Lake Wynonah,2501
PA,Schuylkill,42107,McAdoo,2156
PA,Schuylkill,42107,Coaldale,2140
PA,Schuylkill,42107,Port Carbon,1775
PA,Schuylkill,42107,Tremont,1666
PA,Schuylkill,42107,Cressona,1591
PA,Schuylkill,42107,Girardville,1440
PA,Schuylkill,42107,Shenandoah Heights,1402
PA,Schuylkill,42107,Tower City,1277
PA,Schuylkill,42107,Hometown,1168
PA,Schuylkill,42107,New Philadelphia,1031
PA,Schuylkill,42107,Palo Alto,978
PA,Schuylkill,42107,Tuscarora,952
PA,Schuylkill,42107,Friedensburg,816
PA,Schuylkill,42107,Ringtown,756
PA,Schuylkill,42107,Ravine,754
PA,Schuylkill,42107,Renningers,750
PA,Schuylkill,42107,Gordon,724
PA,Schuylkill,42107,Gilberton,723
PA,Schuylkill,42107,Deer Lake,659
PA,Schuylkill,42107,Park Crest,596
PA,Schuylkill,42107,Altamont,583
PA,Schuylkill,42107,Nuremberg,541
PA,Schuylkill,42107,Englewood,527
PA,Schuylkill,42107,Reinerton,517
PA,Schuylkill,42107,Lavelle,490
PA,Schuylkill,42107,Kelayres,487
PA,Schuylkill,42107,Forestville,466
PA,Schuylkill,42107,Mechanicsville,435
PA,Schuylkill,42107,Muir,424
PA,Schuylkill,42107,Marlin,420
PA,Schuylkill,42107,Middleport,377
PA,Schuylkill,42107,Fountain Springs,377
PA,Schuylkill,42107,Cumbola,353
PA,Schuylkill,42107,Branchdale,332
PA,Schuylkill,42107,Port Clinton,307
PA,Schuylkill,42107,Grier City,296
PA,Schuylkill,42107,Orwin,292
PA,Schuylkill,42107,Seltzer,281
PA,Schuylkill,42107,New Ringgold,262
PA,Schuylkill,42107,Donaldson,261
PA,Schuylkill,42107,Buck Run,253
PA,Schuylkill,42107,Brandonville,249
PA,Schuylkill,42107,Newtown,236
PA,Schuylkill,42107,Sheppton,222
PA,Schuylkill,42107,Summit Station,197
PA,Schuylkill,42107,Heckscherville,188
PA,Schuylkill,42107,Landingville,150
PA,Schuylkill,42107,McKeansburg,149
PA,Schuylkill,42107,Klingerstown,90
PA,Schuylkill,42107,Mount Carbon,86
PA,Schuylkill,42107,Beurys Lake,74
PA,Snyder,42109,Selinsgrove,5902
PA,Snyder,42109,Shamokin Dam,1706
PA,Snyder,42109,Middleburg,1270
PA,Snyder,42109,Hummels Wharf,1266
PA,Snyder,42109,Beavertown,963
PA,Snyder,42109,McClure,921
PA,Snyder,42109,Port Trevorton,865
PA,Snyder,42109,Kreamer,724
PA,Snyder,42109,Penns Creek,674
PA,Snyder,42109,Beaver Springs,580
PA,Snyder,42109,Freeburg,566
PA,Snyder,42109,Mount Pleasant Mills,385
PA,Snyder,42109,Kratzerville,337
PA,Snyder,42109,Troxelville,322
PA,Snyder,42109,Paxtonville,268
PA,Somerset,42111,Somerset,11738
PA,Somerset,42111,Windber,3816
PA,Somerset,42111,Meyersdale,2399
PA,Somerset,42111,Friedens,1445
PA,Somerset,42111,Boswell,1186
PA,Somerset,42111,Central City,1029
PA,Somerset,42111,Paint,935
PA,Somerset,42111,Rockwood,820
PA,Somerset,42111,Davidsville,805
PA,Somerset,42111,Confluence,727
PA,Somerset,42111,Jerome,722
PA,Somerset,42111,Salisbury,675
PA,Somerset,42111,Jennerstown,640
PA,Somerset,42111,Hooversville,594
PA,Somerset,42111,Cairnbrook,559
PA,Somerset,42111,Garrett,432
PA,Somerset,42111,Indian Lake,378
PA,Somerset,42111,Stoystown,319
PA,Somerset,42111,Shanksville,212
PA,Somerset,42111,Ursina,208
PA,Somerset,42111,Benson,186
PA,Somerset,42111,Wellersburg,171
PA,Somerset,42111,New Baltimore,168
PA,Somerset,42111,New Centerville,128
PA,Somerset,42111,Casselman,93
PA,Somerset,42111,Edie,47
PA,Somerset,42111,Callimont,38
PA,Somerset,42111,Seven Springs,24
PA,Sullivan,42113,Dushore,556
PA,Sullivan,42113,Forksville,135
PA,Sullivan,42113,Eagles Mere,113
PA,Susquehanna,42115,Susquehanna Depot,2380
PA,Susquehanna,42115,Forest City,1741
PA,Susquehanna,42115,Montrose,1477
PA,Susquehanna,42115,Hallstead,1203
PA,Susquehanna,42115,Oakland,562
PA,Susquehanna,42115,Lanesboro,454
PA,Susquehanna,42115,Hop Bottom,313
PA,Susquehanna,42115,Thompson,269
PA,Susquehanna,42115,Little Meadows,247
PA,Susquehanna,42115,Union Dale,239
PA,Susquehanna,42115,Friendsville,107
PA,Tioga,42117,Mansfield,3341
PA,Tioga,42117,Wellsboro,3227
PA,Tioga,42117,Elkland,1739
PA,Tioga,42117,Blossburg,1482
PA,Tioga,42117,Westfield,1036
PA,Tioga,42117,Lawrenceville,612
PA,Tioga,42117,Knoxville,599
PA,Tioga,42117,Arnot,479
PA,Tioga,42117,Millerton,298
PA,Tioga,42117,Liberty,234
PA,Tioga,42117,Roseville,184
PA,Union,42119,Lewisburg,5708
PA,Union,42119,Mifflinburg,4282
PA,Union,42119,West Milton,1588
PA,Union,42119,Linntown,1421
PA,Union,42119,New Columbia,1077
PA,Union,42119,New Berlin,826
PA,Union,42119,Vicksburg,712
PA,Union,42119,Laurelton,415
PA,Union,42119,Hartleton,278
PA,Union,42119,Allenwood,271
PA,Venango,42121,Oil City,13935
PA,Venango,42121,Franklin,8802
PA,Venango,42121,Sugarcreek,4904
PA,Venango,42121,Hasson Heights,1533
PA,Venango,42121,Woodland Heights,1129
PA,Venango,42121,Seneca,984
PA,Venango,42121,Pleasantville,812
PA,Venango,42121,Polk,768
PA,Venango,42121,Emlenton,573
PA,Venango,42121,Rouseville,473
PA,Venango,42121,Clintonville,466
PA,Venango,42121,Cooperstown,420
PA,Venango,42121,Barkeyville,200
PA,Venango,42121,Kennerdell,177
PA,Venango,42121,Utica,169
PA,Venango,42121,Hannasville,161
PA,Warren,42123,Warren,14370
PA,Warren,42123,Youngsville,2722
PA,Warren,42123,North Warren,1807
PA,Warren,42123,Russell,1510
PA,Warren,42123,Tidioute,641
PA,Warren,42123,Sugar Grove,573
PA,Warren,42123,Starbrick,424
PA,Warren,42123,Clarendon,424
PA,Warren,42123,Bear Lake,155
PA,Washington,42125,Washington,13433
PA,Washington,42125,Canonsburg,8760
PA,Washington,42125,California,6276
PA,Washington,42125,Donora,4562
PA,Washington,42125,McMurray,4215
PA,Washington,42125,Monongahela,4102
PA,Washington,42125,Charleroi,3901
PA,Washington,42125,Thompsonville,3574
PA,Washington,42125,Burgettstown,3187
PA,Washington,42125,Centerville,3139
PA,Washington,42125,McGovern,2790
PA,Washington,42125,Muse,2678
PA,Washington,42125,Wolfdale,2626
PA,Washington,42125,Bentleyville,2480
PA,Washington,42125,Gastonville,2459
PA,Washington,42125,Cecil-Bishop,2201
PA,Washington,42125,New Eagle,2085
PA,Washington,42125,McDonald,2050
PA,Washington,42125,Wickerham Manor-Fisher,1995
PA,Washington,42125,East Washington,1810
PA,Washington,42125,Baidland,1560
PA,Washington,42125,North Charleroi,1261
PA,Washington,42125,Meadowlands,1249
PA,Washington,42125,Houston,1238
PA,Washington,42125,Speers,1066
PA,Washington,42125,Ellsworth,963
PA,Washington,42125,West Brownsville,958
PA,Washington,42125,Avella,888
PA,Washington,42125,Paris,842
PA,Washington,42125,Claysville,818
PA,Washington,42125,Roscoe,793
PA,Washington,42125,Langeloth,742
PA,Washington,42125,Deemston,697
PA,Washington,42125,Atlasburg,625
PA,Washington,42125,Cokeburg,605
PA,Washington,42125,Hickory,561
PA,Washington,42125,Fredericktown,552
PA,Washington,42125,Slovan,548
PA,Washington,42125,Stockdale,499
PA,Washington,42125,West Alexander,479
PA,Washington,42125,Millsboro,472
PA,Washington,42125,Marianna,471
PA,Washington,42125,Beallsville,465
PA,Washington,42125,Eighty Four,462
PA,Washington,42125,Long Branch,432
PA,Washington,42125,Joffre,415
PA,Washington,42125,Dunlevy,408
PA,Washington,42125,Wylandville,394
PA,Washington,42125,Finleyville,393
PA,Washington,42125,Southview,380
PA,Washington,42125,Elrama,351
PA,Washington,42125,Lawrence,343
PA,Washington,42125,Bulger,339
PA,Washington,42125,Elco,306
PA,Washington,42125,Twilight,225
PA,Washington,42125,Taylorstown,216
PA,Washington,42125,Hendersonville,195
PA,Washington,42125,Van Voorhis,179
PA,Washington,42125,West Middletown,133
PA,Washington,42125,Coal Center,131
PA,Washington,42125,Westland,46
PA,Washington,42125,Green Hills,28
PA,Wayne,42127,Honesdale,5589
PA,Wayne,42127,The Hideout,1385
PA,Wayne,42127,Pocono Springs,1325
PA,Wayne,42127,Waymart,1269
PA,Wayne,42127,Hawley,1153
PA,Wayne,42127,Wallenpaupack Lake Estates,1122
PA,Wayne,42127,White Mills,965
PA,Wayne,42127,Gouldsboro,849
PA,Wayne,42127,Prompton,234
PA,Wayne,42127,Bethany,224
PA,Wayne,42127,Starrucca,165
PA,Westmoreland,42129,Monessen,61960
PA,Westmoreland,42129,Murrysville,19590
PA,Westmoreland,42129,Greensburg,14113
PA,Westmoreland,42129,New Kensington,12292
PA,Westmoreland,42129,Lower Burrell,11078
PA,Westmoreland,42129,Jeannette,9074
PA,Westmoreland,42129,Latrobe,7830
PA,Westmoreland,42129,Vandergrift,4875
PA,Westmoreland,42129,Arnold,4831
PA,Westmoreland,42129,Mount Pleasant,4221
PA,Westmoreland,42129,Scottdale,4094
PA,Westmoreland,42129,Level Green,3881
PA,Westmoreland,42129,Irwin,3744
PA,Westmoreland,42129,Loyalhanna,3456
PA,Westmoreland,42129,Manor,3344
PA,Westmoreland,42129,Trafford,3039
PA,Westmoreland,42129,Youngwood,2857
PA,Westmoreland,42129,Lawson Heights,2564
PA,Westmoreland,42129,Delmont,2525
PA,Westmoreland,42129,Derry,2512
PA,Westmoreland,42129,West Newton,2480
PA,Westmoreland,42129,New Stanton,2060
PA,Westmoreland,42129,Southwest Greensburg,2018
PA,Westmoreland,42129,South Greensburg,1996
PA,Westmoreland,42129,Lynnwood-Pricedale,1889
PA,Westmoreland,42129,North Belle Vernon,1857
PA,Westmoreland,42129,Calumet,1593
PA,Westmoreland,42129,St. Vincent College,1305
PA,Westmoreland,42129,Fellsburg,1255
PA,Westmoreland,42129,West Leechburg,1221
PA,Westmoreland,42129,Collinsburg,969
PA,Westmoreland,42129,Avonmore,952
PA,Westmoreland,42129,Export,856
PA,Westmoreland,42129,North Irwin,787
PA,Westmoreland,42129,Norvelt,770
PA,Westmoreland,42129,New Florence,647
PA,Westmoreland,42129,East Vandergrift,635
PA,Westmoreland,42129,Yukon,584
PA,Westmoreland,42129,Wyano,574
PA,Westmoreland,42129,Sutersville,570
PA,Westmoreland,42129,Hostetter,560
PA,Westmoreland,42129,Millwood,547
PA,Westmoreland,42129,New Alexandria,526
PA,Westmoreland,42129,Grapeville,487
PA,Westmoreland,42129,Mammoth,467
PA,Westmoreland,42129,Penn,465
PA,Westmoreland,42129,Seward,462
PA,Westmoreland,42129,Bolivar,436
PA,Westmoreland,42129,Smithton,373
PA,Westmoreland,42129,Madison,367
PA,Westmoreland,42129,Bradenville,364
PA,Westmoreland,42129,Arona,346
PA,Westmoreland,42129,Youngstown,305
PA,Westmoreland,42129,Hunker,272
PA,Westmoreland,42129,Herminie,254
PA,Westmoreland,42129,Slickville,215
PA,Westmoreland,42129,Adamsburg,162
PA,Westmoreland,42129,Laurel Mountain,154
PA,Westmoreland,42129,Webster,154
PA,Westmoreland,42129,Crabtree,152
PA,Westmoreland,42129,Donegal,110
PA,Westmoreland,42129,Harrison City,38
PA,Wyoming,42131,Tunkhannock,3167
PA,Wyoming,42131,Factoryville,1167
PA,Wyoming,42131,Nicholson,708
PA,Wyoming,42131,Lake Winola,662
PA,Wyoming,42131,West Falls,373
PA,Wyoming,42131,Laceyville,348
PA,York,42133,York,233184
PA,York,42133,Hanover,68165
PA,York,42133,New Freedom,14882
PA,York,42133,Weigelstown,12812
PA,York,42133,Shiloh,11007
PA,York,42133,East York,8495
PA,York,42133,Parkville,7234
PA,York,42133,Red Lion,6330
PA,York,42133,Stewartstown,5057
PA,York,42133,Spry,4588
PA,York,42133,West York,4571
PA,York,42133,Grantley,3864
PA,York,42133,Dallastown,3857
PA,York,42133,Shrewsbury,3855
PA,York,42133,Valley Green,3785
PA,York,42133,Emigsville,3032
PA,York,42133,Manchester,2740
PA,York,42133,Hallam,2645
PA,York,42133,Valley View,2602
PA,York,42133,East Prospect,2588
PA,York,42133,Dillsburg,2582
PA,York,42133,Wrightsville,2296
PA,York,42133,Spring Grove,2178
PA,York,42133,Stonybrook,2151
PA,York,42133,Glen Rock,2065
PA,York,42133,Pennville,2028
PA,York,42133,North York,2027
PA,York,42133,Tyler Run,2021
PA,York,42133,Yorklyn,1977
PA,York,42133,Jacobus,1833
PA,York,42133,Susquehanna Trails,1821
PA,York,42133,Windsor,1485
PA,York,42133,Queens Gate,1437
PA,York,42133,Mount Wolf,1385
PA,York,42133,Loganville,1313
PA,York,42133,Yoe,1014
PA,York,42133,Goldsboro,941
PA,York,42133,New Salem,791
PA,York,42133,New Market,732
PA,York,42133,Jefferson,732
PA,York,42133,Delta,723
PA,York,42133,York Haven,693
PA,York,42133,Winterstown,627
PA,York,42133,Felton,512
PA,York,42133,Seven Valleys,511
PA,York,42133,Franklintown,508
PA,York,42133,Cross Roads,505
PA,York,42133,Fawn Grove,451
PA,York,42133,Lewisberry,356
PA,York,42133,Railroad,280
PA,York,42133,Wellsville,254
PA,York,42133,Yorkana,229
PR,Adjuntas,72001,Adjuntas,4258
PR,Aguada,72003,Luyando,3028
PR,Aguada,72003,Aguada,2812
PR,Aguadilla,72005,Aguadilla,10739
PR,Aguadilla,72005,Cabán,3248
PR,Aguadilla,72005,San Antonio,1625
PR,Aguadilla,72005,Rafael Hernández,954
PR,Aguas Buenas,72007,Aguas Buenas,3446
PR,Aguas Buenas,72007,Santa Clara,659
PR,Aibonito,72009,Aibonito,7820
PR,Aibonito,72009,Pastos,1258
PR,Arecibo,72013,Arecibo,39176
PR,Arecibo,72013,Bajadero,3326
PR,Arecibo,72013,Sabana Hoyos,1772
PR,Arecibo,72013,La Alianza,1484
PR,Arecibo,72013,Animas,1171
PR,Arroyo,72015,Arroyo,6076
PR,Arroyo,72015,Buena Vista,1791
PR,Arroyo,72015,Yaurel,1463
PR,Arroyo,72015,Palmas,930
PR,Añasco,72011,Añasco,5355
PR,Añasco,72011,Las Marías,2063
PR,Añasco,72011,La Playa,1651
PR,Añasco,72011,Espino,770
PR,Barceloneta,72017,Imbéry,4144
PR,Barceloneta,72017,Barceloneta,3957
PR,Barceloneta,72017,Tiburones,2417
PR,Barceloneta,72017,Garrochales,1117
PR,Barceloneta,72017,Búfalo,721
PR,Barranquitas,72019,Barranquitas,2381
PR,Bayamón,72021,Bayamón,161034
PR,Cabo Rojo,72023,Cabo Rojo,8861
PR,Cabo Rojo,72023,Puerto Real,6621
PR,Cabo Rojo,72023,Monte Grande,3159
PR,Cabo Rojo,72023,Boquerón,2280
PR,Cabo Rojo,72023,Pole Ojea,1646
PR,Cabo Rojo,72023,Betances,843
PR,Cabo Rojo,72023,El Combate,180
PR,Caguas,72025,Caguas,73322
PR,Caguas,72025,Hacienda San José,2833
PR,Caguas,72025,Los Prados,2249
PR,Caguas,72025,Las Carolinas,1898
PR,Caguas,72025,Parcelas Viejas Borinquen,747
PR,Caguas,72025,Bairoa La Veinticinco,563
PR,Caguas,72025,La Liga,242
PR,Caguas,72025,Los Panes,33
PR,Camuy,72027,Camuy,4080
PR,Camuy,72027,Alianza,2453
PR,Camuy,72027,Piedra Gorda,1428
PR,Camuy,72027,Quebrada,985
PR,Canóvanas,72029,Canóvanas,7377
PR,Canóvanas,72029,San Isidro,7046
PR,Canóvanas,72029,Santa Bárbara,4731
PR,Canóvanas,72029,Campo Rico,2398
PR,Canóvanas,72029,Benítez,1454
PR,Canóvanas,72029,Lomas,1407
PR,Carolina,72031,Carolina,136771
PR,Cataño,72033,Cataño,24271
PR,Cayey,72035,Cayey,14347
PR,Cayey,72035,G. L. García,1841
PR,Ceiba,72037,Ceiba,5551
PR,Ceiba,72037,Aguas Claras,2266
PR,Ciales,72039,Ciales,2116
PR,Cidra,72041,Cidra,5835
PR,Cidra,72041,Parcelas La Milagrosa,1366
PR,Cidra,72041,Parcelas Nuevas,940
PR,Cidra,72041,Rodríguez Hevia,211
PR,Coamo,72043,Coamo,11012
PR,Coamo,72043,Mariano Colón,2626
PR,Coamo,72043,Los Llanos,2244
PR,Comerío,72045,Comerío,4624
PR,Corozal,72047,Corozal,9031
PR,Culebra,72049,Culebra,1133
PR,Dorado,72051,Dorado,12695
PR,Dorado,72051,San Antonio,7655
PR,Dorado,72051,Río Lajas,2485
PR,Fajardo,72053,Fajardo,24950
PR,Fajardo,72053,Luis M. Cintrón,1621
PR,Fajardo,72053,Las Croabas,920
PR,Florida,72054,Florida,4260
PR,Florida,72054,Pajonal,588
PR,Guayama,72057,Guayama,20913
PR,Guayama,72057,Olimpo,2206
PR,Guayama,72057,Corazón,2191
PR,Guayama,72057,Jobos,1897
PR,Guayama,72057,Pueblito del Carmen,695
PR,Guayanilla,72059,Guayanilla,4501
PR,Guayanilla,72059,Indios,1358
PR,Guayanilla,72059,Magas Arriba,938
PR,Guaynabo,72061,Guaynabo,68024
PR,Gurabo,72063,Gurabo,7511
PR,Gurabo,72063,Celada,3759
PR,Gurabo,72063,Parcelas de Navarro,1665
PR,Guánica,72055,Guánica,6763
PR,Guánica,72055,El Tumbao,1730
PR,Guánica,72055,Fuig,1264
PR,Guánica,72055,María Antonia,1016
PR,Hatillo,72065,Hatillo,4029
PR,Hatillo,72065,Carrizales,3033
PR,Hatillo,72065,Rafael González,2037
PR,Hatillo,72065,Corcovado,1837
PR,Hatillo,72065,Rafael Capó,1496
PR,Hormigueros,72067,Hormigueros,11190
PR,Humacao,72069,Humacao,17939
PR,Humacao,72069,Punta Santiago,4074
PR,Humacao,72069,Antón Ruíz,2493
PR,Humacao,72069,La Fermina,2236
PR,Humacao,72069,Palmas del Mar,2192
PR,Humacao,72069,Candelero Arriba,1036
PR,Humacao,72069,Bajandas,866
PR,Humacao,72069,Candelero Abajo,234
PR,Isabela,72071,Isabela,10052
PR,Isabela,72071,Mora,1504
PR,Jayuya,72073,Jayuya,2517
PR,Juana Díaz,72075,Juana Díaz,6636
PR,Juana Díaz,72075,Aguilita,4069
PR,Juana Díaz,72075,Capitanejo,3186
PR,Juana Díaz,72075,Luis Lloréns Torres,2984
PR,Juana Díaz,72075,Potala Pastillo,2818
PR,Juana Díaz,72075,Piedra Aguza,2718
PR,Juana Díaz,72075,Guayabal,1450
PR,Juana Díaz,72075,Río Cañas Abajo,1270
PR,Juncos,72077,Juncos,7607
PR,Juncos,72077,El Mangó,2011
PR,Lajas,72079,Lajas,4596
PR,Lajas,72079,Palmarejo,1393
PR,Lajas,72079,Maguayo,845
PR,Lajas,72079,La Parguera,733
PR,Lares,72081,Lares,3925
PR,Las Piedras,72085,Las Piedras,6835
PR,Las Piedras,72085,Pueblito del Río,1084
PR,Loíza,72087,Loíza,3349
PR,Loíza,72087,Suárez,1871
PR,Luquillo,72089,Luquillo,7599
PR,Luquillo,72089,Ramos,1536
PR,Luquillo,72089,Playa Fortuna,961
PR,Manatí,72091,Manatí,12683
PR,Manatí,72091,Tierras Nuevas Poniente,3150
PR,Manatí,72091,La Luisa,2693
PR,Manatí,72091,Coto Norte,1177
PR,Maricao,72093,Maricao,777
PR,Maunabo,72095,Emajagua,2134
PR,Maunabo,72095,Maunabo,1810
PR,Maunabo,72095,Palo Seco,642
PR,Mayagüez,72097,Mayagüez,61361
PR,Moca,72099,Moca,3667
PR,Moca,72099,Aceitunas,1890
PR,Morovis,72101,Barahona,2147
PR,Morovis,72101,Fránquez,1996
PR,Morovis,72101,Morovis,1755
PR,Naguabo,72103,Naguabo,5210
PR,Naguabo,72103,Río Blanco,1755
PR,Naguabo,72103,Daguao,1672
PR,Naguabo,72103,Duque,1550
PR,Naguabo,72103,Peña Pobre,451
PR,Naranjito,72105,Naranjito,1599
PR,Orocovis,72107,Orocovis,868
PR,Patillas,72109,Patillas,3313
PR,Patillas,72109,Lamboglia,830
PR,Peñuelas,72111,Peñuelas,5142
PR,Peñuelas,72111,Santo Domingo,3302
PR,Peñuelas,72111,Tallaboa Alta,1382
PR,Peñuelas,72111,Tallaboa,683
PR,Ponce,72113,Ponce,113401
PR,Ponce,72113,Coto Laurel,1965
PR,Ponce,72113,El Paraiso,1695
PR,Ponce,72113,Quebrada del Agua,1111
PR,Ponce,72113,Cerrillos Hoyos,961
PR,Ponce,72113,Marueño,915
PR,Ponce,72113,Vayas,662
PR,Ponce,72113,Corral Viejo,403
PR,Ponce,72113,La Yuca,401
PR,Ponce,72113,Tibes,374
PR,Ponce,72113,Parcelas Mandry,362
PR,Ponce,72113,Anon Raices,149
PR,Ponce,72113,Calzada,127
PR,Quebradillas,72115,Quebradillas,4269
PR,Quebradillas,72115,Cacao,1492
PR,Quebradillas,72115,San Antonio,1419
PR,Rincón,72117,Stella,1728
PR,Rincón,72117,Rincón,1192
PR,Río Grande,72119,Río Grande,12492
PR,Río Grande,72119,La Dolores,2634
PR,Río Grande,72119,Hato Candal,1683
PR,Río Grande,72119,Bartolo,1475
PR,Río Grande,72119,Palmer,1011
PR,Sabana Grande,72121,Sabana Grande,9174
PR,Sabana Grande,72121,Lluveras,1364
PR,Sabana Grande,72121,Liborio Negrón Torres,1127
PR,Salinas,72123,Coco,5108
PR,Salinas,72123,Salinas,5051
PR,Salinas,72123,Coquí,3217
PR,Salinas,72123,Vázquez,1736
PR,Salinas,72123,Central Aguirre,1465
PR,Salinas,72123,Las Ochenta,880
PR,Salinas,72123,La Plena,560
PR,San Germán,72125,San Germán,10781
PR,San Germán,72125,Sabana Eneas,1174
PR,San Juan,72127,San Juan,323279
PR,San Lorenzo,72129,San Lorenzo,7134
PR,San Lorenzo,72129,Jagual,1622
PR,San Sebastián,72131,San Sebastián,8640
PR,San Sebastián,72131,Juncal,809
PR,San Sebastián,72131,Hato Arriba,378
PR,Santa Isabel,72133,Santa Isabel,5248
PR,Santa Isabel,72133,Jauca,1694
PR,Santa Isabel,72133,El Ojo,1448
PR,Santa Isabel,72133,Las Ollas,1430
PR,Santa Isabel,72133,Playita Cortada,1306
PR,Santa Isabel,72133,Parcelas Peñuelas,958
PR,Toa Alta,72135,Pájaros,9713
PR,Toa Alta,72135,Toa Alta,3396
PR,Toa Alta,72135,Galateo,2940
PR,Toa Alta,72135,H. Rivera Colón,2453
PR,Toa Alta,72135,Mucarabones,1108
PR,Toa Baja,72137,Levittown,25121
PR,Toa Baja,72137,Candelaria,15193
PR,Toa Baja,72137,Sabana Seca,7309
PR,Toa Baja,72137,Campanilla,4733
PR,Toa Baja,72137,Candelaria Arenas,3693
PR,Toa Baja,72137,Ingenio,3426
PR,Toa Baja,72137,San José,2483
PR,Toa Baja,72137,Toa Baja,1497
PR,Trujillo Alto,72139,Trujillo Alto,43703
PR,Utuado,72141,Utuado,7177
PR,Utuado,72141,Cayuco,1204
PR,Vega Alta,72143,Vega Alta,9788
PR,Vega Alta,72143,Breñas,3538
PR,Vega Baja,72145,Vega Baja,22211
PR,Vega Baja,72145,Monserrate,2193
PR,Vega Baja,72145,Miranda,1545
PR,Vega Baja,72145,Sabana,1124
PR,Vieques,72147,Vieques,3011
PR,Vieques,72147,Esperanza,579
PR,Villalba,72149,Villalba,2988
PR,Yabucoa,72151,Yabucoa,7070
PR,Yabucoa,72151,Martorell,1991
PR,Yabucoa,72151,Playita,1663
PR,Yabucoa,72151,El Negro,1613
PR,Yabucoa,72151,Comunas,758
PR,Yabucoa,72151,Rosa Sánchez,607
PR,Yauco,72153,Yauco,16585
PR,Yauco,72153,Palomas,1588
RI,Kent,44003,Warwick,81004
RI,Kent,44003,Greene,987
RI,Newport,44005,Newport,24334
RI,Newport,44005,Newport East,11925
RI,Newport,44005,Melville,1276
RI,Providence,44007,Providence,1203230
RI,Providence,44007,Cranston,81456
RI,Providence,44007,Pawtucket,72117
RI,Providence,44007,East Providence,47618
RI,Providence,44007,Woonsocket,41751
RI,Providence,44007,Central Falls,19568
RI,Providence,44007,Valley Falls,11882
RI,Providence,44007,Greenville,8695
RI,Providence,44007,Cumberland Hill,8249
RI,Providence,44007,Pascoag,4594
RI,Providence,44007,Chepachet,1530
RI,Providence,44007,Harrisville,1460
RI,Providence,44007,Harmony,1207
RI,Providence,44007,Foster Center,289
RI,Providence,44007,Clayville,284
RI,Washington,44009,Wakefield-Peacedale,9504
RI,Washington,44009,Kingston,6513
RI,Washington,44009,Narragansett Pier,3594
RI,Washington,44009,Hope Valley,1823
RI,Washington,44009,Bradford,1303
RI,Washington,44009,Ashaway,1195
RI,Washington,44009,Carolina,803
RI,Washington,44009,Quonochontaug,535
RI,Washington,44009,Weekapaug,417
RI,Washington,44009,Misquamicut,398
RI,Washington,44009,Wyoming,340
RI,Washington,44009,Watch Hill,141
SC,Abbeville,45001,Abbeville,5019
SC,Abbeville,45001,Calhoun Falls,1902
SC,Abbeville,45001,Due West,1203
SC,Abbeville,45001,Lake Secession,1158
SC,Abbeville,45001,Donalds,331
SC,Abbeville,45001,Lowndesville,119
SC,Abbeville,45001,Antreville,61
SC,Aiken,45003,Aiken,30869
SC,Aiken,45003,North Augusta,23845
SC,Aiken,45003,Belvedere,5262
SC,Aiken,45003,Clearwater,4264
SC,Aiken,45003,Graniteville,3320
SC,Aiken,45003,Gloverville,2966
SC,Aiken,45003,Burnettown,2747
SC,Aiken,45003,New Ellenton,2151
SC,Aiken,45003,Langley,1842
SC,Aiken,45003,Jackson,1803
SC,Aiken,45003,Warrenville,915
SC,Aiken,45003,Wagener,837
SC,Aiken,45003,Salley,415
SC,Aiken,45003,Perry,248
SC,Aiken,45003,Monetta,240
SC,Aiken,45003,Windsor,145
SC,Allendale,45005,Allendale,2924
SC,Allendale,45005,Fairfax,1675
SC,Allendale,45005,Sycamore,153
SC,Allendale,45005,Ulmer,73
SC,Anderson,45007,Anderson,78512
SC,Anderson,45007,Powdersville,9632
SC,Anderson,45007,Centerville,7173
SC,Anderson,45007,Homeland Park,5988
SC,Anderson,45007,Belton,5865
SC,Anderson,45007,Piedmont,5795
SC,Anderson,45007,Williamston,4260
SC,Anderson,45007,Honea Path,3826
SC,Anderson,45007,Northlake,3643
SC,Anderson,45007,Pendleton,3285
SC,Anderson,45007,Pelzer,1401
SC,Anderson,45007,Iva,1325
SC,Anderson,45007,West Pelzer,946
SC,Anderson,45007,Starr,190
SC,Bamberg,45009,Bamberg,3189
SC,Bamberg,45009,Denmark,3135
SC,Bamberg,45009,Ehrhardt,482
SC,Bamberg,45009,Olar,228
SC,Bamberg,45009,Govan,56
SC,Barnwell,45011,Barnwell,4291
SC,Barnwell,45011,Williston,2925
SC,Barnwell,45011,Blackville,2189
SC,Barnwell,45011,Hilda,408
SC,Barnwell,45011,Snelling,258
SC,Barnwell,45011,Kline,181
SC,Barnwell,45011,Elko,179
SC,Beaufort,45013,Hilton Head Island,74139
SC,Beaufort,45013,Beaufort,53051
SC,Beaufort,45013,Bluffton,25557
SC,Beaufort,45013,Port Royal,13235
SC,Beaufort,45013,Burton,9097
SC,Beaufort,45013,Laurel Bay,6124
SC,Beaufort,45013,Shell Point,2842
SC,Berkeley,45015,Goose Creek,43665
SC,Berkeley,45015,Hanahan,26917
SC,Berkeley,45015,Ladson,15539
SC,Berkeley,45015,Moncks Corner,11986
SC,Berkeley,45015,Sangaree,7840
SC,Berkeley,45015,St. Stephen,1814
SC,Berkeley,45015,Bonneau Beach,1786
SC,Berkeley,45015,Pinopolis,1260
SC,Berkeley,45015,Bonneau,486
SC,Berkeley,45015,Russellville,195
SC,Berkeley,45015,Jamestown,82
SC,Calhoun,45017,St. Matthews,1912
SC,Calhoun,45017,Cameron,398
SC,Charleston,45019,Charleston,628377
SC,Charleston,45019,North Charleston,115382
SC,Charleston,45019,Mount Pleasant,91684
SC,Charleston,45019,James Island,12109
SC,Charleston,45019,Hollywood,5227
SC,Charleston,45019,Isle of Palms,4360
SC,Charleston,45019,Ravenel,2720
SC,Charleston,45019,Folly Beach,2660
SC,Charleston,45019,Lincolnville,2529
SC,Charleston,45019,Sullivan's Island,1924
SC,Charleston,45019,Seabrook Island,1865
SC,Charleston,45019,Kiawah Island,1769
SC,Charleston,45019,Awendaw,1443
SC,Charleston,45019,Meggett,1297
SC,Charleston,45019,McClellanville,542
SC,Charleston,45019,Rockville,136
SC,Cherokee,45021,Gaffney,21169
SC,Cherokee,45021,East Gaffney,2755
SC,Cherokee,45021,Blacksburg,1880
SC,Chester,45023,Chester,8967
SC,Chester,45023,Great Falls,1877
SC,Chester,45023,Eureka Mill,1599
SC,Chester,45023,Fort Lawn,886
SC,Chester,45023,Gayle Mill,842
SC,Chester,45023,Richburg,260
SC,Chester,45023,Lowrys,193
SC,Chesterfield,45025,Cheraw,7757
SC,Chesterfield,45025,Pageland,3915
SC,Chesterfield,45025,Chesterfield,1415
SC,Chesterfield,45025,McBee,854
SC,Chesterfield,45025,Jefferson,712
SC,Chesterfield,45025,Patrick,340
SC,Chesterfield,45025,Ruby,339
SC,Chesterfield,45025,Mount Croghan,185
SC,Clarendon,45027,Manning,4735
SC,Clarendon,45027,Summerton,927
SC,Clarendon,45027,Turbeville,787
SC,Clarendon,45027,Alcolu,430
SC,Clarendon,45027,Paxville,179
SC,Colleton,45029,Walterboro,9550
SC,Colleton,45029,Cottageville,745
SC,Colleton,45029,Edisto Beach,406
SC,Colleton,45029,Jacksonboro,399
SC,Colleton,45029,Smoaks,118
SC,Colleton,45029,Lodge,113
SC,Colleton,45029,Williams,109
SC,Colleton,45029,Islandton,44
SC,Darlington,45031,Hartsville,14693
SC,Darlington,45031,Darlington,5940
SC,Darlington,45031,North Hartsville,2732
SC,Darlington,45031,Lamar,935
SC,Darlington,45031,Society Hill,528
SC,Darlington,45031,Lydia,425
SC,Dillon,45033,Dillon,9089
SC,Dillon,45033,Latta,1285
SC,Dillon,45033,Lake View,758
SC,Dorchester,45035,Summerville,52549
SC,Dorchester,45035,St. George,2202
SC,Dorchester,45035,Ridgeville,1705
SC,Dorchester,45035,Harleyville,699
SC,Dorchester,45035,Reevesville,204
SC,Edgefield,45037,Edgefield,4810
SC,Edgefield,45037,Johnston,2381
SC,Edgefield,45037,Murphys Estates,1490
SC,Edgefield,45037,Trenton,198
SC,Fairfield,45039,Winnsboro,4607
SC,Fairfield,45039,Winnsboro Mills,2324
SC,Fairfield,45039,Ridgeway,291
SC,Fairfield,45039,Jenkinsville,43
SC,Florence,45041,Florence,93131
SC,Florence,45041,Lake City,8268
SC,Florence,45041,Timmonsville,2366
SC,Florence,45041,Johnsonville,1485
SC,Florence,45041,Pamplico,1220
SC,Florence,45041,Quinby,922
SC,Florence,45041,Scranton,862
SC,Florence,45041,Coward,771
SC,Florence,45041,Olanta,557
SC,Georgetown,45043,Georgetown,11754
SC,Georgetown,45043,Murrells Inlet,9137
SC,Georgetown,45043,Pawleys Island,108
SC,Greenville,45045,Greenville,484465
SC,Greenville,45045,Mauldin,133872
SC,Greenville,45045,Greer,33373
SC,Greenville,45045,Simpsonville,24221
SC,Greenville,45045,Taylors,22230
SC,Greenville,45045,Wade Hampton,20906
SC,Greenville,45045,Five Forks,17844
SC,Greenville,45045,Gantt,15138
SC,Greenville,45045,Berea,14652
SC,Greenville,45045,Parker,12227
SC,Greenville,45045,Fountain Inn,10441
SC,Greenville,45045,Sans Souci,9220
SC,Greenville,45045,Welcome,7719
SC,Greenville,45045,Travelers Rest,5346
SC,Greenville,45045,Dunean,3613
SC,Greenville,45045,Golden Grove,3519
SC,Greenville,45045,Tigerville,2052
SC,Greenville,45045,Slater-Marietta,1873
SC,Greenville,45045,City View,1741
SC,Greenville,45045,Judson,1546
SC,Greenville,45045,Ware Place,110
SC,Greenwood,45047,Greenwood,42429
SC,Greenwood,45047,Ware Shoals,2154
SC,Greenwood,45047,Ninety Six,2042
SC,Greenwood,45047,Promised Land,542
SC,Greenwood,45047,Bradley,197
SC,Greenwood,45047,Cokesbury,195
SC,Greenwood,45047,Hodges,148
SC,Greenwood,45047,Coronaca,129
SC,Greenwood,45047,Troy,99
SC,Hampton,45049,Hampton,4049
SC,Hampton,45049,Varnville,1976
SC,Hampton,45049,Estill,1857
SC,Hampton,45049,Yemassee,1136
SC,Hampton,45049,Brunson,496
SC,Hampton,45049,Gifford,263
SC,Hampton,45049,Furman,218
SC,Hampton,45049,Scotia,197
SC,Hampton,45049,Luray,123
SC,Horry,45051,Myrtle Beach,275579
SC,Horry,45051,Conway,25956
SC,Horry,45051,Socastee,24964
SC,Horry,45051,North Myrtle Beach,16819
SC,Horry,45051,Red Hill,16273
SC,Horry,45051,Garden City,10669
SC,Horry,45051,Little River,9792
SC,Horry,45051,Forestbrook,6591
SC,Horry,45051,Surfside Beach,4525
SC,Horry,45051,Loris,2761
SC,Horry,45051,Aynor,967
SC,Horry,45051,Bucksport,735
SC,Horry,45051,Briarcliffe Acres,593
SC,Horry,45051,Atlantic Beach,445
SC,Jasper,45053,Hardeeville,7290
SC,Jasper,45053,Ridgeland,5005
SC,Kershaw,45055,Camden,14303
SC,Kershaw,45055,Lugoff,8243
SC,Kershaw,45055,Bethune,350
SC,Kershaw,45055,Boykin,185
SC,Lancaster,45057,Lancaster,25649
SC,Lancaster,45057,Elgin,2932
SC,Lancaster,45057,Kershaw,2321
SC,Lancaster,45057,Irwin,1395
SC,Lancaster,45057,Van Wyck,1080
SC,Lancaster,45057,Heath Springs,1019
SC,Laurens,45059,Clinton,11031
SC,Laurens,45059,Laurens,10008
SC,Laurens,45059,Watts Mills,1377
SC,Laurens,45059,Joanna,1267
SC,Laurens,45059,Gray Court,821
SC,Laurens,45059,Cross Hill,505
SC,Laurens,45059,Waterloo,150
SC,Laurens,45059,Mountville,104
SC,Laurens,45059,Princeton,81
SC,Lee,45061,Bishopville,4686
SC,Lee,45061,Lynchburg,335
SC,Lexington,45063,Lexington,22157
SC,Lexington,45063,West Columbia,17998
SC,Lexington,45063,Seven Oaks,15484
SC,Lexington,45063,Cayce,14009
SC,Lexington,45063,Irmo,12483
SC,Lexington,45063,Oak Grove,10835
SC,Lexington,45063,Red Bank,10106
SC,Lexington,45063,Batesburg-Leesville,5415
SC,Lexington,45063,Springdale,2733
SC,Lexington,45063,South Congaree,2484
SC,Lexington,45063,Pine Ridge,2366
SC,Lexington,45063,Gaston,1699
SC,Lexington,45063,Chapin,1633
SC,Lexington,45063,Swansea,961
SC,Lexington,45063,Pelion,711
SC,Lexington,45063,Gilbert,643
SC,Lexington,45063,Summit,476
SC,Marion,45067,Marion,6804
SC,Marion,45067,Mullins,5010
SC,Marion,45067,Nichols,335
SC,Marion,45067,Sellers,200
SC,Marlboro,45069,Bennettsville,11086
SC,Marlboro,45069,McColl,1970
SC,Marlboro,45069,Wallace,689
SC,Marlboro,45069,Clio,658
SC,Marlboro,45069,Blenheim,142
SC,Marlboro,45069,Tatum,69
SC,McCormick,45065,McCormick,2352
SC,McCormick,45065,Clarks Hill,320
SC,McCormick,45065,Modoc,242
SC,McCormick,45065,Mount Carmel,233
SC,McCormick,45065,Parksville,111
SC,McCormick,45065,Plum Branch,74
SC,Newberry,45071,Newberry,11954
SC,Newberry,45071,Whitmire,1454
SC,Newberry,45071,Prosperity,1292
SC,Newberry,45071,Little Mountain,294
SC,Newberry,45071,Pomaria,177
SC,Newberry,45071,Silverstreet,167
SC,Newberry,45071,Peak,63
SC,Oconee,45073,Seneca,27439
SC,Oconee,45073,Walhalla,4472
SC,Oconee,45073,Westminster,2591
SC,Oconee,45073,Utica,1257
SC,Oconee,45073,Fair Play,474
SC,Oconee,45073,West Union,334
SC,Oconee,45073,Newry,191
SC,Oconee,45073,Salem,152
SC,Orangeburg,45075,Orangeburg,30365
SC,Orangeburg,45075,Brookdale,4674
SC,Orangeburg,45075,Edisto,2595
SC,Orangeburg,45075,Wilkinson Heights,1620
SC,Orangeburg,45075,Holly Hill,1178
SC,Orangeburg,45075,Branchville,953
SC,Orangeburg,45075,Santee,900
SC,Orangeburg,45075,Bowman,888
SC,Orangeburg,45075,North,708
SC,Orangeburg,45075,Elloree,641
SC,Orangeburg,45075,Springfield,484
SC,Orangeburg,45075,Neeses,342
SC,Orangeburg,45075,Norway,309
SC,Orangeburg,45075,Eutawville,290
SC,Orangeburg,45075,Rowesville,279
SC,Orangeburg,45075,Woodford,171
SC,Orangeburg,45075,Cordova,160
SC,Orangeburg,45075,Vance,153
SC,Orangeburg,45075,Livingston,122
SC,Orangeburg,45075,Cope,70
SC,Pickens,45077,Easley,21364
SC,Pickens,45077,Clemson,17501
SC,Pickens,45077,Central,5385
SC,Pickens,45077,Pickens,3170
SC,Pickens,45077,Liberty,3154
SC,Pickens,45077,Arial,2185
SC,Pickens,45077,Norris,824
SC,Pickens,45077,Six Mile,672
SC,Richland,45079,Columbia,560041
SC,Richland,45079,St. Andrews,20990
SC,Richland,45079,Dentsville,15153
SC,Richland,45079,Forest Acres,10298
SC,Richland,45079,Woodfield,9459
SC,Richland,45079,Lake Murray of Richland,6455
SC,Richland,45079,Blythewood,4150
SC,Richland,45079,Hopkins,2719
SC,Richland,45079,Gadsden,1668
SC,Richland,45079,Arcadia Lakes,874
SC,Richland,45079,Eastover,841
SC,Saluda,45081,Saluda,3605
SC,Saluda,45081,Ridge Spring,748
SC,Saluda,45081,Ward,93
SC,Spartanburg,45083,Spartanburg,182701
SC,Spartanburg,45083,Boiling Springs,9508
SC,Spartanburg,45083,Valley Falls,6656
SC,Spartanburg,45083,Landrum,4776
SC,Spartanburg,45083,Woodruff,4642
SC,Spartanburg,45083,Saxon,3827
SC,Spartanburg,45083,Lyman,3718
SC,Spartanburg,45083,Duncan,3626
SC,Spartanburg,45083,Southern Shops,3592
SC,Spartanburg,45083,Arcadia,3370
SC,Spartanburg,45083,Chesnee,3310
SC,Spartanburg,45083,Roebuck,2851
SC,Spartanburg,45083,Wellford,2718
SC,Spartanburg,45083,Pacolet,2550
SC,Spartanburg,45083,Inman,2430
SC,Spartanburg,45083,Cowpens,2419
SC,Spartanburg,45083,Fairforest,1539
SC,Spartanburg,45083,Mayo,1469
SC,Spartanburg,45083,Startex,954
SC,Spartanburg,45083,Inman Mills,849
SC,Spartanburg,45083,Reidville,678
SC,Spartanburg,45083,Enoree,619
SC,Spartanburg,45083,Campobello,593
SC,Spartanburg,45083,Converse,570
SC,Spartanburg,45083,Clifton,521
SC,Spartanburg,45083,Glendale,293
SC,Spartanburg,45083,Central Pacolet,241
SC,Spartanburg,45083,Gramling,38
SC,Spartanburg,45083,Fingerville,26
SC,Spartanburg,45083,Cross Anchor,25
SC,Sumter,45085,Sumter,71518
SC,Sumter,45085,Cherryvale,3318
SC,Sumter,45085,Dalzell,3057
SC,Sumter,45085,Lakewood,2749
SC,Sumter,45085,South Sumter,2482
SC,Sumter,45085,Wedgefield,1994
SC,Sumter,45085,Privateer,1916
SC,Sumter,45085,Stateburg,1813
SC,Sumter,45085,East Sumter,1187
SC,Sumter,45085,Oakland,1088
SC,Sumter,45085,Cane Savannah,978
SC,Sumter,45085,Mayesville,715
SC,Sumter,45085,Pinewood,534
SC,Sumter,45085,Oswego,292
SC,Sumter,45085,Rembert,286
SC,Sumter,45085,Shiloh,260
SC,Sumter,45085,Mulberry,211
SC,Union,45087,Union,9132
SC,Union,45087,Monarch Mill,1452
SC,Union,45087,Buffalo,1397
SC,Union,45087,Jonesville,838
SC,Union,45087,Lockhart,457
SC,Union,45087,Carlisle,412
SC,Williamsburg,45089,Kingstree,5610
SC,Williamsburg,45089,Andrews,3900
SC,Williamsburg,45089,Lane,452
SC,Williamsburg,45089,Hemingway,395
SC,Williamsburg,45089,Greeleyville,380
SC,Williamsburg,45089,Stuckey,219
SC,York,45091,Rock Hill,119105
SC,York,45091,Fort Mill,22284
SC,York,45091,Lake Wylie,12885
SC,York,45091,Tega Cay,11335
SC,York,45091,York,8623
SC,York,45091,Clover,8335
SC,York,45091,Newport,4602
SC,York,45091,India Hook,4006
SC,York,45091,Lesslie,3013
SC,York,45091,Riverview,1112
SC,York,45091,Catawba,1108
SC,York,45091,Sharon,625
SC,York,45091,Hickory Grove,551
SC,York,45091,McConnells,315
SC,York,45091,Smyrna,53
SD,Aurora,46003,Plankinton,730
SD,Aurora,46003,White Lake,369
SD,Aurora,46003,Stickney,272
SD,Aurora,46003,Aurora Center,45
SD,Aurora,46003,Storla,31
SD,Beadle,46005,Huron,13427
SD,Beadle,46005,Wolsey,399
SD,Beadle,46005,Wessington,177
SD,Beadle,46005,Cavour,123
SD,Beadle,46005,Morningside,122
SD,Beadle,46005,Yale,115
SD,Beadle,46005,Hitchcock,95
SD,Beadle,46005,Broadland,34
SD,Beadle,46005,Virgil,18
SD,Bennett,46007,Martin,1045
SD,Bennett,46007,Allen,463
SD,Bon Homme,46009,Springfield,1922
SD,Bon Homme,46009,Tyndall,1022
SD,Bon Homme,46009,Scotland,804
SD,Bon Homme,46009,Avon,590
SD,Bon Homme,46009,Tabor,402
SD,Bon Homme,46009,Running Water,9
SD,Brookings,46011,Brookings,24887
SD,Brookings,46011,Volga,2028
SD,Brookings,46011,Aurora,834
SD,Brookings,46011,Elkton,726
SD,Brookings,46011,White,489
SD,Brookings,46011,Bruce,205
SD,Brookings,46011,Sinai,124
SD,Brookings,46011,Bushnell,65
SD,Brown,46013,Aberdeen,28257
SD,Brown,46013,Groton,1475
SD,Brown,46013,Warner,468
SD,Brown,46013,Bath,223
SD,Brown,46013,Hecla,216
SD,Brown,46013,Frederick,196
SD,Brown,46013,Mansfield,165
SD,Brown,46013,Columbia,138
SD,Brown,46013,Westport,133
SD,Brown,46013,Claremont,128
SD,Brown,46013,Bath Corner,99
SD,Brown,46013,Stratford,74
SD,Brown,46013,Ferney,41
SD,Brown,46013,Verdon,5
SD,Brule,46015,Chamberlain,2366
SD,Brule,46015,Kimball,673
SD,Brule,46015,Pukwana,305
SD,Buffalo,46017,Fort Thompson,1235
SD,Buffalo,46017,Gann Valley,16
SD,Butte,46019,Belle Fourche,5702
SD,Butte,46019,Newell,597
SD,Butte,46019,Nisland,225
SD,Butte,46019,Vale,115
SD,Butte,46019,Fruitdale,68
SD,Campbell,46021,Herreid,416
SD,Campbell,46021,Pollock,225
SD,Campbell,46021,Mound City,66
SD,Campbell,46021,Artas,8
SD,Charles Mix,46023,Wagner,1547
SD,Charles Mix,46023,Platte,1258
SD,Charles Mix,46023,Lake Andes,821
SD,Charles Mix,46023,Marty,316
SD,Charles Mix,46023,Pickstown,223
SD,Charles Mix,46023,Geddes,207
SD,Charles Mix,46023,Dante,86
SD,Charles Mix,46023,Ravinia,64
SD,Clark,46025,Clark,1061
SD,Clark,46025,Willow Lake,243
SD,Clark,46025,Bradley,78
SD,Clark,46025,Garden City,58
SD,Clark,46025,Raymond,54
SD,Clark,46025,Naples,48
SD,Clark,46025,Vienna,45
SD,Clark,46025,Crocker,29
SD,Clay,46027,Vermillion,10926
SD,Clay,46027,Irene,406
SD,Clay,46027,Wakonda,294
SD,Codington,46029,Watertown,22174
SD,Codington,46029,Florence,360
SD,Codington,46029,Henry,265
SD,Codington,46029,South Shore,215
SD,Codington,46029,Kranzburg,174
SD,Codington,46029,Wallace,87
SD,Codington,46029,Waverly,60
SD,Corson,46031,McLaughlin,653
SD,Corson,46031,Bullhead,363
SD,Corson,46031,Little Eagle,327
SD,Corson,46031,McIntosh,167
SD,Corson,46031,Morristown,68
SD,Custer,46033,Custer,1969
SD,Custer,46033,Hermosa,425
SD,Custer,46033,Buffalo Gap,144
SD,Custer,46033,Pringle,113
SD,Custer,46033,Fairburn,98
SD,Davison,46035,Mitchell,15679
SD,Davison,46035,Mount Vernon,436
SD,Davison,46035,Ethan,322
SD,Day,46037,Webster,1726
SD,Day,46037,Waubay,560
SD,Day,46037,Bristol,308
SD,Day,46037,Roslyn,168
SD,Day,46037,Pierpont,120
SD,Day,46037,Andover,82
SD,Day,46037,Grenville,51
SD,Day,46037,Butler,17
SD,Day,46037,Lily,4
SD,Deuel,46039,Clear Lake,1262
SD,Deuel,46039,Gary,229
SD,Deuel,46039,Toronto,209
SD,Deuel,46039,Goodwin,148
SD,Deuel,46039,Astoria,135
SD,Deuel,46039,Brandt,107
SD,Deuel,46039,Altamont,34
SD,Dewey,46041,North Eagle Butte,2220
SD,Dewey,46041,Eagle Butte,1346
SD,Dewey,46041,Timber Lake,499
SD,Dewey,46041,La Plant,247
SD,Dewey,46041,Whitehorse,162
SD,Dewey,46041,Isabel,152
SD,Dewey,46041,Green Grass,22
SD,Douglas,46043,Armour,669
SD,Douglas,46043,Corsica,575
SD,Douglas,46043,Delmont,217
SD,Douglas,46043,Harrison,53
SD,Edmunds,46045,Ipswich,891
SD,Edmunds,46045,Bowdle,468
SD,Edmunds,46045,Roscoe,289
SD,Edmunds,46045,Hosmer,186
SD,Fall River,46047,Hot Springs,3502
SD,Fall River,46047,Edgemont,719
SD,Fall River,46047,Oelrichs,123
SD,Faulk,46049,Faulkton,709
SD,Faulk,46049,Cresbard,99
SD,Faulk,46049,Orient,61
SD,Faulk,46049,Seneca,37
SD,Faulk,46049,Rockham,33
SD,Faulk,46049,Chelsea,26
SD,Faulk,46049,Onaka,14
SD,Grant,46051,Milbank,3103
SD,Grant,46051,Big Stone City,456
SD,Grant,46051,Stockholm,107
SD,Grant,46051,Revillo,105
SD,Grant,46051,Strandburg,70
SD,Grant,46051,Twin Brooks,70
SD,Grant,46051,La Bolt,68
SD,Grant,46051,Marvin,29
SD,Grant,46051,Albee,15
SD,Gregory,46053,Gregory,1242
SD,Gregory,46053,Burke,586
SD,Gregory,46053,Bonesteel,273
SD,Gregory,46053,Dallas,122
SD,Gregory,46053,Fairfax,115
SD,Gregory,46053,Herrick,103
SD,Gregory,46053,St. Charles,8
SD,Haakon,46055,Philip,765
SD,Haakon,46055,Midland,127
SD,Hamlin,46057,Estelline,746
SD,Hamlin,46057,Castlewood,641
SD,Hamlin,46057,Lake Norden,522
SD,Hamlin,46057,Lake Poinsett,520
SD,Hamlin,46057,Bryant,454
SD,Hamlin,46057,Hayti,383
SD,Hamlin,46057,Hazel,86
SD,Hand,46059,Miller,1334
SD,Hand,46059,St. Lawrence,185
SD,Hand,46059,Ree Heights,58
SD,Hanson,46061,Alexandria,644
SD,Hanson,46061,Emery,451
SD,Hanson,46061,Fulton,96
SD,Hanson,46061,Farmer,10
SD,Harding,46063,Buffalo,369
SD,Harding,46063,Camp Crook,66
SD,Hughes,46065,Pierre,14659
SD,Hughes,46065,Blunt,354
SD,Hughes,46065,Harrold,124
SD,Hutchinson,46067,Parkston,1477
SD,Hutchinson,46067,Freeman,1275
SD,Hutchinson,46067,Tripp,623
SD,Hutchinson,46067,Menno,614
SD,Hutchinson,46067,Dimock,130
SD,Hutchinson,46067,Olivet,71
SD,Hutchinson,46067,Kaylor,24
SD,Hutchinson,46067,Milltown,21
SD,Hyde,46069,Highmore,726
SD,Jackson,46071,Wanblee,975
SD,Jackson,46071,Kadoka,717
SD,Jackson,46071,Interior,106
SD,Jackson,46071,Belvidere,57
SD,Jackson,46071,Cottonwood,10
SD,Jerauld,46073,Wessington Springs,911
SD,Jerauld,46073,Alpena,285
SD,Jerauld,46073,Lane,60
SD,Jones,46075,Murdo,438
SD,Jones,46075,Draper,67
SD,Jones,46075,Okaton,44
SD,Kingsbury,46077,De Smet,1052
SD,Kingsbury,46077,Arlington,859
SD,Kingsbury,46077,Lake Preston,555
SD,Kingsbury,46077,Iroquois,259
SD,Kingsbury,46077,Oldham,120
SD,Kingsbury,46077,Badger,101
SD,Kingsbury,46077,Hetland,47
SD,Kingsbury,46077,Erwin,44
SD,Kingsbury,46077,Bancroft,19
SD,Lake,46079,Madison,7270
SD,Lake,46079,Lake Madison,895
SD,Lake,46079,Chester,358
SD,Lake,46079,Ramona,206
SD,Lake,46079,Wentworth,194
SD,Lake,46079,Brant Lake South,179
SD,Lake,46079,Brant Lake,60
SD,Lake,46079,Winfred,56
SD,Lake,46079,Nunda,51
SD,Lawrence,46081,Spearfish,12836
SD,Lawrence,46081,Lead,3532
SD,Lawrence,46081,North Spearfish,2278
SD,Lawrence,46081,Deadwood,1293
SD,Lawrence,46081,Whitewood,979
SD,Lawrence,46081,Central City,131
SD,Lawrence,46081,St. Onge,112
SD,Lincoln,46083,Harrisburg,6710
SD,Lincoln,46083,Tea,6031
SD,Lincoln,46083,Canton,3560
SD,Lincoln,46083,Lennox,2479
SD,Lincoln,46083,Worthing,1007
SD,Lincoln,46083,Shindler,762
SD,Lincoln,46083,Hudson,345
SD,Lincoln,46083,Fairview,74
SD,Lyman,46085,Lower Brule,897
SD,Lyman,46085,Presho,489
SD,Lyman,46085,Oacoma,471
SD,Lyman,46085,Kennebec,247
SD,Lyman,46085,Reliance,212
SD,Lyman,46085,Vivian,99
SD,Marshall,46091,Britton,1273
SD,Marshall,46091,Veblen,537
SD,Marshall,46091,Langford,326
SD,Marshall,46091,Eden,100
SD,Marshall,46091,Lake City,52
SD,McCook,46087,Salem,1285
SD,McCook,46087,Canistota,636
SD,McCook,46087,Bridgewater,461
SD,McCook,46087,Montrose,443
SD,McCook,46087,Spencer,147
SD,McPherson,46089,Eureka,826
SD,McPherson,46089,Leola,427
SD,McPherson,46089,Long Lake,31
SD,McPherson,46089,Wetonka,8
SD,McPherson,46089,Hillsview,3
SD,Meade,46093,Sturgis,6922
SD,Meade,46093,Blackhawk,3057
SD,Meade,46093,Summerset,2660
SD,Meade,46093,Piedmont,903
SD,Meade,46093,Blucksberg Mountain,489
SD,Meade,46093,Faith,411
SD,Mellette,46095,White River,574
SD,Mellette,46095,Norris,169
SD,Mellette,46095,Corn Creek,106
SD,Mellette,46095,Wood,63
SD,Miner,46097,Howard,757
SD,Miner,46097,Carthage,130
SD,Miner,46097,Canova,100
SD,Miner,46097,Vilas,19
SD,Miner,46097,Fedora,14
SD,Minnehaha,46099,Sioux Falls,187239
SD,Minnehaha,46099,Brandon,10074
SD,Minnehaha,46099,Dell Rapids,3628
SD,Minnehaha,46099,Hartford,3354
SD,Minnehaha,46099,Crooks,1327
SD,Minnehaha,46099,Baltic,1178
SD,Minnehaha,46099,Garretson,1147
SD,Minnehaha,46099,Valley Springs,730
SD,Minnehaha,46099,Colton,669
SD,Minnehaha,46099,Humboldt,567
SD,Minnehaha,46099,Meadow View Addition,540
SD,Minnehaha,46099,Anderson,426
SD,Minnehaha,46099,Renner Corner,352
SD,Minnehaha,46099,Pine Lakes Addition,330
SD,Minnehaha,46099,Sherman,77
SD,Moody,46101,Flandreau,2316
SD,Moody,46101,Colman,579
SD,Moody,46101,Egan,273
SD,Moody,46101,Trent,230
SD,Moody,46101,Ward,52
SD,Oglala Lakota,46102,Pine Ridge,3682
SD,Oglala Lakota,46102,Oglala,1612
SD,Oglala Lakota,46102,Porcupine,1470
SD,Oglala Lakota,46102,Kyle,1093
SD,Oglala Lakota,46102,Wounded Knee,470
SD,Oglala Lakota,46102,Manderson-White Horse Creek,279
SD,Oglala Lakota,46102,Batesland,114
SD,Pennington,46103,Rapid City,92664
SD,Pennington,46103,Box Elder,10228
SD,Pennington,46103,Rapid Valley,9114
SD,Pennington,46103,Colonial Pine Hills,2396
SD,Pennington,46103,Green Valley,1227
SD,Pennington,46103,Hill City,1032
SD,Pennington,46103,Wall,875
SD,Pennington,46103,Ashland Heights,767
SD,Pennington,46103,New Underwood,673
SD,Pennington,46103,Johnson Siding,597
SD,Pennington,46103,Keystone,343
SD,Pennington,46103,Wasta,82
SD,Pennington,46103,Quinn,61
SD,Perkins,46105,Lemmon,1174
SD,Perkins,46105,Bison,322
SD,Perkins,46105,Prairie City,4
SD,Potter,46107,Gettysburg,1081
SD,Potter,46107,Hoven,366
SD,Potter,46107,Lebanon,43
SD,Potter,46107,Tolstoy,36
SD,Roberts,46109,Sisseton,2398
SD,Roberts,46109,Wilmot,501
SD,Roberts,46109,Rosholt,429
SD,Roberts,46109,Long Hollow,406
SD,Roberts,46109,Summit,289
SD,Roberts,46109,New Effington,249
SD,Roberts,46109,Agency Village,242
SD,Roberts,46109,Peever,164
SD,Roberts,46109,Corona,106
SD,Roberts,46109,Claire City,75
SD,Roberts,46109,Ortley,64
SD,Roberts,46109,White Rock,3
SD,Sanborn,46111,Woonsocket,648
SD,Sanborn,46111,Letcher,176
SD,Sanborn,46111,Artesian,137
SD,Sanborn,46111,Forestburg,72
SD,Spink,46115,Redfield,2273
SD,Spink,46115,Mellette,214
SD,Spink,46115,Tulare,211
SD,Spink,46115,Doland,181
SD,Spink,46115,Frankfort,151
SD,Spink,46115,Northville,145
SD,Spink,46115,Conde,142
SD,Spink,46115,Ashton,124
SD,Spink,46115,Brentford,80
SD,Spink,46115,Turton,49
SD,Stanley,46117,Fort Pierre,2217
SD,Sully,46119,Onida,634
SD,Sully,46119,Agar,80
SD,Sully,46119,Cow Creek,50
SD,Todd,46121,Rosebud,1703
SD,Todd,46121,Mission,1257
SD,Todd,46121,Antelope,900
SD,Todd,46121,Parmelee,717
SD,Todd,46121,St. Francis,566
SD,Todd,46121,Soldier Creek,300
SD,Todd,46121,Spring Creek,272
SD,Todd,46121,Two Strike,246
SD,Todd,46121,Okreek,245
SD,Tripp,46123,Winner,2833
SD,Tripp,46123,Colome,280
SD,Tripp,46123,New Witten,77
SD,Turner,46125,Parker,1023
SD,Turner,46125,Centerville,872
SD,Turner,46125,Marion,780
SD,Turner,46125,Viborg,767
SD,Turner,46125,Hurley,399
SD,Turner,46125,Chancellor,264
SD,Turner,46125,Monroe,155
SD,Turner,46125,Davis,88
SD,Turner,46125,Dolton,38
SD,Union,46127,Dakota Dunes,3156
SD,Union,46127,North Sioux City,2928
SD,Union,46127,Beresford,2026
SD,Union,46127,Elk Point,1871
SD,Union,46127,Alcester,755
SD,Union,46127,Jefferson,511
SD,Union,46127,Richland,164
SD,Walworth,46129,Mobridge,3444
SD,Walworth,46129,Selby,627
SD,Walworth,46129,Java,127
SD,Walworth,46129,Glenham,105
SD,Walworth,46129,Akaska,47
SD,Walworth,46129,Lowry,6
SD,Yankton,46135,Yankton,14872
SD,Yankton,46135,Gayville,396
SD,Yankton,46135,Mission Hill,164
SD,Yankton,46135,Volin,163
SD,Yankton,46135,Lesterville,131
SD,Yankton,46135,Utica,67
SD,Ziebach,46137,Dupree,518
TN,Anderson,47001,Oak Ridge,29156
TN,Anderson,47001,Clinton,10075
TN,Anderson,47001,Norris,3229
TN,Anderson,47001,Lake City,1774
TN,Anderson,47001,Andersonville,560
TN,Bedford,47003,Shelbyville,22101
TN,Bedford,47003,Unionville,2109
TN,Bedford,47003,Wartrace,695
TN,Bedford,47003,Bell Buckle,543
TN,Bedford,47003,Normandy,147
TN,Benton,47005,Camden,3632
TN,Benton,47005,Big Sandy,521
TN,Benton,47005,Eva,79
TN,Bledsoe,47007,Pikeville,1741
TN,Blount,47009,Maryville,29742
TN,Blount,47009,Alcoa,9980
TN,Blount,47009,Eagleton Village,5903
TN,Blount,47009,Louisville,4141
TN,Blount,47009,Wildwood,1110
TN,Blount,47009,Friendsville,903
TN,Blount,47009,Rockford,852
TN,Blount,47009,Townsend,462
TN,Blount,47009,Walland,357
TN,Bradley,47011,Cleveland,73596
TN,Bradley,47011,South Cleveland,8056
TN,Bradley,47011,Wildwood Lake,3639
TN,Bradley,47011,East Cleveland,2019
TN,Bradley,47011,Hopewell,1900
TN,Bradley,47011,Charleston,697
TN,Campbell,47013,La Follette,18884
TN,Campbell,47013,Jellico,2165
TN,Campbell,47013,Caryville,2148
TN,Campbell,47013,Jacksboro,2058
TN,Campbell,47013,Fincastle,1333
TN,Cannon,47015,Woodbury,2889
TN,Cannon,47015,Auburntown,266
TN,Carroll,47017,McKenzie,5315
TN,Carroll,47017,Huntingdon,3835
TN,Carroll,47017,Bruceton,1395
TN,Carroll,47017,Atwood,919
TN,Carroll,47017,Trezevant,838
TN,Carroll,47017,Hollow Rock,679
TN,Carroll,47017,Clarksburg,379
TN,Carroll,47017,McLemoresville,326
TN,Carter,47019,Elizabethton,13509
TN,Carter,47019,Pine Crest,2541
TN,Carter,47019,Hunter,2390
TN,Carter,47019,Central,2217
TN,Carter,47019,Roan Mountain,1301
TN,Carter,47019,Watauga,374
TN,Cheatham,47021,Pleasant View,4795
TN,Cheatham,47021,Ashland City,4767
TN,Cheatham,47021,Kingston Springs,2727
TN,Cheatham,47021,Pegram,2068
TN,Chester,47023,Henderson,6357
TN,Chester,47023,Enville,192
TN,Claiborne,47025,Harrogate,4348
TN,Claiborne,47025,New Tazewell,4116
TN,Claiborne,47025,Tazewell,2276
TN,Claiborne,47025,Cumberland Gap,490
TN,Clay,47027,Celina,1420
TN,Cocke,47029,Newport,11500
TN,Cocke,47029,Parrottsville,293
TN,Coffee,47031,Tullahoma,19555
TN,Coffee,47031,Manchester,12433
TN,Coffee,47031,New Union,1283
TN,Coffee,47031,Lakewood Park,795
TN,Coffee,47031,Hillsboro,380
TN,Crockett,47033,Bells,4772
TN,Crockett,47033,Alamo,2277
TN,Crockett,47033,Friendship,664
TN,Crockett,47033,Maury City,659
TN,Crockett,47033,Gadsden,464
TN,Cumberland,47035,Crossville,17825
TN,Cumberland,47035,Fairfield Glade,8985
TN,Cumberland,47035,Lake Tansi,4441
TN,Cumberland,47035,Crab Orchard,751
TN,Cumberland,47035,Pleasant Hill,556
TN,Cumberland,47035,Bowman,156
TN,Davidson,47037,Nashville,1081903
TN,Davidson,47037,Goodlettsville,16798
TN,Davidson,47037,Forest Hills,4820
TN,Davidson,47037,Oak Hill,4516
TN,Davidson,47037,Belle Meade,2858
TN,Davidson,47037,Berry Hill,508
TN,DeKalb,47041,Smithville,4886
TN,DeKalb,47041,Alexandria,1012
TN,DeKalb,47041,Dowelltown,402
TN,DeKalb,47041,Liberty,330
TN,Decatur,47039,Parsons,2290
TN,Decatur,47039,Scotts Hill,979
TN,Decatur,47039,Decaturville,862
TN,Dickson,47043,Dickson,17157
TN,Dickson,47043,White Bluff,3653
TN,Dickson,47043,Charlotte,1634
TN,Dickson,47043,Burns,1456
TN,Dickson,47043,Vanleer,422
TN,Dickson,47043,Slayden,205
TN,Dyer,47045,Dyersburg,20839
TN,Dyer,47045,Newbern,3292
TN,Dyer,47045,Trimble,611
TN,Fayette,47047,Oakland,8891
TN,Fayette,47047,Somerville,3264
TN,Fayette,47047,Piperton,1986
TN,Fayette,47047,Rossville,962
TN,Fayette,47047,Gallaway,647
TN,Fayette,47047,Moscow,557
TN,Fayette,47047,Williston,377
TN,Fayette,47047,Braden,263
TN,Fayette,47047,La Grange,132
TN,Fentress,47049,Jamestown,2106
TN,Fentress,47049,Grimsley,1013
TN,Fentress,47049,Clarkrange,932
TN,Fentress,47049,Allardt,627
TN,Franklin,47051,Winchester,12299
TN,Franklin,47051,Sewanee,2505
TN,Franklin,47051,Decherd,2371
TN,Franklin,47051,Estill Springs,2034
TN,Franklin,47051,Cowan,1658
TN,Franklin,47051,Huntland,844
TN,Gibson,47053,Humboldt,8456
TN,Gibson,47053,Milan,7612
TN,Gibson,47053,Medina,4474
TN,Gibson,47053,Trenton,4180
TN,Gibson,47053,Dyer,3062
TN,Gibson,47053,Rutherford,1067
TN,Gibson,47053,Bradford,978
TN,Gibson,47053,Gibson,386
TN,Gibson,47053,Yorkville,255
TN,Giles,47055,Pulaski,7597
TN,Giles,47055,Ardmore,1221
TN,Giles,47055,Minor Hill,531
TN,Giles,47055,Elkton,524
TN,Giles,47055,Lynnville,305
TN,Grainger,47057,Bean Station,3113
TN,Grainger,47057,Blaine,1860
TN,Grainger,47057,Rutledge,1355
TN,Greene,47059,Greeneville,23683
TN,Greene,47059,Tusculum,2689
TN,Greene,47059,Mosheim,2337
TN,Greene,47059,Baileyton,451
TN,Grundy,47061,Gruetli-Laager,1738
TN,Grundy,47061,Tracy City,1397
TN,Grundy,47061,Altamont,1067
TN,Grundy,47061,Coalmont,834
TN,Grundy,47061,Palmer,668
TN,Grundy,47061,Beersheba Springs,460
TN,Grundy,47061,Pelham,408
TN,Hamblen,47063,Morristown,61171
TN,Hamilton,47065,Chattanooga,415501
TN,Hamilton,47065,East Ridge,21182
TN,Hamilton,47065,Soddy-Daisy,13619
TN,Hamilton,47065,Middle Valley,12061
TN,Hamilton,47065,Red Bank,11840
TN,Hamilton,47065,Collegedale,11378
TN,Hamilton,47065,Signal Mountain,8606
TN,Hamilton,47065,Harrison,8121
TN,Hamilton,47065,Sale Creek,2781
TN,Hamilton,47065,Apison,2723
TN,Hamilton,47065,Fairmount,2245
TN,Hamilton,47065,Walden,2156
TN,Hamilton,47065,Mowbray Mountain,1961
TN,Hamilton,47065,Lookout Mountain,1889
TN,Hamilton,47065,Lakesite,1864
TN,Hamilton,47065,Falling Water,1280
TN,Hamilton,47065,Ooltewah,756
TN,Hamilton,47065,Ridgeside,441
TN,Hamilton,47065,Flat Top Mountain,338
TN,Hancock,47067,Sneedville,1349
TN,Hardeman,47069,Bolivar,4936
TN,Hardeman,47069,Whiteville,4456
TN,Hardeman,47069,Middleton,635
TN,Hardeman,47069,Toone,334
TN,Hardeman,47069,Grand Junction,271
TN,Hardeman,47069,Hornsby,262
TN,Hardeman,47069,Silerton,99
TN,Hardeman,47069,Hickory Valley,93
TN,Hardeman,47069,Saulsbury,91
TN,Hardin,47071,Savannah,8288
TN,Hardin,47071,Olivet,1815
TN,Hardin,47071,Crump,1454
TN,Hardin,47071,Saltillo,538
TN,Hawkins,47073,Church Hill,6664
TN,Hawkins,47073,Rogersville,6380
TN,Hawkins,47073,Mount Carmel,5294
TN,Hawkins,47073,Surgoinsville,1760
TN,Hawkins,47073,Bulls Gap,721
TN,Hawkins,47073,Mooresburg,611
TN,Haywood,47075,Brownsville,9435
TN,Haywood,47075,Stanton,420
TN,Henderson,47077,Lexington,7889
TN,Henderson,47077,Chesterfield,683
TN,Henderson,47077,Sardis,382
TN,Henderson,47077,Parker's Crossroads,313
TN,Henderson,47077,Darden,226
TN,Henry,47079,Paris,10536
TN,Henry,47079,Puryear,663
TN,Henry,47079,Henry,447
TN,Henry,47079,Cottage Grove,86
TN,Hickman,47081,Centerville,3540
TN,Hickman,47081,Bon Aqua Junction,1471
TN,Hickman,47081,Lyles,1153
TN,Hickman,47081,Wrigley,498
TN,Houston,47083,Tennessee Ridge,1332
TN,Houston,47083,Erin,1280
TN,Humphreys,47085,Waverly,4146
TN,Humphreys,47085,New Johnsonville,1874
TN,Humphreys,47085,McEwen,1731
TN,Jackson,47087,Dodson Branch,1044
TN,Jackson,47087,Gainesboro,959
TN,Jefferson,47089,Jefferson City,8194
TN,Jefferson,47089,Dandridge,5647
TN,Jefferson,47089,White Pine,3269
TN,Jefferson,47089,New Market,1375
TN,Jefferson,47089,Baneberry,534
TN,Johnson,47091,Mountain City,2597
TN,Knox,47093,Knoxville,586048
TN,Knox,47093,Farragut,23778
TN,Knox,47093,Mascot,2310
TN,Lake,47095,Tiptonville,3971
TN,Lake,47095,Ridgely,1623
TN,Lauderdale,47097,Ripley,8045
TN,Lauderdale,47097,Halls,2506
TN,Lauderdale,47097,Henning,931
TN,Lauderdale,47097,Gates,612
TN,Lawrence,47099,Lawrenceburg,11035
TN,Lawrence,47099,Loretto,1771
TN,Lawrence,47099,St. Joseph,829
TN,Lawrence,47099,Summertown,651
TN,Lawrence,47099,Ethridge,486
TN,Lawrence,47099,Iron City,167
TN,Lewis,47101,Hohenwald,3813
TN,Lincoln,47103,Fayetteville,9473
TN,Lincoln,47103,Park City,2790
TN,Lincoln,47103,Flintville,641
TN,Lincoln,47103,Petersburg,568
TN,Loudon,47105,Lenoir City,9324
TN,Loudon,47105,Loudon,5890
TN,Loudon,47105,Tellico Village,5671
TN,Loudon,47105,Greenback,1219
TN,Loudon,47105,Philadelphia,729
TN,Macon,47111,Lafayette,5417
TN,Macon,47111,Red Boiling Springs,1132
TN,Madison,47113,Jackson,74065
TN,Madison,47113,Three Way,1688
TN,Madison,47113,Medon,183
TN,Marion,47115,South Pittsburg,5439
TN,Marion,47115,Jasper,3448
TN,Marion,47115,Whitwell,1730
TN,Marion,47115,Kimball,1449
TN,Marion,47115,Powells Crossroads,1359
TN,Marion,47115,Monteagle,1234
TN,Marion,47115,New Hope,1052
TN,Marion,47115,Orme,110
TN,Marshall,47117,Lewisburg,12368
TN,Marshall,47117,Chapel Hill,1538
TN,Marshall,47117,Cornersville,1291
TN,Maury,47119,Spring Hill,47042
TN,Maury,47119,Columbia,40663
TN,Maury,47119,Mount Pleasant,4897
TN,McMinn,47107,Athens,16651
TN,McMinn,47107,Etowah,4133
TN,McMinn,47107,Englewood,1534
TN,McMinn,47107,Riceville,1107
TN,McMinn,47107,Niota,733
TN,McMinn,47107,Calhoun,500
TN,McNairy,47109,Selmer,4291
TN,McNairy,47109,Adamsville,2164
TN,McNairy,47109,Bethel Springs,727
TN,McNairy,47109,Eastview,707
TN,McNairy,47109,Michie,625
TN,McNairy,47109,Guys,435
TN,McNairy,47109,Ramer,296
TN,McNairy,47109,Finger,288
TN,McNairy,47109,Milledgeville,264
TN,McNairy,47109,Stantonville,261
TN,Meigs,47121,Decatur,1667
TN,Monroe,47123,Sweetwater,5895
TN,Monroe,47123,Madisonville,5890
TN,Monroe,47123,Vonore,1552
TN,Monroe,47123,Tellico Plains,909
TN,Montgomery,47125,Clarksville,188746
TN,Moore,47127,Lynchburg,6488
TN,Morgan,47129,Coalfield,2580
TN,Morgan,47129,Wartburg,924
TN,Morgan,47129,Petros,715
TN,Morgan,47129,Sunbright,519
TN,Morgan,47129,Oakdale,207
TN,Obion,47131,Union City,10325
TN,Obion,47131,South Fulton,2214
TN,Obion,47131,Troy,1321
TN,Obion,47131,Kenton,1195
TN,Obion,47131,Obion,1041
TN,Obion,47131,Hornbeak,470
TN,Obion,47131,Woodland Mills,357
TN,Obion,47131,Rives,311
TN,Obion,47131,Samburg,201
TN,Overton,47133,Livingston,4049
TN,Perry,47135,Linden,956
TN,Perry,47135,Lobelville,888
TN,Pickett,47137,Byrdstown,783
TN,Polk,47139,Benton,1278
TN,Polk,47139,Ducktown,467
TN,Polk,47139,Copperhill,321
TN,Putnam,47141,Cookeville,50408
TN,Putnam,47141,Algood,4463
TN,Putnam,47141,Monterey,3061
TN,Putnam,47141,Baxter,1531
TN,Rhea,47143,Dayton,10410
TN,Rhea,47143,Spring City,1851
TN,Rhea,47143,Graysville,1580
TN,Roane,47145,Harriman,22708
TN,Roane,47145,Kingston,5994
TN,Roane,47145,Rockwood,5425
TN,Roane,47145,Oliver Springs,3414
TN,Roane,47145,Midtown,1261
TN,Robertson,47147,Springfield,18241
TN,Robertson,47147,Greenbrier,6852
TN,Robertson,47147,Coopertown,4586
TN,Robertson,47147,Ridgetop,2137
TN,Robertson,47147,Cross Plains,1827
TN,Robertson,47147,Orlinda,940
TN,Robertson,47147,Adams,671
TN,Robertson,47147,Cedar Hill,312
TN,Rutherford,47149,Murfreesboro,179951
TN,Rutherford,47149,Smyrna,51586
TN,Rutherford,47149,La Vergne,35716
TN,Rutherford,47149,Christiana,3580
TN,Rutherford,47149,Rockvale,1467
TN,Rutherford,47149,Eagleville,763
TN,Rutherford,47149,Walterhill,261
TN,Scott,47151,Oneida,4267
TN,Scott,47151,Huntsville,1269
TN,Scott,47151,Winfield,1006
TN,Scott,47151,Helenwood,918
TN,Scott,47151,Elgin,448
TN,Scott,47151,Robbins,100
TN,Sequatchie,47153,Dunlap,5176
TN,Sequatchie,47153,Lone Oak,1126
TN,Sevier,47155,Sevierville,25557
TN,Sevier,47155,Seymour,11193
TN,Sevier,47155,Pigeon Forge,6266
TN,Sevier,47155,Gatlinburg,3860
TN,Sevier,47155,Pittman Center,570
TN,Sevier,47155,Fairgarden,493
TN,Shelby,47157,Memphis,1066967
TN,Shelby,47157,Bartlett,59440
TN,Shelby,47157,Collierville,51040
TN,Shelby,47157,Germantown,39225
TN,Shelby,47157,Lakeland,12642
TN,Shelby,47157,Arlington,11743
TN,Shelby,47157,Millington,10641
TN,Smith,47159,Carthage,3327
TN,Smith,47159,South Carthage,1398
TN,Smith,47159,Gordonsville,1245
TN,Stewart,47161,Dover,1546
TN,Stewart,47161,Cumberland City,307
TN,Sullivan,47163,Kingsport,119666
TN,Sullivan,47163,Bristol,70243
TN,Sullivan,47163,Bloomingdale,9175
TN,Sullivan,47163,Spurgeon,4666
TN,Sullivan,47163,Colonial Heights,3177
TN,Sullivan,47163,Blountville,3102
TN,Sullivan,47163,Walnut Hill,2481
TN,Sullivan,47163,Bluff City,1670
TN,Sumner,47165,Hendersonville,58113
TN,Sumner,47165,Gallatin,42918
TN,Sumner,47165,Portland,13030
TN,Sumner,47165,White House,12638
TN,Sumner,47165,Millersville,6769
TN,Sumner,47165,Shackle Island,3112
TN,Sumner,47165,Westmoreland,2413
TN,Sumner,47165,Walnut Grove,925
TN,Sumner,47165,Bransford,444
TN,Sumner,47165,Castalian Springs,428
TN,Sumner,47165,Bethpage,355
TN,Sumner,47165,Cottontown,320
TN,Sumner,47165,New Deal,273
TN,Sumner,47165,Graball,217
TN,Sumner,47165,Mitchellville,196
TN,Sumner,47165,Fairfield,142
TN,Tipton,47167,Atoka,21428
TN,Tipton,47167,Covington,8834
TN,Tipton,47167,Munford,6109
TN,Tipton,47167,Brighton,2908
TN,Tipton,47167,Mason,1531
TN,Tipton,47167,Gilt Edge,455
TN,Tipton,47167,Burlison,410
TN,Tipton,47167,Garland,298
TN,Trousdale,47169,Hartsville,11284
TN,Unicoi,47171,Erwin,9500
TN,Unicoi,47171,Unicoi,3594
TN,Unicoi,47171,Banner Hill,1576
TN,Union,47173,Maynardville,2428
TN,Union,47173,Plainview,2156
TN,Union,47173,Luttrell,1080
TN,Van Buren,47175,Spencer,1691
TN,Warren,47177,McMinnville,15570
TN,Warren,47177,Morrison,722
TN,Warren,47177,Centertown,253
TN,Warren,47177,Viola,138
TN,Washington,47179,Johnson City,127571
TN,Washington,47179,Jonesborough,5611
TN,Washington,47179,Oak Grove,4458
TN,Washington,47179,Fall Branch,1403
TN,Washington,47179,Telford,1227
TN,Washington,47179,Gray,1016
TN,Wayne,47181,Clifton,2655
TN,Wayne,47181,Waynesboro,2419
TN,Wayne,47181,Collinwood,944
TN,Weakley,47183,Martin,10484
TN,Weakley,47183,Dresden,2937
TN,Weakley,47183,Greenfield,2086
TN,Weakley,47183,Gleason,1376
TN,Weakley,47183,Sharon,917
TN,White,47185,Sparta,5476
TN,White,47185,Doyle,577
TN,Williamson,47187,Franklin,83097
TN,Williamson,47187,Brentwood,42783
TN,Williamson,47187,Nolensville,10062
TN,Williamson,47187,Fairview,9146
TN,Williamson,47187,Thompson's Station,6567
TN,Wilson,47189,Lebanon,38518
TN,Wilson,47189,Mount Juliet,37029
TN,Wilson,47189,Green Hill,6563
TN,Wilson,47189,Rural Hill,2441
TN,Wilson,47189,Watertown,1523
TX,Anderson,48001,Palestine,18243
TX,Anderson,48001,Elkhart,1299
TX,Anderson,48001,Frankston,1170
TX,Andrews,48003,Andrews,15708
TX,Andrews,48003,McKinney Acres,1143
TX,Angelina,48005,Lufkin,44867
TX,Angelina,48005,Diboll,5204
TX,Angelina,48005,Hudson,5005
TX,Angelina,48005,Huntington,2111
TX,Angelina,48005,Redland,1223
TX,Angelina,48005,Burke,727
TX,Angelina,48005,Zavalla,710
TX,Aransas,48007,Rockport,19743
TX,Aransas,48007,Fulton,1487
TX,Aransas,48007,Lamar,1154
TX,Aransas,48007,Holiday Beach,698
TX,Archer,48009,Archer City,1702
TX,Archer,48009,Holliday,1670
TX,Archer,48009,Lakeside City,957
TX,Archer,48009,Scotland,474
TX,Archer,48009,Windthorst,379
TX,Archer,48009,Megargel,188
TX,Armstrong,48011,Claude,1210
TX,Atascosa,48013,Pleasanton,15148
TX,Atascosa,48013,Jourdanton,4405
TX,Atascosa,48013,Lytle,4275
TX,Atascosa,48013,Poteet,3507
TX,Atascosa,48013,Charlotte,1898
TX,Atascosa,48013,Leming,582
TX,Atascosa,48013,Christine,425
TX,Austin,48015,Sealy,6446
TX,Austin,48015,Bellville,4219
TX,Austin,48015,Wallis,1303
TX,Austin,48015,San Felipe,825
TX,Austin,48015,Brazos Country,474
TX,Austin,48015,Industry,325
TX,Bailey,48017,Muleshoe,5019
TX,Bandera,48019,Lakehills,5631
TX,Bandera,48019,Lake Medina Shores,1268
TX,Bandera,48019,Bandera,900
TX,Bastrop,48021,Bastrop,17120
TX,Bastrop,48021,Elgin,12733
TX,Bastrop,48021,Camp Swift,6244
TX,Bastrop,48021,Smithville,4515
TX,Bastrop,48021,Circle D-KC Estates,2791
TX,Bastrop,48021,Wyldwood,2430
TX,Bastrop,48021,McDade,681
TX,Baylor,48023,Seymour,2550
TX,Bee,48025,Beeville,18068
TX,Bee,48025,Skidmore,1360
TX,Bee,48025,Blue Berry Hill,623
TX,Bee,48025,Pettus,479
TX,Bee,48025,Tynan,283
TX,Bee,48025,Tuleta,253
TX,Bee,48025,Pawnee,143
TX,Bee,48025,Normanna,137
TX,Bell,48027,Killeen,258009
TX,Bell,48027,Temple,107258
TX,Bell,48027,Harker Heights,32421
TX,Bell,48027,Fort Hood,23508
TX,Bell,48027,Belton,22885
TX,Bell,48027,Nolanville,5879
TX,Bell,48027,Morgan's Point Resort,4685
TX,Bell,48027,Salado,2370
TX,Bell,48027,Little River-Academy,2038
TX,Bell,48027,Troy,2016
TX,Bell,48027,Rogers,1252
TX,Bell,48027,Holland,1171
TX,Bexar,48029,San Antonio,2049293
TX,Bexar,48029,Converse,28171
TX,Bexar,48029,Timberwood Park,24978
TX,Bexar,48029,Universal City,20890
TX,Bexar,48029,Live Oak,16499
TX,Bexar,48029,Leon Valley,12306
TX,Bexar,48029,Selma,11132
TX,Bexar,48029,Fair Oaks Ranch,10042
TX,Bexar,48029,Helotes,9961
TX,Bexar,48029,Kirby,8723
TX,Bexar,48029,Alamo Heights,8614
TX,Bexar,48029,Scenic Oaks,6469
TX,Bexar,48029,Windcrest,5876
TX,Bexar,48029,Lackland AFB,5606
TX,Bexar,48029,Terrell Hills,5447
TX,Bexar,48029,Sandy Oaks,4660
TX,Bexar,48029,Castle Hills,4470
TX,Bexar,48029,Shavano Park,3979
TX,Bexar,48029,Cross Mountain,3453
TX,Bexar,48029,Hollywood Park,3342
TX,Bexar,48029,Balcones Heights,3296
TX,Bexar,48029,St. Hedwig,2488
TX,Bexar,48029,Olmos Park,2466
TX,Bexar,48029,Elmendorf,2150
TX,Bexar,48029,Somerset,1965
TX,Bexar,48029,China Grove,1321
TX,Bexar,48029,Von Ormy,1287
TX,Bexar,48029,Randolph AFB,1123
TX,Bexar,48029,Hill Country Village,1114
TX,Bexar,48029,Grey Forest,564
TX,Bexar,48029,Macdona,232
TX,Blanco,48031,Johnson City,2131
TX,Blanco,48031,Blanco,2071
TX,Blanco,48031,Round Mountain,169
TX,Borden,48033,Gail,206
TX,Bosque,48035,Clifton,3446
TX,Bosque,48035,Laguna Park,1518
TX,Bosque,48035,Meridian,1515
TX,Bosque,48035,Valley Mills,1180
TX,Bosque,48035,Walnut Springs,868
TX,Bosque,48035,Morgan,519
TX,Bosque,48035,Iredell,342
TX,Bosque,48035,Cranfills Gap,282
TX,Bowie,48037,Texarkana,77964
TX,Bowie,48037,Wake Village,5327
TX,Bowie,48037,New Boston,4768
TX,Bowie,48037,Nash,3827
TX,Bowie,48037,Hooks,2916
TX,Bowie,48037,De Kalb,1593
TX,Bowie,48037,Redwater,1101
TX,Bowie,48037,Maud,1042
TX,Bowie,48037,Red Lick,1010
TX,Bowie,48037,Leary,502
TX,Brazoria,48039,Pearland,122460
TX,Brazoria,48039,Lake Jackson,75860
TX,Brazoria,48039,Alvin,26723
TX,Brazoria,48039,Angleton,19431
TX,Brazoria,48039,Manvel,12671
TX,Brazoria,48039,Freeport,12136
TX,Brazoria,48039,Clute,11690
TX,Brazoria,48039,West Columbia,4880
TX,Brazoria,48039,Richwood,3988
TX,Brazoria,48039,Brazoria,3956
TX,Brazoria,48039,Sweeny,3717
TX,Brazoria,48039,Jones Creek,3271
TX,Brazoria,48039,Iowa Colony,3233
TX,Brazoria,48039,Wild Peach Village,1905
TX,Brazoria,48039,Danbury,1760
TX,Brazoria,48039,Brookside Village,1577
TX,Brazoria,48039,Holiday Lakes,1250
TX,Brazoria,48039,Oyster Creek,1193
TX,Brazoria,48039,Rosharon,1115
TX,Brazoria,48039,Bailey's Prairie,773
TX,Brazoria,48039,Hillcrest,712
TX,Brazoria,48039,Surfside Beach,579
TX,Brazoria,48039,Liverpool,551
TX,Brazoria,48039,Bonney,372
TX,Brazoria,48039,Damon,299
TX,Brazoria,48039,Sandy Point,236
TX,Brazoria,48039,Quintana,94
TX,Brazos,48041,College Station,215243
TX,Brazos,48041,Bryan,86276
TX,Brazos,48041,Lake Bryan,1611
TX,Brazos,48041,Kurten,409
TX,Brazos,48041,Wixon Valley,253
TX,Brazos,48041,Millican,243
TX,Brewster,48043,Alpine,6090
TX,Brewster,48043,Marathon,386
TX,Brewster,48043,Study Butte,188
TX,Brewster,48043,Terlingua,110
TX,Briscoe,48045,Silverton,686
TX,Briscoe,48045,Quitaque,389
TX,Brooks,48047,Falfurrias,4812
TX,Brooks,48047,Airport Road Addition,279
TX,Brooks,48047,Cantu Addition,92
TX,Brooks,48047,Encino,60
TX,Brooks,48047,Flowella,16
TX,Brown,48049,Brownwood,21729
TX,Brown,48049,Early,3160
TX,Brown,48049,Bangs,1527
TX,Brown,48049,Lake Brownwood,1410
TX,Brown,48049,Thunderbird Bay,661
TX,Brown,48049,Blanket,368
TX,Burleson,48051,Caldwell,4373
TX,Burleson,48051,Somerville,1465
TX,Burleson,48051,Snook,541
TX,Burnet,48053,Marble Falls,7099
TX,Burnet,48053,Burnet,6406
TX,Burnet,48053,Granite Shoals,5774
TX,Burnet,48053,Meadowlakes,1703
TX,Burnet,48053,Bertram,1476
TX,Burnet,48053,Cottonwood Shores,1227
TX,Burnet,48053,Highland Haven,443
TX,Caldwell,48055,Lockhart,14133
TX,Caldwell,48055,Luling,5869
TX,Caldwell,48055,Uhland,1294
TX,Caldwell,48055,Martindale,1231
TX,Caldwell,48055,Niederwald,599
TX,Calhoun,48057,Port Lavaca,11854
TX,Calhoun,48057,Seadrift,1493
TX,Calhoun,48057,Port O'Connor,884
TX,Calhoun,48057,Point Comfort,677
TX,Callahan,48059,Clyde,3879
TX,Callahan,48059,Baird,1486
TX,Callahan,48059,Cross Plains,986
TX,Callahan,48059,Putnam,93
TX,Cameron,48061,Brownsville,227239
TX,Cameron,48061,Harlingen,136037
TX,Cameron,48061,San Benito,24243
TX,Cameron,48061,Port Isabel,18686
TX,Cameron,48061,Los Fresnos,7837
TX,Cameron,48061,La Feria,7230
TX,Cameron,48061,Cameron Park,6241
TX,Cameron,48061,Primera,5130
TX,Cameron,48061,Rio Hondo,5082
TX,Cameron,48061,Laureles,4529
TX,Cameron,48061,La Paloma,4063
TX,Cameron,48061,Laguna Vista,3180
TX,Cameron,48061,Combes,2984
TX,Cameron,48061,South Padre Island,2778
TX,Cameron,48061,Santa Rosa,2723
TX,Cameron,48061,Rancho Viejo,2460
TX,Cameron,48061,Laguna Heights,2090
TX,Cameron,48061,Las Palmas II,1783
TX,Cameron,48061,South Point,1680
TX,Cameron,48061,Juarez,1653
TX,Cameron,48061,Olmito,1416
TX,Cameron,48061,Encantada-Ranchito-El Calaboz,1294
TX,Cameron,48061,Palm Valley,1240
TX,Cameron,48061,Los Indios,1060
TX,Cameron,48061,Reid Hope King,874
TX,Cameron,48061,Indian Lake,854
TX,Cameron,48061,Bixby,759
TX,Cameron,48061,La Tina Ranch,666
TX,Cameron,48061,Arroyo Colorado Estates,660
TX,Cameron,48061,Bluetown,653
TX,Cameron,48061,Santa Maria,628
TX,Cameron,48061,Villa Pancho,612
TX,Cameron,48061,Solis,501
TX,Cameron,48061,Green Valley Farms,487
TX,Cameron,48061,San Pedro,438
TX,Cameron,48061,Lago,428
TX,Cameron,48061,Bayview,389
TX,Cameron,48061,Villa del Sol,336
TX,Cameron,48061,La Feria North,308
TX,Cameron,48061,Iglesia Antigua,290
TX,Cameron,48061,Chula Vista,276
TX,Cameron,48061,Del Mar Heights,236
TX,Cameron,48061,Orason,229
TX,Cameron,48061,Lasana,178
TX,Cameron,48061,Lozano,177
TX,Cameron,48061,El Camino Angosto,168
TX,Cameron,48061,Arroyo Gardens,115
TX,Cameron,48061,Ratamosa,90
TX,Cameron,48061,Yznaga,86
TX,Cameron,48061,Rangerville,68
TX,Cameron,48061,Tierra Bonita,61
TX,Camp,48063,Pittsburg,4988
TX,Camp,48063,Rocky Mound,75
TX,Carson,48065,Panhandle,2312
TX,Carson,48065,White Deer,955
TX,Carson,48065,Groom,550
TX,Carson,48065,Skellytown,449
TX,Cass,48067,Atlanta,5526
TX,Cass,48067,Linden,1915
TX,Cass,48067,Hughes Springs,1709
TX,Cass,48067,Queen City,1436
TX,Cass,48067,Avinger,421
TX,Cass,48067,Bloomburg,393
TX,Cass,48067,Douglassville,218
TX,Cass,48067,Marietta,129
TX,Cass,48067,Domino,89
TX,Castro,48069,Dimmitt,4099
TX,Castro,48069,Hart,1020
TX,Castro,48069,Nazareth,291
TX,Chambers,48071,Mont Belvieu,6574
TX,Chambers,48071,Old River-Winfree,3645
TX,Chambers,48071,Beach City,2792
TX,Chambers,48071,Winnie,2788
TX,Chambers,48071,Anahuac,2339
TX,Chambers,48071,Stowell,1273
TX,Chambers,48071,Cove,559
TX,Chambers,48071,Oak Island,439
TX,Cherokee,48073,Jacksonville,14815
TX,Cherokee,48073,Rusk,5602
TX,Cherokee,48073,Shadybrook,2065
TX,Cherokee,48073,Alto,1240
TX,Cherokee,48073,New Summerfield,1170
TX,Cherokee,48073,Wells,792
TX,Cherokee,48073,Gallatin,434
TX,Cherokee,48073,Cuney,140
TX,Childress,48075,Childress,6048
TX,Clay,48077,Henrietta,3118
TX,Clay,48077,Petrolia,670
TX,Clay,48077,Dean,463
TX,Clay,48077,Byers,452
TX,Clay,48077,Bellevue,347
TX,Clay,48077,Jolly,163
TX,Cochran,48079,Morton,1813
TX,Cochran,48079,Whiteface,412
TX,Coke,48081,Robert Lee,1048
TX,Coke,48081,Bronte,999
TX,Coleman,48083,Coleman,4274
TX,Coleman,48083,Santa Anna,1007
TX,Coleman,48083,Novice,128
TX,Collin,48085,Plano,287677
TX,Collin,48085,McKinney,258277
TX,Collin,48085,Frisco,200490
TX,Collin,48085,Allen,105623
TX,Collin,48085,Wylie,53067
TX,Collin,48085,Prosper,24579
TX,Collin,48085,Murphy,20500
TX,Collin,48085,Anna,19541
TX,Collin,48085,Celina,16299
TX,Collin,48085,Princeton,13894
TX,Collin,48085,Melissa,12117
TX,Collin,48085,Fairview,9141
TX,Collin,48085,Lucas,8553
TX,Collin,48085,Parker,5177
TX,Collin,48085,Lavon,3724
TX,Collin,48085,Farmersville,3630
TX,Collin,48085,Josephine,2094
TX,Collin,48085,Lowry Crossing,1727
TX,Collin,48085,Nevada,1257
TX,Collin,48085,St. Paul,1051
TX,Collin,48085,Westminster,956
TX,Collin,48085,Blue Ridge,926
TX,Collin,48085,New Hope,628
TX,Collin,48085,Weston,540
TX,Collingsworth,48087,Wellington,2068
TX,Collingsworth,48087,Dodson,107
TX,Collingsworth,48087,Samnorwood,30
TX,Collingsworth,48087,Quail,8
TX,Colorado,48089,Columbus,4165
TX,Colorado,48089,Eagle Lake,3777
TX,Colorado,48089,Weimar,2226
TX,Colorado,48089,Glidden,900
TX,Comal,48091,New Braunfels,90209
TX,Comal,48091,Canyon Lake,25325
TX,Comal,48091,Bulverde,5300
TX,Comal,48091,Garden Ridge,4130
TX,Comal,48091,Spring Branch,254
TX,Comanche,48093,Comanche,4197
TX,Comanche,48093,De Leon,2198
TX,Comanche,48093,Gustine,468
TX,Concho,48095,Eden,1294
TX,Concho,48095,Paint Rock,296
TX,Cooke,48097,Gainesville,16886
TX,Cooke,48097,Lake Kiowa,2585
TX,Cooke,48097,Muenster,1645
TX,Cooke,48097,Lindsay,1149
TX,Cooke,48097,Valley View,845
TX,Cooke,48097,Callisburg,383
TX,Coryell,48099,Copperas Cove,33235
TX,Coryell,48099,Gatesville,12401
TX,Coryell,48099,Oglesby,465
TX,Coryell,48099,Evant,410
TX,Coryell,48099,South Mountain,365
TX,Cottle,48101,Paducah,1094
TX,Crane,48103,Crane,4290
TX,Crockett,48105,Ozona,2930
TX,Crosby,48107,Ralls,1806
TX,Crosby,48107,Crosbyton,1612
TX,Crosby,48107,Lorenzo,1138
TX,Culberson,48109,Van Horn,1870
TX,Dallam,48111,Dalhart,8310
TX,Dallam,48111,Texline,539
TX,Dallas,48113,Dallas,5743938
TX,Dallas,48113,Garland,239928
TX,Dallas,48113,Irving,239798
TX,Dallas,48113,Grand Prairie,194543
TX,Dallas,48113,Mesquite,140937
TX,Dallas,48113,Carrollton,139248
TX,Dallas,48113,Richardson,121323
TX,Dallas,48113,Rowlett,67339
TX,Dallas,48113,DeSoto,52988
TX,Dallas,48113,Farmers Branch,48158
TX,Dallas,48113,Cedar Hill,47930
TX,Dallas,48113,Coppell,41421
TX,Dallas,48113,Lancaster,39228
TX,Dallas,48113,Duncanville,38751
TX,Dallas,48113,Sachse,26046
TX,Dallas,48113,Balch Springs,25007
TX,Dallas,48113,University Park,24985
TX,Dallas,48113,Seagoville,16861
TX,Dallas,48113,Addison,16263
TX,Dallas,48113,Glenn Heights,13377
TX,Dallas,48113,Highland Park,9083
TX,Dallas,48113,Sunnyvale,6841
TX,Dallas,48113,Hutchins,5866
TX,Dallas,48113,Wilmer,4772
TX,Dallas,48113,Cockrell Hill,4154
TX,Dawson,48115,Lamesa,11241
TX,Dawson,48115,Ackerly,232
TX,Dawson,48115,Welch,219
TX,Dawson,48115,Los Ybanez,19
TX,DeWitt,48123,Cuero,9749
TX,DeWitt,48123,Yoakum,5940
TX,DeWitt,48123,Yorktown,2050
TX,DeWitt,48123,Nordheim,303
TX,Deaf Smith,48117,Hereford,15164
TX,Delta,48119,Cooper,1993
TX,Delta,48119,Pecan Gap,197
TX,Denton,48121,Denton,457177
TX,Denton,48121,Lewisville,109212
TX,Denton,48121,Flower Mound,79135
TX,Denton,48121,Little Elm,53126
TX,Denton,48121,The Colony,44438
TX,Denton,48121,Corinth,22099
TX,Denton,48121,Highland Village,16668
TX,Denton,48121,Trophy Club,12451
TX,Denton,48121,Lantana,9462
TX,Denton,48121,Roanoke,9388
TX,Denton,48121,Sanger,8732
TX,Denton,48121,Lake Dallas,8063
TX,Denton,48121,Paloma Creek South,7986
TX,Denton,48121,Aubrey,7806
TX,Denton,48121,Providence Village,7377
TX,Denton,48121,Savannah,5953
TX,Denton,48121,Oak Point,5762
TX,Denton,48121,Krum,5036
TX,Denton,48121,Hickory Creek,4795
TX,Denton,48121,Pilot Point,4525
TX,Denton,48121,Argyle,4381
TX,Denton,48121,Justin,4279
TX,Denton,48121,Northlake,3348
TX,Denton,48121,Paloma Creek,3298
TX,Denton,48121,Double Oak,3068
TX,Denton,48121,Shady Shores,2865
TX,Denton,48121,Ponder,2369
TX,Denton,48121,Krugerville,1836
TX,Denton,48121,Bartonville,1785
TX,Denton,48121,Cross Roads,1516
TX,Denton,48121,Copper Canyon,1493
TX,Denton,48121,Hackberry,1077
TX,Denton,48121,Lakewood Village,964
TX,Denton,48121,Lincoln Park,558
TX,Denton,48121,DISH,439
TX,Denton,48121,Hebron,215
TX,Denton,48121,Corral City,49
TX,Dickens,48125,Spur,1199
TX,Dickens,48125,Dickens,259
TX,Dimmit,48127,Carrizo Springs,6043
TX,Dimmit,48127,Asherton,1039
TX,Dimmit,48127,Big Wells,702
TX,Dimmit,48127,Carrizo Hill,673
TX,Dimmit,48127,Catarina,228
TX,Donley,48129,Clarendon,1781
TX,Donley,48129,Howardwick,393
TX,Donley,48129,Hedley,289
TX,Duval,48131,San Diego,4474
TX,Duval,48131,Freer,2666
TX,Duval,48131,Benavides,1406
TX,Duval,48131,Realitos,213
TX,Duval,48131,Concepcion,61
TX,Eastland,48133,Eastland,3850
TX,Eastland,48133,Cisco,3784
TX,Eastland,48133,Ranger,2469
TX,Eastland,48133,Gorman,1035
TX,Eastland,48133,Rising Star,821
TX,Eastland,48133,Carbon,272
TX,Ector,48135,Odessa,155998
TX,Ector,48135,West Odessa,25962
TX,Ector,48135,Gardendale,1819
TX,Ector,48135,Goldsmith,294
TX,Edwards,48137,Rocksprings,1135
TX,El Paso,48141,El Paso,843386
TX,El Paso,48141,Socorro,34370
TX,El Paso,48141,Horizon City,19642
TX,El Paso,48141,Fort Bliss,11427
TX,El Paso,48141,San Elizario,9089
TX,El Paso,48141,Homestead Meadows South,7089
TX,El Paso,48141,Fabens,5736
TX,El Paso,48141,Anthony,5352
TX,El Paso,48141,Homestead Meadows North,5126
TX,El Paso,48141,Canutillo,5123
TX,El Paso,48141,Sparks,4104
TX,El Paso,48141,Westway,3636
TX,El Paso,48141,Agua Dulce,3268
TX,El Paso,48141,Vinton,2022
TX,El Paso,48141,Clint,1112
TX,El Paso,48141,Tornillo,1105
TX,El Paso,48141,Morning Glory,475
TX,El Paso,48141,Prado Verde,259
TX,El Paso,48141,Butterfield,60
TX,Ellis,48139,Waxahachie,37988
TX,Ellis,48139,Midlothian,33532
TX,Ellis,48139,Ennis,20357
TX,Ellis,48139,Red Oak,13464
TX,Ellis,48139,Ovilla,4167
TX,Ellis,48139,Ferris,2974
TX,Ellis,48139,Palmer,2123
TX,Ellis,48139,Italy,1923
TX,Ellis,48139,Oak Leaf,1484
TX,Ellis,48139,Maypearl,1032
TX,Ellis,48139,Garrett,892
TX,Ellis,48139,Milford,747
TX,Ellis,48139,Pecan Hill,694
TX,Ellis,48139,Bardwell,689
TX,Ellis,48139,Bristol,572
TX,Ellis,48139,Alma,385
TX,Erath,48143,Stephenville,21247
TX,Erath,48143,Dublin,3553
TX,Falls,48145,Marlin,5581
TX,Falls,48145,Rosebud,1349
TX,Falls,48145,Lott,742
TX,Falls,48145,Chilton,734
TX,Falls,48145,Golinda,589
TX,Fannin,48147,Bonham,10386
TX,Fannin,48147,Leonard,2054
TX,Fannin,48147,Honey Grove,1737
TX,Fannin,48147,Savoy,872
TX,Fannin,48147,Ector,736
TX,Fannin,48147,Trenton,683
TX,Fannin,48147,Ladonia,627
TX,Fannin,48147,Dodd City,389
TX,Fannin,48147,Bailey,305
TX,Fannin,48147,Ravenna,225
TX,Fannin,48147,Windom,205
TX,Fayette,48149,La Grange,5384
TX,Fayette,48149,Schulenburg,2913
TX,Fayette,48149,Flatonia,1431
TX,Fayette,48149,Fayetteville,257
TX,Fayette,48149,Carmine,252
TX,Fayette,48149,Round Top,90
TX,Fisher,48151,Rotan,1438
TX,Fisher,48151,Roby,619
TX,Floyd,48153,Floydada,2676
TX,Floyd,48153,Lockney,1631
TX,Foard,48155,Crowell,817
TX,Fort Bend,48157,Sugar Land,118488
TX,Fort Bend,48157,Missouri City,75457
TX,Fort Bend,48157,Rosenberg,38307
TX,Fort Bend,48157,Mission Bend,37979
TX,Fort Bend,48157,Fresno,25072
TX,Fort Bend,48157,Sienna Plantation,19486
TX,Fort Bend,48157,Pecan Grove,17380
TX,Fort Bend,48157,Stafford,17362
TX,Fort Bend,48157,Cinco Ranch,16437
TX,Fort Bend,48157,Fulshear,13914
TX,Fort Bend,48157,Richmond,12578
TX,Fort Bend,48157,Four Corners,11049
TX,Fort Bend,48157,Weston Lakes,4721
TX,Fort Bend,48157,Meadows Place,4591
TX,Fort Bend,48157,Needville,3125
TX,Fort Bend,48157,Arcola,2663
TX,Fort Bend,48157,Cumings,2481
TX,Fort Bend,48157,Fifth Street,2079
TX,Fort Bend,48157,Pleak,1675
TX,Fort Bend,48157,Fairchilds,1297
TX,Fort Bend,48157,Simonton,884
TX,Fort Bend,48157,Beasley,677
TX,Fort Bend,48157,Kendleton,454
TX,Fort Bend,48157,Orchard,407
TX,Fort Bend,48157,Thompsons,350
TX,Franklin,48159,Mount Vernon,2738
TX,Freestone,48161,Teague,3515
TX,Freestone,48161,Fairfield,3214
TX,Freestone,48161,Wortham,996
TX,Freestone,48161,Streetman,246
TX,Freestone,48161,Kirvin,131
TX,Frio,48163,Pearsall,10973
TX,Frio,48163,Dilley,4540
TX,Frio,48163,North Pearsall,684
TX,Frio,48163,Bigfoot,441
TX,Frio,48163,Hilltop,241
TX,Frio,48163,Moore,199
TX,Gaines,48165,Seminole,7871
TX,Gaines,48165,Seagraves,2936
TX,Gaines,48165,Loop,394
TX,Galveston,48167,Texas City,118169
TX,Galveston,48167,League City,107536
TX,Galveston,48167,Galveston,50446
TX,Galveston,48167,Friendswood,40290
TX,Galveston,48167,Dickinson,21129
TX,Galveston,48167,La Marque,17319
TX,Galveston,48167,Santa Fe,13449
TX,Galveston,48167,Bacliff,10856
TX,Galveston,48167,Hitchcock,7914
TX,Galveston,48167,San Leon,5336
TX,Galveston,48167,Bolivar Peninsula,2549
TX,Galveston,48167,Kemah,2019
TX,Galveston,48167,Bayou Vista,1633
TX,Galveston,48167,Clear Lake Shores,1215
TX,Galveston,48167,Jamaica Beach,1079
TX,Galveston,48167,Tiki Island,1065
TX,Garza,48169,Post,5115
TX,Gillespie,48171,Fredericksburg,12567
TX,Gillespie,48171,Harper,1217
TX,Gillespie,48171,Stonewall,592
TX,Glasscock,48173,Garden City,537
TX,Goliad,48175,Goliad,2004
TX,Gonzales,48177,Gonzales,7533
TX,Gonzales,48177,Nixon,2542
TX,Gonzales,48177,Waelder,1133
TX,Gonzales,48177,Smiley,570
TX,Gray,48179,Pampa,17230
TX,Gray,48179,McLean,744
TX,Gray,48179,Lefors,480
TX,Grayson,48181,Sherman,70704
TX,Grayson,48181,Denison,25529
TX,Grayson,48181,Van Alstyne,4378
TX,Grayson,48181,Whitesboro,4300
TX,Grayson,48181,Howe,3346
TX,Grayson,48181,Pottsboro,2489
TX,Grayson,48181,Preston,1991
TX,Grayson,48181,Collinsville,1959
TX,Grayson,48181,Whitewright,1721
TX,Grayson,48181,Gunter,1675
TX,Grayson,48181,Bells,1515
TX,Grayson,48181,Southmayd,1137
TX,Grayson,48181,Tom Bean,1081
TX,Grayson,48181,Tioga,1051
TX,Grayson,48181,Sherwood Shores,911
TX,Grayson,48181,Knollwood,489
TX,Grayson,48181,Sadler,383
TX,Grayson,48181,Dorchester,94
TX,Gregg,48183,Longview,100330
TX,Gregg,48183,Kilgore,18265
TX,Gregg,48183,Gladewater,6341
TX,Gregg,48183,White Oak,6322
TX,Gregg,48183,Liberty City,2315
TX,Gregg,48183,Lakeport,996
TX,Gregg,48183,Clarksville City,934
TX,Gregg,48183,Warren City,305
TX,Grimes,48185,Navasota,9386
TX,Grimes,48185,Plantersville,594
TX,Grimes,48185,Bedias,470
TX,Grimes,48185,Iola,424
TX,Grimes,48185,Anderson,242
TX,Grimes,48185,Todd Mission,114
TX,Guadalupe,48187,Schertz,42042
TX,Guadalupe,48187,Cibolo,31281
TX,Guadalupe,48187,Seguin,29992
TX,Guadalupe,48187,Redwood,4033
TX,Guadalupe,48187,McQueeney,2328
TX,Guadalupe,48187,Lake Dunlap,1899
TX,Guadalupe,48187,Marion,1241
TX,Guadalupe,48187,Santa Clara,751
TX,Guadalupe,48187,Geronimo,630
TX,Guadalupe,48187,New Berlin,624
TX,Guadalupe,48187,Zuehl,339
TX,Guadalupe,48187,Staples,277
TX,Guadalupe,48187,Kingsbury,133
TX,Hale,48189,Plainview,23424
TX,Hale,48189,Hale Center,2054
TX,Hale,48189,Seth Ward,1825
TX,Hale,48189,Petersburg,1132
TX,Hale,48189,Edmonson,103
TX,Hall,48191,Memphis,2012
TX,Hall,48191,Turkey,378
TX,Hall,48191,Estelline,129
TX,Hamilton,48193,Hamilton,3012
TX,Hamilton,48193,Hico,1413
TX,Hansford,48195,Spearman,3256
TX,Hansford,48195,Gruver,1135
TX,Hansford,48195,Morse,102
TX,Hardeman,48197,Quanah,2487
TX,Hardeman,48197,Chillicothe,673
TX,Hardin,48199,Lumberton,13073
TX,Hardin,48199,Silsbee,9540
TX,Hardin,48199,Kountze,2108
TX,Hardin,48199,Sour Lake,1924
TX,Hardin,48199,Pinewood Estates,1628
TX,Hardin,48199,Wildwood,1379
TX,Hardin,48199,Rose Hill Acres,436
TX,Harris,48201,Houston,5464251
TX,Harris,48201,Pasadena,151227
TX,Harris,48201,Atascocita,81557
TX,Harris,48201,Baytown,77192
TX,Harris,48201,Spring,60976
TX,Harris,48201,Channelview,43055
TX,Harris,48201,La Porte,34976
TX,Harris,48201,Deer Park,33474
TX,Harris,48201,Cloverleaf,25718
TX,Harris,48201,Katy,21729
TX,Harris,48201,Bellaire,18971
TX,Harris,48201,South Houston,17438
TX,Harris,48201,Humble,15824
TX,Harris,48201,West University Place,15585
TX,Harris,48201,Aldine,15318
TX,Harris,48201,Seabrook,14149
TX,Harris,48201,Tomball,11778
TX,Harris,48201,Webster,11451
TX,Harris,48201,Galena Park,10757
TX,Harris,48201,Jacinto City,10466
TX,Harris,48201,Jersey Village,7890
TX,Harris,48201,Highlands,7720
TX,Harris,48201,Hunters Creek Village,4869
TX,Harris,48201,Spring Valley Village,4319
TX,Harris,48201,Nassau Bay,3972
TX,Harris,48201,Bunker Hill Village,3935
TX,Harris,48201,Barrett,3807
TX,Harris,48201,Taylor Lake Village,3571
TX,Harris,48201,Piney Point Village,3444
TX,Harris,48201,El Lago,2663
TX,Harris,48201,Crosby,2645
TX,Harris,48201,Hedwig Village,2634
TX,Harris,48201,Sheldon,1921
TX,Harris,48201,Southside Place,1883
TX,Harris,48201,Shoreacres,1593
TX,Harris,48201,Hilshire Village,808
TX,Harris,48201,Morgan's Point,342
TX,Harrison,48203,Marshall,22831
TX,Harrison,48203,Hallsville,4392
TX,Harrison,48203,Waskom,2190
TX,Harrison,48203,Scottsville,354
TX,Harrison,48203,Nesbitt,146
TX,Harrison,48203,Uncertain,92
TX,Hartley,48205,Hartley,496
TX,Hartley,48205,Channing,344
TX,Haskell,48207,Haskell,3153
TX,Haskell,48207,Rule,599
TX,Haskell,48207,Rochester,307
TX,Haskell,48207,Weinert,162
TX,Haskell,48207,O'Brien,102
TX,Hays,48209,San Marcos,76218
TX,Hays,48209,Kyle,48393
TX,Hays,48209,Buda,16906
TX,Hays,48209,Woodcreek,5925
TX,Hays,48209,Dripping Springs,5708
TX,Hays,48209,Wimberley,3232
TX,Hays,48209,Mountain City,810
TX,Hays,48209,Bear Creek,480
TX,Hays,48209,Hays,269
TX,Hays,48209,Driftwood,176
TX,Hemphill,48211,Canadian,2833
TX,Henderson,48213,Gun Barrel City,16292
TX,Henderson,48213,Athens,12753
TX,Henderson,48213,Chandler,3180
TX,Henderson,48213,Malakoff,2939
TX,Henderson,48213,Tool,2302
TX,Henderson,48213,Seven Points,1521
TX,Henderson,48213,Brownsboro,1279
TX,Henderson,48213,Berryville,1064
TX,Henderson,48213,Eustace,1006
TX,Henderson,48213,Trinidad,870
TX,Henderson,48213,Log Cabin,772
TX,Henderson,48213,Payne Springs,769
TX,Henderson,48213,Murchison,599
TX,Henderson,48213,Star Harbor,477
TX,Henderson,48213,Enchanted Oaks,341
TX,Henderson,48213,Poynor,306
TX,Henderson,48213,Coffee City,293
TX,Henderson,48213,Caney City,220
TX,Henderson,48213,Moore Station,220
TX,Hidalgo,48215,McAllen,804114
TX,Hidalgo,48215,Edinburg,101170
TX,Hidalgo,48215,Mission,84331
TX,Hidalgo,48215,Pharr,79112
TX,Hidalgo,48215,Weslaco,41629
TX,Hidalgo,48215,San Juan,37008
TX,Hidalgo,48215,Alamo,19910
TX,Hidalgo,48215,Alton,18105
TX,Hidalgo,48215,Mercedes,16604
TX,Hidalgo,48215,Donna,16338
TX,Hidalgo,48215,Hidalgo,14183
TX,Hidalgo,48215,La Homa,12729
TX,Hidalgo,48215,Murillo,7266
TX,Hidalgo,48215,Elsa,7174
TX,Hidalgo,48215,Mila Doce,5947
TX,Hidalgo,48215,Progreso,5944
TX,Hidalgo,48215,Sullivan City,5932
TX,Hidalgo,48215,Palmview,5774
TX,Hidalgo,48215,Olivarez,5621
TX,Hidalgo,48215,Palmview South,5589
TX,Hidalgo,48215,Doffing,5176
TX,Hidalgo,48215,Midway North,4792
TX,Hidalgo,48215,Penitas,4716
TX,Hidalgo,48215,Perezville,4555
TX,Hidalgo,48215,La Joya,4293
TX,Hidalgo,48215,San Carlos,4020
TX,Hidalgo,48215,North Alamo,3727
TX,Hidalgo,48215,Scissors,3594
TX,Hidalgo,48215,Doolittle,3452
TX,Hidalgo,48215,Edcouch,3313
TX,Hidalgo,48215,Citrus City,3288
TX,Hidalgo,48215,Indian Hills,3001
TX,Hidalgo,48215,Lopezville,2957
TX,Hidalgo,48215,South Alamo,2954
TX,Hidalgo,48215,La Villa,2870
TX,Hidalgo,48215,Palmhurst,2732
TX,Hidalgo,48215,Midway South,2420
TX,Hidalgo,48215,Llano Grande,2353
TX,Hidalgo,48215,West Sharyland,2338
TX,Hidalgo,48215,Abram,2328
TX,Hidalgo,48215,La Blanca,2316
TX,Hidalgo,48215,Monte Alto,1968
TX,Hidalgo,48215,Heidelberg,1368
TX,Hidalgo,48215,César Chávez,1200
TX,Hidalgo,48215,Muniz,1188
TX,Hidalgo,48215,Hargill,963
TX,Hidalgo,48215,Linn,693
TX,Hidalgo,48215,Relampago,383
TX,Hidalgo,48215,Laguna Seca,374
TX,Hidalgo,48215,Havana,325
TX,Hidalgo,48215,Granjeno,315
TX,Hidalgo,48215,Progreso Lakes,291
TX,Hidalgo,48215,Villa Verde,213
TX,Hill,48217,Hillsboro,8476
TX,Hill,48217,Whitney,2162
TX,Hill,48217,Itasca,1733
TX,Hill,48217,Hubbard,1406
TX,Hill,48217,Blum,467
TX,Hill,48217,Abbott,369
TX,Hill,48217,Mount Calm,339
TX,Hill,48217,Malone,283
TX,Hill,48217,Covington,279
TX,Hill,48217,Bynum,207
TX,Hill,48217,Penelope,207
TX,Hill,48217,Mertens,128
TX,Hill,48217,Aquilla,113
TX,Hockley,48219,Levelland,13755
TX,Hockley,48219,Sundown,1425
TX,Hockley,48219,Anton,1095
TX,Hockley,48219,Smyer,478
TX,Hockley,48219,Ropesville,427
TX,Hockley,48219,Opdyke West,194
TX,Hood,48221,Granbury,37996
TX,Hood,48221,Pecan Plantation,6243
TX,Hood,48221,Oak Trail Shores,3101
TX,Hood,48221,DeCordova,3040
TX,Hood,48221,Cresson,1338
TX,Hood,48221,Canyon Creek,1231
TX,Hood,48221,Tolar,1004
TX,Hood,48221,Lipan,488
TX,Hood,48221,Brazos Bend,356
TX,Hopkins,48223,Sulphur Springs,16234
TX,Hopkins,48223,Cumby,798
TX,Hopkins,48223,Como,727
TX,Hopkins,48223,Tira,313
TX,Houston,48225,Crockett,6385
TX,Houston,48225,Grapeland,1443
TX,Houston,48225,Lovelady,627
TX,Houston,48225,Kennard,325
TX,Houston,48225,Latexo,314
TX,Howard,48227,Big Spring,28913
TX,Howard,48227,Coahoma,963
TX,Howard,48227,Sand Springs,827
TX,Howard,48227,Forsan,229
TX,Hudspeth,48229,Fort Hancock,1827
TX,Hudspeth,48229,Sierra Blanca,764
TX,Hudspeth,48229,Dell City,526
TX,Hunt,48231,Greenville,28827
TX,Hunt,48231,Commerce,9680
TX,Hunt,48231,West Tawakoni,9679
TX,Hunt,48231,Caddo Mills,1698
TX,Hunt,48231,Quinlan,1524
TX,Hunt,48231,Wolfe City,1480
TX,Hunt,48231,Celeste,907
TX,Hunt,48231,Lone Oak,692
TX,Hunt,48231,Campbell,632
TX,Hunt,48231,Hawk Cove,557
TX,Hunt,48231,Union Valley,398
TX,Hunt,48231,Neylandville,97
TX,Hutchinson,48233,Borger,12718
TX,Hutchinson,48233,Fritch,3658
TX,Hutchinson,48233,Stinnett,1770
TX,Hutchinson,48233,Lake Meredith Estates,483
TX,Hutchinson,48233,Sanford,156
TX,Irion,48235,Mertzon,743
TX,Jack,48237,Jacksboro,4384
TX,Jack,48237,Bryson,536
TX,Jack,48237,Perrin,216
TX,Jackson,48239,Edna,5780
TX,Jackson,48239,Ganado,2055
TX,Jackson,48239,Lolita,619
TX,Jackson,48239,Vanderbilt,429
TX,Jackson,48239,La Ward,224
TX,Jasper,48241,Jasper,7750
TX,Jasper,48241,Kirbyville,2069
TX,Jasper,48241,Evadale,1783
TX,Jasper,48241,Buna,1737
TX,Jasper,48241,Sam Rayburn,950
TX,Jasper,48241,Browndell,206
TX,Jeff Davis,48243,Fort Davis,1099
TX,Jeff Davis,48243,Valentine,133
TX,Jefferson,48245,Port Arthur,154468
TX,Jefferson,48245,Beaumont,146091
TX,Jefferson,48245,Nederland,17371
TX,Jefferson,48245,Groves,15480
TX,Jefferson,48245,Port Neches,12655
TX,Jefferson,48245,Central Gardens,4207
TX,Jefferson,48245,Fannett,2142
TX,Jefferson,48245,Bevil Oaks,1225
TX,Jefferson,48245,China,1206
TX,Jefferson,48245,Nome,595
TX,Jefferson,48245,Taylor Landing,240
TX,Jim Hogg,48247,Hebbronville,4626
TX,Jim Hogg,48247,Thompsonville,198
TX,Jim Hogg,48247,South Fork Estates,108
TX,Jim Hogg,48247,Las Lomitas,45
TX,Jim Wells,48249,Alice,20510
TX,Jim Wells,48249,Premont,2543
TX,Jim Wells,48249,Orange Grove,1302
TX,Jim Wells,48249,Rancho Alegre,1223
TX,Jim Wells,48249,Coyote Acres,1089
TX,Jim Wells,48249,Sandia,900
TX,Jim Wells,48249,K-Bar Ranch,536
TX,Jim Wells,48249,South La Paloma,530
TX,Jim Wells,48249,Amargosa,299
TX,Jim Wells,48249,Loma Linda East,296
TX,Jim Wells,48249,Alice Acres,254
TX,Jim Wells,48249,Owl Ranch,117
TX,Jim Wells,48249,Westdale,95
TX,Jim Wells,48249,Alfred,15
TX,Johnson,48251,Burleson,48225
TX,Johnson,48251,Cleburne,37468
TX,Johnson,48251,Joshua,8101
TX,Johnson,48251,Keene,6568
TX,Johnson,48251,Venus,5252
TX,Johnson,48251,Alvarado,4945
TX,Johnson,48251,Grandview,1798
TX,Johnson,48251,Godley,1373
TX,Johnson,48251,Rio Vista,1075
TX,Johnson,48251,Briaroaks,507
TX,Johnson,48251,Coyote Flats,363
TX,Johnson,48251,Cross Timber,312
TX,Jones,48253,Stamford,2941
TX,Jones,48253,Anson,2297
TX,Jones,48253,Hamlin,2021
TX,Jones,48253,Hawley,623
TX,Jones,48253,Lueders,333
TX,Karnes,48255,Kenedy,6223
TX,Karnes,48255,Karnes City,3383
TX,Karnes,48255,Runge,1138
TX,Karnes,48255,Falls City,689
TX,Kaufman,48257,Forney,50251
TX,Kaufman,48257,Terrell,18869
TX,Kaufman,48257,Kaufman,7788
TX,Kaufman,48257,Travis Ranch,4265
TX,Kaufman,48257,Crandall,4017
TX,Kaufman,48257,Mabank,3995
TX,Kaufman,48257,Talty,2760
TX,Kaufman,48257,Combine,2442
TX,Kaufman,48257,Elmo,1391
TX,Kaufman,48257,Kemp,1236
TX,Kaufman,48257,Scurry,781
TX,Kaufman,48257,Oak Ridge,742
TX,Kaufman,48257,Oak Grove,669
TX,Kaufman,48257,Post Oak Bend City,587
TX,Kaufman,48257,Rosser,400
TX,Kaufman,48257,Grays Prairie,372
TX,Kaufman,48257,Cottonwood,202
TX,Kendall,48259,Boerne,18232
TX,Kendall,48259,Comfort,3717
TX,Kenedy,48261,Sarita,513
TX,Kent,48263,Jayton,502
TX,Kent,48263,Girard,11
TX,Kerr,48265,Kerrville,30623
TX,Kerr,48265,Ingram,1850
TX,Kimble,48267,Junction,2404
TX,King,48269,Guthrie,124
TX,Kinney,48271,Brackettville,2859
TX,Kinney,48271,Fort Clark Springs,1256
TX,Kinney,48271,Spofford,97
TX,Kleberg,48273,Kingsville,25315
TX,Kleberg,48273,Ricardo,674
TX,Kleberg,48273,Riviera,616
TX,Knox,48275,Munday,1275
TX,Knox,48275,Knox City,1119
TX,Knox,48275,Benjamin,254
TX,Knox,48275,Goree,203
TX,La Salle,48283,Cotulla,4241
TX,La Salle,48283,Encinal,591
TX,La Salle,48283,Fowlerton,268
TX,Lamar,48277,Paris,26010
TX,Lamar,48277,Reno,3346
TX,Lamar,48277,Blossom,1569
TX,Lamar,48277,Powderly,1064
TX,Lamar,48277,Roxton,639
TX,Lamar,48277,Deport,558
TX,Lamar,48277,Sun Valley,83
TX,Lamar,48277,Toco,76
TX,Lamb,48279,Littlefield,5843
TX,Lamb,48279,Olton,2060
TX,Lamb,48279,Earth,971
TX,Lamb,48279,Sudan,895
TX,Lamb,48279,Amherst,660
TX,Lamb,48279,Springlake,102
TX,Lamb,48279,Spade,78
TX,Lampasas,48281,Lampasas,7982
TX,Lampasas,48281,Kempner,1140
TX,Lampasas,48281,Lometa,861
TX,Lavaca,48285,Hallettsville,2637
TX,Lavaca,48285,Shiner,2162
TX,Lavaca,48285,Moulton,899
TX,Lee,48287,Giddings,5254
TX,Lee,48287,Lexington,1222
TX,Leon,48289,Buffalo,1902
TX,Leon,48289,Jewett,1220
TX,Leon,48289,Centerville,907
TX,Leon,48289,Hilltop Lakes,790
TX,Leon,48289,Normangee,706
TX,Leon,48289,Oakwood,515
TX,Leon,48289,Marquez,274
TX,Leon,48289,Leona,180
TX,Liberty,48291,Dayton,13987
TX,Liberty,48291,Cleveland,10690
TX,Liberty,48291,Liberty,9314
TX,Liberty,48291,Ames,1201
TX,Liberty,48291,Daisetta,1124
TX,Liberty,48291,Hardin,935
TX,Liberty,48291,Plum Grove,726
TX,Liberty,48291,Big Thicket Lake Estates,704
TX,Liberty,48291,Kenefick,693
TX,Liberty,48291,Hull,669
TX,Liberty,48291,Devers,522
TX,Liberty,48291,North Cleveland,298
TX,Liberty,48291,Dayton Lakes,103
TX,Limestone,48293,Mexia,7344
TX,Limestone,48293,Groesbeck,4253
TX,Limestone,48293,Coolidge,953
TX,Limestone,48293,Thornton,524
TX,Limestone,48293,Kosse,466
TX,Limestone,48293,Tehuacana,279
TX,Lipscomb,48295,Booker,1494
TX,Lipscomb,48295,Follett,441
TX,Lipscomb,48295,Higgins,391
TX,Lipscomb,48295,Darrouzett,342
TX,Lipscomb,48295,Lipscomb,24
TX,Live Oak,48297,George West,2562
TX,Live Oak,48297,Three Rivers,1949
TX,Llano,48299,Kingsland,7134
TX,Llano,48299,Horseshoe Bay,4024
TX,Llano,48299,Llano,3497
TX,Llano,48299,Buchanan Dam,1375
TX,Llano,48299,Buchanan Lake Village,945
TX,Llano,48299,Sunrise Beach Village,796
TX,Loving,48301,Mentone,29
TX,Lubbock,48303,Lubbock,267648
TX,Lubbock,48303,Slaton,5890
TX,Lubbock,48303,Wolfforth,5486
TX,Lubbock,48303,Shallowater,3346
TX,Lubbock,48303,Abernathy,2706
TX,Lubbock,48303,Idalou,2308
TX,Lubbock,48303,Ransom Canyon,1124
TX,Lubbock,48303,New Deal,827
TX,Lubbock,48303,Buffalo Springs,442
TX,Lynn,48305,Tahoka,2649
TX,Lynn,48305,O'Donnell,837
TX,Lynn,48305,Wilson,490
TX,Lynn,48305,New Home,363
TX,Madison,48313,Madisonville,4746
TX,Madison,48313,Midway,236
TX,Marion,48315,Jefferson,1915
TX,Marion,48315,Pine Harbor,715
TX,Martin,48317,Stanton,3000
TX,Mason,48319,Mason,2305
TX,Matagorda,48321,Bay City,18661
TX,Matagorda,48321,Palacios,4535
TX,Matagorda,48321,Markham,1271
TX,Matagorda,48321,Van Vleck,1223
TX,Matagorda,48321,Blessing,538
TX,Matagorda,48321,Matagorda,434
TX,Maverick,48323,Eagle Pass,55686
TX,Maverick,48323,Eidson Road,9714
TX,Maverick,48323,Chula Vista,4722
TX,Maverick,48323,Elm Creek,3590
TX,Maverick,48323,Rosita,2792
TX,Maverick,48323,Siesta Acres,1620
TX,Maverick,48323,Las Quintas Fronterizas,1212
TX,Maverick,48323,Fabrica,829
TX,Maverick,48323,Seco Mines,545
TX,Maverick,48323,Radar Base,196
TX,Maverick,48323,Quemado,143
TX,Maverick,48323,El Indio,21
TX,McCulloch,48307,Brady,5302
TX,McCulloch,48307,Melvin,168
TX,McLennan,48309,Waco,192315
TX,McLennan,48309,Hewitt,14937
TX,McLennan,48309,Robinson,11926
TX,McLennan,48309,Bellmead,10744
TX,McLennan,48309,Woodway,9024
TX,McLennan,48309,Lacy-Lakeview,6721
TX,McLennan,48309,McGregor,5331
TX,McLennan,48309,West,2986
TX,McLennan,48309,Beverly Hills,1987
TX,McLennan,48309,Mart,1963
TX,McLennan,48309,Lorena,1755
TX,McLennan,48309,Bruceville-Eddy,1697
TX,McLennan,48309,China Spring,1455
TX,McLennan,48309,Moody,1420
TX,McLennan,48309,Gholson,1118
TX,McLennan,48309,Riesel,1037
TX,McLennan,48309,Crawford,827
TX,McLennan,48309,Hallsburg,468
TX,McLennan,48309,Leroy,346
TX,McLennan,48309,Ross,284
TX,McMullen,48311,Tilden,290
TX,Medina,48325,Hondo,9436
TX,Medina,48325,Devine,6436
TX,Medina,48325,Castroville,4701
TX,Medina,48325,Natalia,1590
TX,Medina,48325,LaCoste,1247
TX,Medina,48325,D'Hanis,733
TX,Menard,48327,Menard,1404
TX,Midland,48329,Midland,154793
TX,Milam,48331,Rockdale,5503
TX,Milam,48331,Cameron,5464
TX,Milam,48331,Thorndale,1302
TX,Milam,48331,Buckholts,522
TX,Milam,48331,Milano,421
TX,Mills,48333,Goldthwaite,1833
TX,Mills,48333,Mullin,176
TX,Mitchell,48335,Colorado City,5533
TX,Mitchell,48335,Loraine,564
TX,Mitchell,48335,Lake Colorado City,493
TX,Mitchell,48335,Westbrook,244
TX,Montague,48337,Bowie,5114
TX,Montague,48337,Nocona,3002
TX,Montague,48337,St. Jo,1030
TX,Montague,48337,Nocona Hills,674
TX,Montague,48337,Sunset,644
TX,Montague,48337,Montague,384
TX,Montgomery,48339,The Woodlands,113819
TX,Montgomery,48339,Conroe,91079
TX,Montgomery,48339,Willis,7028
TX,Montgomery,48339,Pinehurst,6021
TX,Montgomery,48339,Magnolia,4799
TX,Montgomery,48339,Oak Ridge North,3161
TX,Montgomery,48339,Shenandoah,2987
TX,Montgomery,48339,Panorama Village,2424
TX,Montgomery,48339,Splendora,2255
TX,Montgomery,48339,Patton Village,2157
TX,Montgomery,48339,Porter Heights,2066
TX,Montgomery,48339,Roman Forest,2006
TX,Montgomery,48339,Woodbranch,1441
TX,Montgomery,48339,Cut and Shoot,1438
TX,Montgomery,48339,Montgomery,1360
TX,Montgomery,48339,Stagecoach,592
TX,Montgomery,48339,Woodloch,208
TX,Moore,48341,Dumas,13963
TX,Moore,48341,Cactus,3359
TX,Moore,48341,Sunray,1812
TX,Morris,48343,Daingerfield,4625
TX,Morris,48343,Lone Star,1482
TX,Morris,48343,Naples,1313
TX,Morris,48343,Omaha,980
TX,Motley,48345,Matador,611
TX,Motley,48345,Roaring Springs,231
TX,Nacogdoches,48347,Nacogdoches,34420
TX,Nacogdoches,48347,Garrison,873
TX,Nacogdoches,48347,Cushing,620
TX,Nacogdoches,48347,Appleby,446
TX,Nacogdoches,48347,Chireno,384
TX,Nacogdoches,48347,Redfield,250
TX,Navarro,48349,Corsicana,23906
TX,Navarro,48349,Kerens,1523
TX,Navarro,48349,Rice,974
TX,Navarro,48349,Blooming Grove,835
TX,Navarro,48349,Dawson,801
TX,Navarro,48349,Frost,641
TX,Navarro,48349,Angus,429
TX,Navarro,48349,Oak Valley,421
TX,Navarro,48349,Mildred,392
TX,Navarro,48349,Retreat,384
TX,Navarro,48349,Eureka,307
TX,Navarro,48349,Richland,273
TX,Navarro,48349,Barry,264
TX,Navarro,48349,Navarro,220
TX,Navarro,48349,Goodlow,198
TX,Navarro,48349,Powell,146
TX,Navarro,48349,Emhouse,145
TX,Navarro,48349,Mustang,21
TX,Newton,48351,Newton,2370
TX,Newton,48351,Deweyville,518
TX,Newton,48351,South Toledo Bend,468
TX,Nolan,48353,Sweetwater,10469
TX,Nolan,48353,Roscoe,1285
TX,Nolan,48353,Blackwell,310
TX,Nueces,48355,Corpus Christi,342464
TX,Nueces,48355,Robstown,11755
TX,Nueces,48355,Port Aransas,4266
TX,Nueces,48355,Bishop,3056
TX,Nueces,48355,Driscoll,746
TX,Nueces,48355,North San Pedro,645
TX,Nueces,48355,La Paloma-Lost Creek,613
TX,Nueces,48355,Spring Gardens,565
TX,Nueces,48355,Rancho Banquete,484
TX,Nueces,48355,Tierra Verde,441
TX,Nueces,48355,Banquete,381
TX,Nueces,48355,Tierra Grande,334
TX,Nueces,48355,Sandy Hollow-Escondidas,296
TX,Nueces,48355,Petronila,120
TX,Ochiltree,48357,Perryton,8512
TX,Oldham,48359,Vega,924
TX,Oldham,48359,Boys Ranch,412
TX,Oldham,48359,Adrian,170
TX,Orange,48361,Orange,18118
TX,Orange,48361,Vidor,10403
TX,Orange,48361,Bridge City,7862
TX,Orange,48361,Mauriceville,3267
TX,Orange,48361,West Orange,3223
TX,Orange,48361,Pine Forest,519
TX,Orange,48361,Rose City,484
TX,Palo Pinto,48363,Mineral Wells,15213
TX,Palo Pinto,48363,Strawn,671
TX,Palo Pinto,48363,Graford,627
TX,Palo Pinto,48363,Gordon,486
TX,Palo Pinto,48363,Mingus,257
TX,Palo Pinto,48363,Palo Pinto,147
TX,Panola,48365,Carthage,6431
TX,Panola,48365,Beckville,823
TX,Panola,48365,Gary City,300
TX,Parker,48367,Weatherford,46268
TX,Parker,48367,Aledo,8909
TX,Parker,48367,Willow Park,5842
TX,Parker,48367,Briar,5241
TX,Parker,48367,Annetta,3248
TX,Parker,48367,Springtown,3190
TX,Parker,48367,Hudson Oaks,2479
TX,Parker,48367,Horseshoe Bend,586
TX,Parker,48367,Annetta South,573
TX,Parker,48367,Annetta North,568
TX,Parker,48367,Western Lake,486
TX,Parker,48367,Millsap,461
TX,Parker,48367,Sanctuary,321
TX,Parker,48367,Cool,187
TX,Parmer,48369,Friona,3808
TX,Parmer,48369,Bovina,1777
TX,Parmer,48369,Farwell,1291
TX,Pecos,48371,Fort Stockton,9495
TX,Pecos,48371,Iraan,1222
TX,Pecos,48371,Imperial,308
TX,Pecos,48371,Coyanosa,91
TX,Polk,48373,Onalaska,8435
TX,Polk,48373,West Livingston,8347
TX,Polk,48373,Livingston,5242
TX,Polk,48373,Corrigan,1611
TX,Polk,48373,Indian Springs,850
TX,Polk,48373,Cedar Point,795
TX,Polk,48373,Pleasant Hill,665
TX,Polk,48373,Goodrich,323
TX,Polk,48373,Seven Oaks,129
TX,Potter,48375,Amarillo,205603
TX,Potter,48375,Bishop Hills,178
TX,Presidio,48377,Presidio,4095
TX,Presidio,48377,Marfa,1625
TX,Presidio,48377,Redford,121
TX,Rains,48379,Emory,1353
TX,Rains,48379,East Tawakoni,985
TX,Rains,48379,Point,926
TX,Randall,48381,Canyon,16109
TX,Randall,48381,Lake Tanglewood,886
TX,Randall,48381,Timbercreek Canyon,471
TX,Randall,48381,Palisades,353
TX,Reagan,48383,Big Lake,3367
TX,Real,48385,Camp Wood,731
TX,Real,48385,Leakey,438
TX,Red River,48387,Clarksville,3072
TX,Red River,48387,Bogata,1063
TX,Red River,48387,Detroit,683
TX,Red River,48387,Avery,444
TX,Red River,48387,Annona,288
TX,Reeves,48389,Pecos,14040
TX,Reeves,48389,Balmorhea,595
TX,Reeves,48389,Toyah,108
TX,Refugio,48391,Refugio,2745
TX,Refugio,48391,Woodsboro,1410
TX,Refugio,48391,Tivoli,527
TX,Refugio,48391,Bayside,320
TX,Refugio,48391,Austwell,145
TX,Roberts,48393,Miami,550
TX,Robertson,48395,Hearne,4354
TX,Robertson,48395,Franklin,1645
TX,Robertson,48395,Calvert,1126
TX,Robertson,48395,Bremond,966
TX,Rockwall,48397,Rockwall,45888
TX,Rockwall,48397,Fate,15603
TX,Rockwall,48397,Royse City,14702
TX,Rockwall,48397,Heath,9331
TX,Rockwall,48397,McLendon-Chisholm,3455
TX,Rockwall,48397,Mobile City,210
TX,Runnels,48399,Ballinger,3642
TX,Runnels,48399,Winters,2448
TX,Runnels,48399,Miles,872
TX,Rusk,48401,Henderson,14569
TX,Rusk,48401,Lake Cherokee,2942
TX,Rusk,48401,Overton,2503
TX,Rusk,48401,Tatum,1384
TX,Rusk,48401,New London,1014
TX,Rusk,48401,Easton,515
TX,Rusk,48401,Mount Enterprise,436
TX,Rusk,48401,Reklaw,395
TX,Sabine,48403,Milam,1841
TX,Sabine,48403,Hemphill,1244
TX,Sabine,48403,Pineland,800
TX,San Augustine,48405,San Augustine,1888
TX,San Augustine,48405,Broaddus,197
TX,San Jacinto,48407,Shepherd,2413
TX,San Jacinto,48407,Coldspring,932
TX,San Jacinto,48407,Point Blank,752
TX,San Jacinto,48407,Cape Royale,534
TX,San Jacinto,48407,Oakhurst,267
TX,San Patricio,48409,Ingleside,17940
TX,San Patricio,48409,Portland,17268
TX,San Patricio,48409,Aransas Pass,8388
TX,San Patricio,48409,Sinton,5738
TX,San Patricio,48409,Mathis,5662
TX,San Patricio,48409,Taft,4140
TX,San Patricio,48409,Odem,2741
TX,San Patricio,48409,Gregory,1886
TX,San Patricio,48409,Taft Southwest,982
TX,San Patricio,48409,Lakeshore Gardens-Hidden Acres,741
TX,San Patricio,48409,Rancho Chico,725
TX,San Patricio,48409,Ingleside on the Bay,607
TX,San Patricio,48409,Edroy,550
TX,San Patricio,48409,Lake City,531
TX,San Patricio,48409,San Patricio,375
TX,San Patricio,48409,La Paloma Addition,338
TX,San Patricio,48409,Morgan Farm,327
TX,San Patricio,48409,Country Acres,238
TX,San Patricio,48409,Del Sol,129
TX,San Patricio,48409,Loma Linda,106
TX,San Patricio,48409,Tradewinds,105
TX,San Patricio,48409,Edgewater Estates,81
TX,San Patricio,48409,Paisano Park,52
TX,San Patricio,48409,Falman,24
TX,San Saba,48411,San Saba,3173
TX,San Saba,48411,Richland Springs,309
TX,Schleicher,48413,Eldorado,1579
TX,Scurry,48415,Snyder,11371
TX,Scurry,48415,Hermleigh,376
TX,Shackelford,48417,Albany,1934
TX,Shackelford,48417,Moran,260
TX,Shelby,48419,Center,5215
TX,Shelby,48419,Tenaha,1146
TX,Shelby,48419,Timpson,1134
TX,Shelby,48419,Joaquin,805
TX,Shelby,48419,Huxley,382
TX,Sherman,48421,Stratford,2057
TX,Sherman,48421,Texhoma,323
TX,Smith,48423,Tyler,143796
TX,Smith,48423,Lindale,13442
TX,Smith,48423,Whitehouse,8905
TX,Smith,48423,Bullard,3727
TX,Smith,48423,Hideaway,3174
TX,Smith,48423,Troup,2044
TX,Smith,48423,Emerald Bay,1255
TX,Smith,48423,Arp,1030
TX,Smith,48423,Noonday,722
TX,Smith,48423,New Chapel Hill,646
TX,Smith,48423,Winona,608
TX,Somervell,48425,Glen Rose,2699
TX,Starr,48427,Rio Grande City,48610
TX,Starr,48427,Roma,11490
TX,Starr,48427,Las Lomas,2666
TX,Starr,48427,Escobares,2575
TX,Starr,48427,La Grulla,1701
TX,Starr,48427,Ranchitos del Norte,1307
TX,Starr,48427,Mikes,897
TX,Starr,48427,Valle Vista,771
TX,Starr,48427,Garza-Salinas II,762
TX,Starr,48427,East Alto Bonito,750
TX,Starr,48427,West Alto Bonito,676
TX,Starr,48427,El Rancho Vela,652
TX,Starr,48427,Mi Ranchito Estate,602
TX,Starr,48427,La Puerta,497
TX,Starr,48427,Los Ebanos,480
TX,Starr,48427,El Refugio,461
TX,Starr,48427,Manuel Garcia,438
TX,Starr,48427,Garceno,436
TX,Starr,48427,B and E,432
TX,Starr,48427,El Chaparral,416
TX,Starr,48427,Camargito,388
TX,Starr,48427,Fronton Ranchettes,351
TX,Starr,48427,Loma Vista,283
TX,Starr,48427,Eugenio Saenz,282
TX,Starr,48427,La Carla,278
TX,Starr,48427,Los Alvarez,263
TX,Starr,48427,La Escondida,262
TX,Starr,48427,E. Lopez,233
TX,Starr,48427,Alto Bonito Heights,232
TX,Starr,48427,Miguel Barrera,229
TX,Starr,48427,Barrera,228
TX,Starr,48427,Fronton,225
TX,Starr,48427,Loma Linda West,218
TX,Starr,48427,Delmita,212
TX,Starr,48427,La Paloma Ranchettes,200
TX,Starr,48427,Ramos,196
TX,Starr,48427,Olmito and Olmito,188
TX,Starr,48427,La Rosita,178
TX,Starr,48427,Los Barreras,176
TX,Starr,48427,Campo Verde,176
TX,Starr,48427,Pena,175
TX,Starr,48427,Salineño,174
TX,Starr,48427,El Quiote,172
TX,Starr,48427,Villarreal,157
TX,Starr,48427,San Isidro,137
TX,Starr,48427,Chaparrito,119
TX,Starr,48427,H. Cuellar Estates,118
TX,Starr,48427,Benjamin Perez,110
TX,Starr,48427,La Minita,93
TX,Starr,48427,La Esperanza,86
TX,Starr,48427,Palo Blanco,82
TX,Starr,48427,Gutierrez,80
TX,Starr,48427,El Castillo,69
TX,Starr,48427,Longoria,67
TX,Starr,48427,Buena Vista,67
TX,Starr,48427,North Escobares,64
TX,Starr,48427,Falconaire,62
TX,Starr,48427,Flor del Rio,57
TX,Starr,48427,Regino Ramirez,57
TX,Starr,48427,Quesada,56
TX,Starr,48427,La Victoria,49
TX,Starr,48427,Evergreen,48
TX,Starr,48427,Nina,48
TX,Starr,48427,Salineño North,48
TX,Starr,48427,Ramirez-Perez,45
TX,Starr,48427,Guadalupe Guerra,42
TX,Starr,48427,Casas,40
TX,Starr,48427,La Loma de Falcon,36
TX,Starr,48427,La Chuparosa,34
TX,Starr,48427,Los Veteranos II,32
TX,Starr,48427,Amada Acres,28
TX,Starr,48427,El Brazil,27
TX,Starr,48427,Fernando Salinas,25
TX,Starr,48427,Victoria Vera,25
TX,Starr,48427,Airport Heights,22
TX,Starr,48427,Rivereno,22
TX,Starr,48427,Olivia Lopez de Gutierrez,20
TX,Starr,48427,Falcon Heights,14
TX,Starr,48427,Pablo Pena,14
TX,Starr,48427,Santel,8
TX,Starr,48427,Elias-Fela Solis,7
TX,Starr,48427,San Fernando,4
TX,Stephens,48429,Breckenridge,5478
TX,Sterling,48431,Sterling City,998
TX,Stonewall,48433,Aspermont,835
TX,Sutton,48435,Sonora,3084
TX,Swisher,48437,Tulia,4655
TX,Swisher,48437,Kress,681
TX,Swisher,48437,Happy,668
TX,Tarrant,48439,Fort Worth,909585
TX,Tarrant,48439,Arlington,398854
TX,Tarrant,48439,Mansfield,72419
TX,Tarrant,48439,North Richland Hills,70670
TX,Tarrant,48439,Euless,57197
TX,Tarrant,48439,Grapevine,55281
TX,Tarrant,48439,Bedford,49049
TX,Tarrant,48439,Keller,47213
TX,Tarrant,48439,Haltom City,43874
TX,Tarrant,48439,Hurst,38655
TX,Tarrant,48439,Southlake,32376
TX,Tarrant,48439,Colleyville,27091
TX,Tarrant,48439,Watauga,24481
TX,Tarrant,48439,Saginaw,24310
TX,Tarrant,48439,Benbrook,23502
TX,Tarrant,48439,White Settlement,17851
TX,Tarrant,48439,Crowley,16460
TX,Tarrant,48439,Azle,13351
TX,Tarrant,48439,Rendon,13150
TX,Tarrant,48439,Forest Hill,12988
TX,Tarrant,48439,Kennedale,8645
TX,Tarrant,48439,Richland Hills,7953
TX,Tarrant,48439,River Oaks,7630
TX,Tarrant,48439,Everman,6201
TX,Tarrant,48439,Sansom Park,5748
TX,Tarrant,48439,Pecan Acres,5259
TX,Tarrant,48439,Lake Worth,4896
TX,Tarrant,48439,Edgecliff Village,3026
TX,Tarrant,48439,Westworth Village,2757
TX,Tarrant,48439,Pantego,2519
TX,Tarrant,48439,Blue Mound,2445
TX,Tarrant,48439,Dalworthington Gardens,2370
TX,Tarrant,48439,Pelican Bay,2005
TX,Tarrant,48439,Haslet,1923
TX,Tarrant,48439,Westlake,1709
TX,Tarrant,48439,Lakeside,1593
TX,Tarrant,48439,Westover Hills,683
TX,Taylor,48441,Abilene,123420
TX,Taylor,48441,Potosi,3677
TX,Taylor,48441,Merkel,2617
TX,Taylor,48441,Tye,1333
TX,Taylor,48441,Tuscola,739
TX,Taylor,48441,Buffalo Gap,557
TX,Taylor,48441,Trent,349
TX,Taylor,48441,Lawn,321
TX,Taylor,48441,Impact,30
TX,Terrell,48443,Sanderson,774
TX,Terry,48445,Brownfield,9358
TX,Terry,48445,Meadow,585
TX,Terry,48445,Wellman,203
TX,Throckmorton,48447,Throckmorton,761
TX,Throckmorton,48447,Woodson,241
TX,Throckmorton,48447,Elbert,8
TX,Titus,48449,Mount Pleasant,16412
TX,Titus,48449,Winfield,520
TX,Titus,48449,Talco,497
TX,Titus,48449,Miller's Cove,160
TX,Tom Green,48451,San Angelo,101004
TX,Tom Green,48451,Grape Creek,2897
TX,Tom Green,48451,Carlsbad,551
TX,Tom Green,48451,Christoval,354
TX,Travis,48453,Austin,1687311
TX,Travis,48453,Pflugerville,65380
TX,Travis,48453,Lakeway,15981
TX,Travis,48453,Manor,14642
TX,Travis,48453,Wells Branch,12176
TX,Travis,48453,Hornsby Bend,7694
TX,Travis,48453,Lago Vista,7556
TX,Travis,48453,Bee Cave,6841
TX,Travis,48453,Shady Hollow,4473
TX,Travis,48453,West Lake Hills,3286
TX,Travis,48453,Barton Creek,2930
TX,Travis,48453,The Hills,2487
TX,Travis,48453,Garfield,2239
TX,Travis,48453,Hudson Bend,2208
TX,Travis,48453,Jonestown,2105
TX,Travis,48453,Briarcliff,1819
TX,Travis,48453,Rollingwood,1585
TX,Travis,48453,Manchaca,1254
TX,Travis,48453,Lost Creek,1099
TX,Travis,48453,Point Venture,1033
TX,Travis,48453,Mustang Ridge,981
TX,Travis,48453,Sunset Valley,672
TX,Travis,48453,Volente,599
TX,Travis,48453,San Leanna,507
TX,Travis,48453,Webberville,485
TX,Travis,48453,Creedmoor,224
TX,Trinity,48455,Trinity,3393
TX,Trinity,48455,Westwood Shores,1682
TX,Trinity,48455,Groveton,1023
TX,Tyler,48457,Woodville,4468
TX,Tyler,48457,Ivanhoe,1436
TX,Tyler,48457,Warren,1060
TX,Tyler,48457,Colmesneil,591
TX,Tyler,48457,Chester,311
TX,Upshur,48459,Gilmer,5220
TX,Upshur,48459,Big Sandy,1412
TX,Upshur,48459,Ore City,1228
TX,Upshur,48459,East Mountain,861
TX,Upshur,48459,Union Grove,385
TX,Upton,48461,McCamey,2060
TX,Upton,48461,Rankin,851
TX,Uvalde,48463,Uvalde,18406
TX,Uvalde,48463,Sabinal,1673
TX,Uvalde,48463,Uvalde Estates,1665
TX,Uvalde,48463,Knippa,783
TX,Uvalde,48463,Utopia,167
TX,Val Verde,48465,Del Rio,44121
TX,Val Verde,48465,Cienegas Terrace,3476
TX,Val Verde,48465,Val Verde Park,2731
TX,Val Verde,48465,Laughlin AFB,2244
TX,Val Verde,48465,Lake View,100
TX,Val Verde,48465,Box Canyon,76
TX,Val Verde,48465,Amistad,44
TX,Van Zandt,48467,Canton,3861
TX,Van Zandt,48467,Wills Point,3651
TX,Van Zandt,48467,Grand Saline,3273
TX,Van Zandt,48467,Van,2741
TX,Van Zandt,48467,Edgewood,1525
TX,Van Zandt,48467,Callender Lake,1023
TX,Van Zandt,48467,Myrtle Springs,563
TX,Van Zandt,48467,Fruitvale,428
TX,Van Zandt,48467,Edom,392
TX,Victoria,48469,Victoria,68078
TX,Victoria,48469,Inez,2702
TX,Victoria,48469,Quail Creek,1961
TX,Victoria,48469,Bloomington,1783
TX,Victoria,48469,Placedo,515
TX,Walker,48471,Huntsville,42241
TX,Walker,48471,New Waverly,1071
TX,Walker,48471,Riverside,549
TX,Waller,48473,Hempstead,8355
TX,Waller,48473,Prairie View,6953
TX,Waller,48473,Brookshire,5816
TX,Waller,48473,Waller,3488
TX,Waller,48473,Pine Island,1159
TX,Waller,48473,Pattison,620
TX,Ward,48475,Monahans,8639
TX,Ward,48475,Wickett,559
TX,Ward,48475,Thorntonville,541
TX,Ward,48475,Grandfalls,403
TX,Ward,48475,Barstow,386
TX,Ward,48475,Pyote,132
TX,Washington,48477,Brenham,17863
TX,Washington,48477,Burton,292
TX,Webb,48479,Laredo,262491
TX,Webb,48479,Rio Bravo,7797
TX,Webb,48479,El Cenizo,3161
TX,Webb,48479,Ranchos Penitas West,1152
TX,Webb,48479,Pueblo Nuevo,737
TX,Webb,48479,Ranchitos East,506
TX,Webb,48479,Mirando City,403
TX,Webb,48479,Ranchitos Las Lomas,400
TX,Webb,48479,Bruni,378
TX,Webb,48479,San Carlos II,306
TX,Webb,48479,San Carlos I,302
TX,Webb,48479,Los Altos,261
TX,Webb,48479,La Presa,227
TX,Webb,48479,Oilton,153
TX,Webb,48479,Bonanza Hills,128
TX,Webb,48479,Los Nopalitos,86
TX,Webb,48479,La Coma,71
TX,Webb,48479,Los Arcos,63
TX,Webb,48479,Colorado Acres,53
TX,Webb,48479,Los Veteranos I,47
TX,Webb,48479,Tanquecitos South Acres,31
TX,Webb,48479,Botines,31
TX,Webb,48479,Los Minerales,19
TX,Webb,48479,Sunset Acres,18
TX,Webb,48479,Los Huisaches,13
TX,Wharton,48481,El Campo,11655
TX,Wharton,48481,Wharton,8765
TX,Wharton,48481,East Bernard,2342
TX,Wharton,48481,Boling,1162
TX,Wharton,48481,Louise,963
TX,Wharton,48481,Iago,105
TX,Wharton,48481,Hungerford,84
TX,Wheeler,48483,Shamrock,1764
TX,Wheeler,48483,Wheeler,1477
TX,Wheeler,48483,Mobeetie,95
TX,Wichita,48485,Wichita Falls,104683
TX,Wichita,48485,Burkburnett,11270
TX,Wichita,48485,Iowa Park,6339
TX,Wichita,48485,Electra,2730
TX,Wichita,48485,Cashion Community,355
TX,Wichita,48485,Pleasant Valley,330
TX,Wilbarger,48487,Vernon,10323
TX,Willacy,48489,Raymondville,13963
TX,Willacy,48489,Lyford,2540
TX,Willacy,48489,Sebastian,1515
TX,Willacy,48489,Lasara,853
TX,Willacy,48489,San Perlita,556
TX,Willacy,48489,Ranchette Estates,239
TX,Willacy,48489,Port Mansfield,87
TX,Willacy,48489,Zapata Ranch,75
TX,Williamson,48491,Round Rock,133372
TX,Williamson,48491,Georgetown,79604
TX,Williamson,48491,Cedar Park,79462
TX,Williamson,48491,Leander,62608
TX,Williamson,48491,Hutto,27947
TX,Williamson,48491,Brushy Creek,18399
TX,Williamson,48491,Taylor,17383
TX,Williamson,48491,Sonterra,3276
TX,Williamson,48491,Liberty Hill,2931
TX,Williamson,48491,Bartlett,2873
TX,Williamson,48491,Jarrell,1832
TX,Williamson,48491,Granger,1505
TX,Williamson,48491,Serenada,1404
TX,Williamson,48491,Florence,1274
TX,Williamson,48491,Thrall,977
TX,Williamson,48491,Weir,530
TX,Williamson,48491,Coupland,317
TX,Wilson,48493,Floresville,8045
TX,Wilson,48493,Poth,2284
TX,Wilson,48493,Stockdale,1649
TX,Wilson,48493,La Vernia,1428
TX,Winkler,48495,Kermit,6613
TX,Winkler,48495,Wink,1028
TX,Wise,48497,Decatur,7094
TX,Wise,48497,Bridgeport,6653
TX,Wise,48497,Rhome,6387
TX,Wise,48497,Runaway Bay,1576
TX,Wise,48497,Alvord,1573
TX,Wise,48497,New Fairview,1544
TX,Wise,48497,Boyd,1518
TX,Wise,48497,Aurora,1512
TX,Wise,48497,Newark,1232
TX,Wise,48497,Chico,1177
TX,Wise,48497,Paradise,561
TX,Wise,48497,Lake Bridgeport,399
TX,Wood,48499,Mineola,5919
TX,Wood,48499,Winnsboro,3299
TX,Wood,48499,Quitman,2559
TX,Wood,48499,Holly Lake Ranch,2529
TX,Wood,48499,Hawkins,1321
TX,Wood,48499,Alba,545
TX,Wood,48499,Yantis,428
TX,Yoakum,48501,Denver City,5413
TX,Yoakum,48501,Plains,1655
TX,Young,48503,Graham,8755
TX,Young,48503,Olney,3099
TX,Young,48503,Newcastle,573
TX,Zapata,48505,Zapata,5717
TX,Zapata,48505,Medina,4727
TX,Zapata,48505,Siesta Shores,1115
TX,Zapata,48505,Falcon Lake Estates,738
TX,Zapata,48505,San Ygnacio,695
TX,Zapata,48505,New Falcon,301
TX,Zapata,48505,Lopeño,188
TX,Zapata,48505,Falcon Mesa,166
TX,Zapata,48505,Ramireno,69
TX,Zavala,48507,Crystal City,7255
TX,Zavala,48507,La Pryor,1466
TX,Zavala,48507,Batesville,1448
TX,Zavala,48507,Chula Vista,829
TX,Zavala,48507,Loma Grande,274
TX,Zavala,48507,Amaya,26
UT,Beaver,49001,Beaver,3185
UT,Beaver,49001,Milford,1394
UT,Beaver,49001,Minersville,920
UT,Box Elder,49003,Brigham City,19601
UT,Box Elder,49003,Tremonton,11905
UT,Box Elder,49003,Perry,5248
UT,Box Elder,49003,Garland,2590
UT,Box Elder,49003,Willard,1958
UT,Box Elder,49003,South Willard,1726
UT,Box Elder,49003,Honeyville,1644
UT,Box Elder,49003,Elwood,1103
UT,Box Elder,49003,Mantua,963
UT,Box Elder,49003,Bear River City,898
UT,Box Elder,49003,Riverside,810
UT,Box Elder,49003,Corinne,763
UT,Box Elder,49003,Thatcher,634
UT,Box Elder,49003,Fielding,482
UT,Box Elder,49003,Plymouth,460
UT,Box Elder,49003,Deweyville,373
UT,Box Elder,49003,Portage,273
UT,Box Elder,49003,Howell,254
UT,Box Elder,49003,Snowville,173
UT,Cache,49005,Logan,101616
UT,Cache,49005,Smithfield,12025
UT,Cache,49005,North Logan,11237
UT,Cache,49005,Hyrum,8619
UT,Cache,49005,Providence,7780
UT,Cache,49005,Nibley,7135
UT,Cache,49005,Hyde Park,4797
UT,Cache,49005,Wellsville,3941
UT,Cache,49005,Richmond,2803
UT,Cache,49005,Millville,2150
UT,Cache,49005,River Heights,2076
UT,Cache,49005,Lewiston,1798
UT,Cache,49005,Benson,1468
UT,Cache,49005,Mendon,1396
UT,Cache,49005,Paradise,1022
UT,Cache,49005,Newton,817
UT,Cache,49005,Clarkston,740
UT,Cache,49005,Peter,564
UT,Cache,49005,Amalga,558
UT,Cache,49005,Trenton,552
UT,Cache,49005,Cornish,337
UT,Cache,49005,Avon,327
UT,Cache,49005,Cove,262
UT,Cache,49005,Cache,115
UT,Carbon,49007,Price,13564
UT,Carbon,49007,Helper,2105
UT,Carbon,49007,Wellington,1620
UT,Carbon,49007,Carbonville,1346
UT,Carbon,49007,Spring Glen,995
UT,Carbon,49007,West Wood,694
UT,Carbon,49007,Kenilworth,204
UT,Carbon,49007,Clear Creek,37
UT,Carbon,49007,Scofield,23
UT,Daggett,49009,Manila,307
UT,Daggett,49009,Dutch John,141
UT,Daggett,49009,Flaming Gorge,120
UT,Davis,49011,Layton,78014
UT,Davis,49011,Bountiful,43981
UT,Davis,49011,Kaysville,32390
UT,Davis,49011,Clearfield,32118
UT,Davis,49011,Syracuse,31458
UT,Davis,49011,Farmington,25339
UT,Davis,49011,Clinton,22499
UT,Davis,49011,North Salt Lake,20948
UT,Davis,49011,Centerville,17587
UT,Davis,49011,Woods Cross,11431
UT,Davis,49011,West Point,10957
UT,Davis,49011,South Weber,7836
UT,Davis,49011,Fruit Heights,6221
UT,Davis,49011,West Bountiful,5800
UT,Davis,49011,Sunset,5364
UT,Duchesne,49013,Roosevelt,7233
UT,Duchesne,49013,Duchesne,1710
UT,Duchesne,49013,Myton,606
UT,Duchesne,49013,Neola,440
UT,Duchesne,49013,Altamont,277
UT,Duchesne,49013,Bluebell,236
UT,Duchesne,49013,Tabiona,159
UT,Emery,49015,Castle Dale,2646
UT,Emery,49015,Huntington,1934
UT,Emery,49015,Ferron,1495
UT,Emery,49015,Orangeville,1326
UT,Emery,49015,Green River,935
UT,Emery,49015,Cleveland,440
UT,Emery,49015,Elmo,402
UT,Emery,49015,Emery,268
UT,Emery,49015,Clawson,186
UT,Garfield,49017,Panguitch,1682
UT,Garfield,49017,Escalante,798
UT,Garfield,49017,Tropic,514
UT,Garfield,49017,Boulder,241
UT,Garfield,49017,Henrieville,225
UT,Garfield,49017,Bryce Canyon City,222
UT,Garfield,49017,Cannonville,173
UT,Garfield,49017,Hatch,142
UT,Garfield,49017,Antimony,121
UT,Grand,49019,Moab,7278
UT,Grand,49019,Castle Valley,350
UT,Grand,49019,Thompson Springs,99
UT,Iron,49021,Cedar City,39995
UT,Iron,49021,Enoch,7180
UT,Iron,49021,Parowan,3165
UT,Iron,49021,Paragonah,545
UT,Iron,49021,Kanarraville,407
UT,Iron,49021,Newcastle,267
UT,Iron,49021,Summit,228
UT,Iron,49021,Brian Head,93
UT,Iron,49021,Beryl Junction,89
UT,Iron,49021,Cedar Highlands,68
UT,Juab,49023,Nephi,6378
UT,Juab,49023,Mona,1807
UT,Juab,49023,Levan,954
UT,Juab,49023,Rocky Ridge,858
UT,Juab,49023,Eureka,707
UT,Kane,49025,Kanab,4931
UT,Kane,49025,Orderville,592
UT,Kane,49025,Big Water,511
UT,Kane,49025,Glendale,407
UT,Kane,49025,Alton,120
UT,Millard,49027,Delta,3602
UT,Millard,49027,Fillmore,2650
UT,Millard,49027,Hinckley,716
UT,Millard,49027,Oak City,649
UT,Millard,49027,Kanosh,485
UT,Millard,49027,Holden,393
UT,Millard,49027,Scipio,332
UT,Millard,49027,Meadow,328
UT,Millard,49027,Deseret,305
UT,Millard,49027,Leamington,239
UT,Millard,49027,Lynndyl,117
UT,Millard,49027,Sutherland,34
UT,Millard,49027,Oasis,28
UT,Morgan,49029,Morgan,4273
UT,Morgan,49029,Mountain Green,3853
UT,Piute,49031,Circleville,489
UT,Piute,49031,Marysvale,437
UT,Piute,49031,Junction,172
UT,Piute,49031,Kingston,155
UT,Rich,49033,Garden City,617
UT,Rich,49033,Randolph,508
UT,Rich,49033,Laketown,276
UT,Rich,49033,Garden,262
UT,Rich,49033,Woodruff,212
UT,Salt Lake,49035,Salt Lake City,1098526
UT,Salt Lake,49035,West Valley City,135248
UT,Salt Lake,49035,West Jordan,116480
UT,Salt Lake,49035,Sandy,96380
UT,Salt Lake,49035,South Jordan,76598
UT,Salt Lake,49035,Millcreek,61450
UT,Salt Lake,49035,Taylorsville,59805
UT,Salt Lake,49035,Herriman,51348
UT,Salt Lake,49035,Murray,48917
UT,Salt Lake,49035,Draper,48587
UT,Salt Lake,49035,Riverton,44440
UT,Salt Lake,49035,Kearns,36330
UT,Salt Lake,49035,Midvale,34124
UT,Salt Lake,49035,Cottonwood Heights,33843
UT,Salt Lake,49035,Holladay,30325
UT,Salt Lake,49035,Magna,26949
UT,Salt Lake,49035,South Salt Lake,25582
UT,Salt Lake,49035,Bluffdale,16358
UT,Salt Lake,49035,White City,5768
UT,Salt Lake,49035,Emigration Canyon,1592
UT,Salt Lake,49035,Copperton,835
UT,Salt Lake,49035,Granite,801
UT,Salt Lake,49035,Alta,379
UT,San Juan,49037,Blanding,3633
UT,San Juan,49037,Monticello,1969
UT,San Juan,49037,Oljato-Monument Valley,854
UT,San Juan,49037,Spanish Valley,577
UT,San Juan,49037,Aneth,552
UT,San Juan,49037,Halchita,408
UT,San Juan,49037,Montezuma Creek,386
UT,San Juan,49037,La Sal,291
UT,San Juan,49037,Navajo Mountain,273
UT,San Juan,49037,Bluff,245
UT,San Juan,49037,White Mesa,173
UT,San Juan,49037,Tselakai Dezza,96
UT,Sanpete,49039,Ephraim,7308
UT,Sanpete,49039,Gunnison,4536
UT,Sanpete,49039,Manti,3754
UT,Sanpete,49039,Mount Pleasant,3530
UT,Sanpete,49039,Moroni,1552
UT,Sanpete,49039,Centerfield,1495
UT,Sanpete,49039,Fairview,1358
UT,Sanpete,49039,Fountain Green,1166
UT,Sanpete,49039,Spring City,1080
UT,Sanpete,49039,Mayfield,552
UT,Sanpete,49039,Wales,373
UT,Sanpete,49039,Sterling,320
UT,Sanpete,49039,Fayette,263
UT,Sevier,49041,Richfield,7888
UT,Sevier,49041,Salina,2612
UT,Sevier,49041,Monroe,2358
UT,Sevier,49041,Aurora,1052
UT,Sevier,49041,Elsinore,882
UT,Sevier,49041,Annabella,810
UT,Sevier,49041,Redmond,747
UT,Sevier,49041,Central Valley,570
UT,Sevier,49041,Glenwood,476
UT,Sevier,49041,Sigurd,443
UT,Sevier,49041,Joseph,358
UT,Sevier,49041,Koosharem,330
UT,Summit,49043,Park City,15061
UT,Summit,49043,Summit Park,8118
UT,Summit,49043,Snyderville,6255
UT,Summit,49043,Silver Summit,4503
UT,Summit,49043,Kamas,3324
UT,Summit,49043,Oakley,1740
UT,Summit,49043,Coalville,1596
UT,Summit,49043,Francis,1574
UT,Summit,49043,Henefer,979
UT,Summit,49043,Wanship,614
UT,Summit,49043,Marion,603
UT,Summit,49043,Hoytsville,392
UT,Summit,49043,Samak,369
UT,Summit,49043,Peoa,247
UT,Summit,49043,Woodland,245
UT,Summit,49043,Echo,49
UT,Tooele,49045,Tooele,36015
UT,Tooele,49045,Grantsville,12064
UT,Tooele,49045,Stansbury Park,9325
UT,Tooele,49045,Erda,2635
UT,Tooele,49045,Wendover,1489
UT,Tooele,49045,Stockton,682
UT,Tooele,49045,Dugway,576
UT,Tooele,49045,Rush Valley,494
UT,Tooele,49045,Vernon,356
UT,Tooele,49045,Ophir,50
UT,Uintah,49047,Vernal,19893
UT,Uintah,49047,Maeser,4123
UT,Uintah,49047,Naples,2082
UT,Uintah,49047,Ballard,1093
UT,Uintah,49047,Fort Duchesne,594
UT,Uintah,49047,Whiterocks,275
UT,Uintah,49047,Jensen,222
UT,Uintah,49047,Randlett,80
UT,Utah,49049,Provo,500617
UT,Utah,49049,Orem,97828
UT,Utah,49049,Lehi,69724
UT,Utah,49049,Spanish Fork,40913
UT,Utah,49049,Eagle Mountain,38391
UT,Utah,49049,Pleasant Grove,38258
UT,Utah,49049,Springville,33310
UT,Utah,49049,Saratoga Springs,33282
UT,Utah,49049,American Fork,33161
UT,Utah,49049,Payson,20303
UT,Utah,49049,Highland,19175
UT,Utah,49049,Santaquin,14004
UT,Utah,49049,Vineyard,11866
UT,Utah,49049,Lindon,11100
UT,Utah,49049,Mapleton,10731
UT,Utah,49049,Alpine,10498
UT,Utah,49049,Cedar Hills,10083
UT,Utah,49049,Salem,8621
UT,Utah,49049,Elk Ridge,4335
UT,Utah,49049,Woodland Hills,1590
UT,Utah,49049,Genola,1567
UT,Utah,49049,West Mountain,1233
UT,Utah,49049,Benjamin,960
UT,Utah,49049,Goshen,915
UT,Utah,49049,Lake Shore,704
UT,Utah,49049,Spring Lake,526
UT,Utah,49049,Palmyra,468
UT,Utah,49049,Elberta,412
UT,Utah,49049,Cedar Fort,395
UT,Utah,49049,Fairfield,145
UT,Wasatch,49051,Heber,25877
UT,Wasatch,49051,Midway,5280
UT,Wasatch,49051,Daniel,1077
UT,Wasatch,49051,Hideout,998
UT,Wasatch,49051,Timber Lakes,661
UT,Wasatch,49051,Charleston,487
UT,Wasatch,49051,Wallsburg,385
UT,Wasatch,49051,Interlaken,235
UT,Wasatch,49051,Independence,198
UT,Washington,49053,St. George,120899
UT,Washington,49053,Washington,29174
UT,Washington,49053,Hurricane,22666
UT,Washington,49053,Ivins,9192
UT,Washington,49053,Santa Clara,8417
UT,Washington,49053,La Verkin,4446
UT,Washington,49053,Hildale,2896
UT,Washington,49053,Enterprise,1890
UT,Washington,49053,Toquerville,1735
UT,Washington,49053,Central,883
UT,Washington,49053,Leeds,873
UT,Washington,49053,Apple Valley,844
UT,Washington,49053,Veyo,822
UT,Washington,49053,Dammeron Valley,786
UT,Washington,49053,Virgin,658
UT,Washington,49053,Springdale,629
UT,Washington,49053,Rockville,269
UT,Washington,49053,New Harmony,234
UT,Washington,49053,Pine Valley,168
UT,Wayne,49055,Loa,575
UT,Wayne,49055,Bicknell,336
UT,Wayne,49055,Lyman,257
UT,Wayne,49055,Torrey,244
UT,Wayne,49055,Hanksville,220
UT,Wayne,49055,Teasdale,218
UT,Wayne,49055,Fremont,99
UT,Weber,49057,Ogden,578523
UT,Weber,49057,Roy,39613
UT,Weber,49057,North Ogden,20582
UT,Weber,49057,South Ogden,17199
UT,Weber,49057,West Haven,16109
UT,Weber,49057,Pleasant View,10839
UT,Weber,49057,Washington Terrace,9248
UT,Weber,49057,Hooper,9152
UT,Weber,49057,Riverdale,8838
UT,Weber,49057,Plain City,7669
UT,Weber,49057,Farr West,7385
UT,Weber,49057,Harrisville,6872
UT,Weber,49057,Marriott-Slaterville,1898
UT,Weber,49057,Wolf Creek,1391
UT,Weber,49057,Uintah,1353
UT,Weber,49057,Liberty,929
UT,Weber,49057,Eden,794
UT,Weber,49057,Huntsville,642
VA,Accomack,51001,Chincoteague,2875
VA,Accomack,51001,Onancock,1211
VA,Accomack,51001,Captains Cove,1077
VA,Accomack,51001,Wattsville,998
VA,Accomack,51001,Pastoria,996
VA,Accomack,51001,Boston,928
VA,Accomack,51001,Parksley,808
VA,Accomack,51001,Atlantic,773
VA,Accomack,51001,Tangier,701
VA,Accomack,51001,Horntown,524
VA,Accomack,51001,Metompkin,504
VA,Accomack,51001,Onley,500
VA,Accomack,51001,Mappsville,487
VA,Accomack,51001,Accomac,485
VA,Accomack,51001,Nelsonia,454
VA,Accomack,51001,Tasley,434
VA,Accomack,51001,Savageville,424
VA,Accomack,51001,Melfa,387
VA,Accomack,51001,Bloxom,366
VA,Accomack,51001,Quinby,332
VA,Accomack,51001,Chase Crossing,331
VA,Accomack,51001,Makemie Park,316
VA,Accomack,51001,Bayside,272
VA,Accomack,51001,Temperanceville,258
VA,Accomack,51001,Saxis,231
VA,Accomack,51001,Pungoteague,230
VA,Accomack,51001,Painter,224
VA,Accomack,51001,Wachapreague,223
VA,Accomack,51001,Harborton,221
VA,Accomack,51001,Hallwood,200
VA,Accomack,51001,Greenbush,182
VA,Accomack,51001,Whitesville,172
VA,Accomack,51001,Gargatha,171
VA,Accomack,51001,Keller,169
VA,Accomack,51001,Cats Bridge,141
VA,Accomack,51001,Modest Town,134
VA,Accomack,51001,Bobtown,123
VA,Accomack,51001,Southside Chesconessex,123
VA,Accomack,51001,Oak Hall,100
VA,Accomack,51001,Sanford,97
VA,Accomack,51001,New Church,93
VA,Accomack,51001,Lee Mont,69
VA,Accomack,51001,Mappsburg,65
VA,Accomack,51001,Savage Town,61
VA,Accomack,51001,Deep Creek,40
VA,Accomack,51001,Greenbackville,29
VA,Albemarle,51003,University of Virginia,8444
VA,Albemarle,51003,Hollymead,8071
VA,Albemarle,51003,Crozet,7159
VA,Albemarle,51003,Pantops,3388
VA,Albemarle,51003,Rivanna,1851
VA,Albemarle,51003,Piney Mountain,1356
VA,Albemarle,51003,Esmont,828
VA,Albemarle,51003,Scottsville,618
VA,Albemarle,51003,Ivy,459
VA,Albemarle,51003,Free Union,261
VA,Alexandria,51510,Alexandria,159428
VA,Alleghany,51005,Clifton Forge,4778
VA,Alleghany,51005,Selma,630
VA,Alleghany,51005,Iron Gate,357
VA,Alleghany,51005,Callaghan,283
VA,Alleghany,51005,Low Moor,207
VA,Amelia,51007,Amelia Court House,1064
VA,Amherst,51009,Madison Heights,11665
VA,Amherst,51009,Amherst,2180
VA,Appomattox,51011,Appomattox,1794
VA,Appomattox,51011,Pamplin City,228
VA,Arlington,51013,Arlington,233464
VA,Augusta,51015,Stuarts Draft,9354
VA,Augusta,51015,Fishersville,8647
VA,Augusta,51015,Verona,4228
VA,Augusta,51015,Crimora,2207
VA,Augusta,51015,Weyers Cave,1950
VA,Augusta,51015,Lyndhurst,1820
VA,Augusta,51015,Greenville,1423
VA,Augusta,51015,Harriston,1193
VA,Augusta,51015,Dooms,1105
VA,Augusta,51015,Craigsville,931
VA,Augusta,51015,Jolivue,926
VA,Augusta,51015,New Hope,648
VA,Augusta,51015,Sherando,569
VA,Augusta,51015,Mount Sidney,442
VA,Augusta,51015,Augusta Springs,210
VA,Augusta,51015,Churchville,174
VA,Augusta,51015,Middlebrook,115
VA,Augusta,51015,Deerfield,106
VA,Bath,51017,Hot Springs,499
VA,Bedford,51019,Forest,10836
VA,Bedford,51019,Bedford,7240
VA,Bedford,51019,Montvale,608
VA,Bedford,51019,Big Island,203
VA,Bland,51021,Bland,360
VA,Botetourt,51023,Cloverdale,3294
VA,Botetourt,51023,Blue Ridge,3288
VA,Botetourt,51023,Daleville,2806
VA,Botetourt,51023,Laymantown,2148
VA,Botetourt,51023,Buchanan,1174
VA,Botetourt,51023,Troutville,427
VA,Botetourt,51023,Fincastle,341
VA,Bristol,51520,Bristol,16762
VA,Brunswick,51025,Lawrenceville,2859
VA,Brunswick,51025,Gasburg,529
VA,Brunswick,51025,Alberta,270
VA,Brunswick,51025,Brodnax,268
VA,Brunswick,51025,Ebony,238
VA,Brunswick,51025,Warfield,100
VA,Buchanan,51027,Grundy,899
VA,Buchanan,51027,Vansant,241
VA,Buckingham,51029,Dillwyn,442
VA,Buckingham,51029,Yogaville,155
VA,Buckingham,51029,Buckingham Courthouse,59
VA,Buena Vista,51530,Buena Vista,6478
VA,Campbell,51031,Timberlake,13247
VA,Campbell,51031,Altavista,4603
VA,Campbell,51031,Rustburg,1419
VA,Campbell,51031,Brookneal,1098
VA,Campbell,51031,Concord,746
VA,Caroline,51033,Lake Land'Or,4028
VA,Caroline,51033,Lake Caroline,1523
VA,Caroline,51033,Bowling Green,1175
VA,Caroline,51033,Port Royal,206
VA,Carroll,51035,Hillsville,2661
VA,Carroll,51035,Cana,1820
VA,Carroll,51035,Fancy Gap,54
VA,Charles City,51036,Charles City,60
VA,Charlotte,51037,Keysville,781
VA,Charlotte,51037,Charlotte Court House,512
VA,Charlotte,51037,Drakes Branch,501
VA,Charlotte,51037,Phenix,213
VA,Charlottesville,51540,Charlottesville,100416
VA,Chesapeake,51550,Chesapeake,244835
VA,Chesterfield,51041,Chester,22032
VA,Chesterfield,51041,Meadowbrook,19811
VA,Chesterfield,51041,Bon Air,18052
VA,Chesterfield,51041,Brandermill,13836
VA,Chesterfield,51041,Manchester,10919
VA,Chesterfield,51041,Rockwood,8136
VA,Chesterfield,51041,Woodlake,7064
VA,Chesterfield,51041,Bellwood,6723
VA,Chesterfield,51041,Bensley,6092
VA,Chesterfield,51041,Ettrick,5201
VA,Chesterfield,51041,Enon,4425
VA,Chesterfield,51041,Matoaca,2490
VA,Clarke,51043,Berryville,4467
VA,Clarke,51043,Boyce,627
VA,Clarke,51043,Shenandoah Retreat,626
VA,Colonial Heights,51570,Colonial Heights,17370
VA,Covington,51580,Covington,7832
VA,Craig,51045,New Castle,153
VA,Culpeper,51047,Culpeper,20485
VA,Cumberland,51049,Cumberland,396
VA,Danville,51590,Danville,45890
VA,Dickenson,51051,Clintwood,1284
VA,Dickenson,51051,Haysi,465
VA,Dickenson,51051,Clinchco,294
VA,Dinwiddie,51053,McKenney,489
VA,Emporia,51595,Emporia,6443
VA,Essex,51057,Tappahannock,2562
VA,Fairfax,51059,Centreville,74125
VA,Fairfax,51059,Reston,61147
VA,Fairfax,51059,McLean,47682
VA,Fairfax,51059,Annandale,43295
VA,Fairfax,51059,Burke,42806
VA,Fairfax,51059,Oakton,36997
VA,Fairfax,51059,Fair Oaks,33481
VA,Fairfax,51059,Springfield,32222
VA,Fairfax,51059,West Falls Church,29623
VA,Fairfax,51059,Herndon,24601
VA,Fairfax,51059,Chantilly,24368
VA,Fairfax,51059,Woodlawn,24351
VA,Fairfax,51059,Tysons,24261
VA,Fairfax,51059,West Springfield,24223
VA,Fairfax,51059,Bailey's Crossroads,24180
VA,Fairfax,51600,Fairfax,24019
VA,Fairfax,51059,Lincolnia,23933
VA,Fairfax,51059,Rose Hill,22252
VA,Fairfax,51059,McNair,21485
VA,Fairfax,51059,Lorton,20871
VA,Fairfax,51059,Franconia,19720
VA,Fairfax,51059,Franklin Farm,18321
VA,Fairfax,51059,Merrifield,18291
VA,Fairfax,51059,Idylwood,18273
VA,Fairfax,51059,Burke Centre,17894
VA,Fairfax,51059,Kingstowne,17517
VA,Fairfax,51059,Hybla Valley,17069
VA,Fairfax,51059,Fort Hunt,16973
VA,Fairfax,51059,Groveton,16516
VA,Fairfax,51059,Vienna,16485
VA,Fairfax,51059,Wolf Trap,16436
VA,Fairfax,51059,Great Falls,14872
VA,Fairfax,51059,Kings Park West,14227
VA,Fairfax,51059,Huntington,13334
VA,Fairfax,51059,Newington,13196
VA,Fairfax,51059,Mount Vernon,13113
VA,Fairfax,51059,Newington Forest,12373
VA,Fairfax,51059,Fairfax Station,12046
VA,Fairfax,51059,Dranesville,11661
VA,Fairfax,51059,Wakefield,11554
VA,Fairfax,51059,Lake Barcroft,9823
VA,Fairfax,51059,George Mason,9777
VA,Fairfax,51059,Dunn Loring,9158
VA,Fairfax,51059,Woodburn,9127
VA,Fairfax,51059,Seven Corners,8731
VA,Fairfax,51059,Greenbriar,8686
VA,Fairfax,51059,Fair Lakes,8399
VA,Fairfax,51059,Long Branch,8381
VA,Fairfax,51059,Floris,8291
VA,Fairfax,51059,Laurel Hill,8020
VA,Fairfax,51059,Fort Belvoir,7967
VA,Fairfax,51059,Mantua,7342
VA,Fairfax,51059,North Springfield,7303
VA,Fairfax,51059,Belle Haven,6640
VA,Fairfax,51059,South Run,6243
VA,Fairfax,51059,Pimmit Hills,6223
VA,Fairfax,51059,Crosspointe,5727
VA,Fairfax,51059,Kings Park,5109
VA,Fairfax,51059,Hayfield,4285
VA,Fairfax,51059,Ravensworth,2188
VA,Fairfax,51059,Mason Neck,1986
VA,Fairfax,51059,Clifton,293
VA,Falls Church,51610,Falls Church,14617
VA,Fauquier,51061,New Baltimore,10440
VA,Fauquier,51061,Warrenton,10027
VA,Fauquier,51061,Bealeton,4873
VA,Fauquier,51061,Marshall,2063
VA,Fauquier,51061,Opal,690
VA,Fauquier,51061,Remington,658
VA,Fauquier,51061,The Plains,236
VA,Fauquier,51061,Catlett,162
VA,Fauquier,51061,Calverton,107
VA,Fauquier,51061,Midland,97
VA,Floyd,51063,Floyd,436
VA,Fluvanna,51065,Lake Monticello,10862
VA,Fluvanna,51065,Columbia,126
VA,Fluvanna,51065,Palmyra,103
VA,Franklin,51620,Franklin,8549
VA,Franklin,51067,Rocky Mount,5953
VA,Franklin,51067,North Shore,3249
VA,Franklin,51067,Ferrum,2310
VA,Franklin,51067,Henry Fork,1294
VA,Franklin,51067,Union Hall,1105
VA,Franklin,51067,Penhook,1053
VA,Franklin,51067,Westlake Corner,980
VA,Franklin,51067,Boones Mill,233
VA,Frederick,51069,Lake Holiday,2084
VA,Frederick,51069,Stephens City,2063
VA,Frederick,51069,Shawneeland,1683
VA,Frederick,51069,Middletown,1396
VA,Fredericksburg,51630,Fredericksburg,168909
VA,Galax,51640,Galax,6347
VA,Giles,51071,Narrows,4069
VA,Giles,51071,Pearisburg,2729
VA,Giles,51071,Pembroke,1081
VA,Giles,51071,Rich Creek,741
VA,Giles,51071,Glen Lyn,97
VA,Gloucester,51073,Gloucester Point,9854
VA,Gloucester,51073,Gloucester Courthouse,2466
VA,Goochland,51075,Goochland,898
VA,Grayson,51077,Independence,892
VA,Grayson,51077,Fries,446
VA,Grayson,51077,Troutdale,166
VA,Greene,51079,Ruckersville,1335
VA,Greene,51079,Twin Lakes,1271
VA,Greene,51079,Stanardsville,386
VA,Greensville,51081,Jarratt,572
VA,Halifax,51083,South Boston,7740
VA,Halifax,51083,Halifax,1210
VA,Halifax,51083,Mountain Road,783
VA,Halifax,51083,Cluster Springs,764
VA,Halifax,51083,Riverdale,758
VA,Halifax,51083,Clover,368
VA,Halifax,51083,Nathalie,201
VA,Halifax,51083,Virgilina,137
VA,Halifax,51083,Scottsburg,128
VA,Hampton,51650,Hampton,134510
VA,Hanover,51085,Mechanicsville,37496
VA,Hanover,51085,Ashland,7875
VA,Hanover,51085,Hanover,223
VA,Harrisonburg,51660,Harrisonburg,72386
VA,Henrico,51087,Tuckahoe,48799
VA,Henrico,51087,Short Pump,28328
VA,Henrico,51087,Laurel,17535
VA,Henrico,51087,Highland Springs,16459
VA,Henrico,51087,East Highland Park,15498
VA,Henrico,51087,Glen Allen,15488
VA,Henrico,51087,Lakeside,12374
VA,Henrico,51087,Wyndham,10578
VA,Henrico,51087,Innsbrook,8888
VA,Henrico,51087,Dumbarton,8714
VA,Henrico,51087,Montrose,7541
VA,Henrico,51087,Sandston,7188
VA,Henrico,51087,Chamberlayne,5888
VA,Henry,51089,Collinsville,7665
VA,Henry,51089,Horse Pasture,2080
VA,Henry,51089,Chatmoss,1544
VA,Henry,51089,Stanleytown,1379
VA,Henry,51089,Bassett,1065
VA,Henry,51089,Fieldale,907
VA,Henry,51089,Laurel Park,841
VA,Henry,51089,Ridgeway,693
VA,Henry,51089,Oak Level,651
VA,Henry,51089,Villa Heights,603
VA,Henry,51089,Sandy Level,491
VA,Highland,51091,Monterey,136
VA,Hopewell,51670,Hopewell,22529
VA,Isle of Wight,51093,Smithfield,10702
VA,Isle of Wight,51093,Carrollton,6442
VA,Isle of Wight,51093,Windsor,2758
VA,Isle of Wight,51093,Rushmere,1005
VA,Isle of Wight,51093,Camptown,938
VA,Isle of Wight,51093,Benns Church,551
VA,Isle of Wight,51093,Carrsville,174
VA,King George,51099,King George,4902
VA,King George,51099,Dahlgren,3093
VA,King George,51099,Passapatanzy,1532
VA,King George,51099,Dahlgren Center,628
VA,King George,51099,Fairview Beach,479
VA,King William,51101,West Point,3257
VA,King William,51101,Central Garage,1574
VA,King William,51101,King William,364
VA,King and Queen,51097,King and Queen Court House,105
VA,Lancaster,51103,Kilmarnock,1394
VA,Lancaster,51103,Irvington,398
VA,Lancaster,51103,White Stone,331
VA,Lancaster,51103,Lancaster,57
VA,Lee,51105,Pennington Gap,1721
VA,Lee,51105,Dryden,1174
VA,Lee,51105,Jonesville,928
VA,Lee,51105,Keokee,398
VA,Lee,51105,Ewing,198
VA,Lee,51105,St. Charles,110
VA,Lexington,51678,Lexington,9264
VA,Loudoun,51107,Leesburg,53727
VA,Loudoun,51107,Ashburn,49848
VA,Loudoun,51107,South Riding,31515
VA,Loudoun,51107,Sterling,30271
VA,Loudoun,51107,Brambleton,21358
VA,Loudoun,51107,Purcellville,15742
VA,Loudoun,51107,Stone Ridge,14220
VA,Loudoun,51107,Broadlands,13576
VA,Loudoun,51107,Sugarland Run,12956
VA,Loudoun,51107,Lansdowne,12354
VA,Loudoun,51107,Cascades,11389
VA,Loudoun,51107,Lowes Island,10860
VA,Loudoun,51107,Countryside,9701
VA,Loudoun,51107,Loudoun Valley Estates,8020
VA,Loudoun,51107,Belmont,6632
VA,Loudoun,51107,Dulles Town Center,5475
VA,Loudoun,51107,University Center,4007
VA,Loudoun,51107,Oak Grove,2801
VA,Loudoun,51107,Lovettsville,2198
VA,Loudoun,51107,Moorefield Station,1976
VA,Loudoun,51107,Arcola,1216
VA,Loudoun,51107,Middleburg,834
VA,Loudoun,51107,Round Hill,656
VA,Loudoun,51107,Hamilton,629
VA,Loudoun,51107,Hillsboro,169
VA,Louisa,51109,Louisa,1733
VA,Louisa,51109,Blue Ridge Shores,772
VA,Louisa,51109,Mineral,523
VA,Lunenburg,51111,Victoria,1626
VA,Lunenburg,51111,Kenbridge,1197
VA,Lunenburg,51111,Lunenburg,203
VA,Lynchburg,51680,Lynchburg,126814
VA,Madison,51113,Brightwood,1195
VA,Madison,51113,Madison,241
VA,Manassas,51683,Manassas,41085
VA,Manassas Park,51685,Manassas Park,17478
VA,Martinsville,51690,Martinsville,31871
VA,Mathews,51115,Mathews,569
VA,Mathews,51115,Gwynn,353
VA,Mecklenburg,51117,South Hill,4520
VA,Mecklenburg,51117,Chase City,2512
VA,Mecklenburg,51117,Clarksville,1166
VA,Mecklenburg,51117,Bracey,1065
VA,Mecklenburg,51117,La Crosse,575
VA,Mecklenburg,51117,Boydton,411
VA,Mecklenburg,51117,Thynedale,154
VA,Mecklenburg,51117,Fairview,153
VA,Mecklenburg,51117,Union Level,103
VA,Mecklenburg,51117,Baskerville,74
VA,Middlesex,51119,Deltaville,1050
VA,Middlesex,51119,Saluda,639
VA,Middlesex,51119,Urbanna,458
VA,Montgomery,51121,Blacksburg,91888
VA,Montgomery,51121,Christiansburg,22473
VA,Montgomery,51121,Merrimac,2651
VA,Montgomery,51121,Shawsville,1548
VA,Montgomery,51121,Plum Creek,1521
VA,Montgomery,51121,Belview,1072
VA,Montgomery,51121,Elliston,1060
VA,Montgomery,51121,Riner,1056
VA,Montgomery,51121,Prices Fork,917
VA,Montgomery,51121,Lafayette,569
VA,Nelson,51125,Nellysford,1305
VA,Nelson,51125,Arrington,905
VA,Nelson,51125,Wintergreen,533
VA,Nelson,51125,Lovingston,494
VA,Nelson,51125,Shipman,332
VA,Nelson,51125,Schuyler,241
VA,New Kent,51127,New Kent,485
VA,Newport News,51700,Newport News,179225
VA,Norfolk,51710,Norfolk,242742
VA,Northampton,51131,Exmore,1372
VA,Northampton,51131,Cape Charles,1019
VA,Northampton,51131,Nassawadox,478
VA,Northampton,51131,Cheriton,448
VA,Northampton,51131,Eastville,339
VA,Northumberland,51133,Heathsville,109
VA,Norton,51720,Norton,10570
VA,Nottoway,51135,Crewe,3956
VA,Nottoway,51135,Blackstone,3329
VA,Nottoway,51135,Burkeville,399
VA,Nottoway,51135,Nottoway Court House,100
VA,Orange,51137,Lake of the Woods,8406
VA,Orange,51137,Orange,5291
VA,Orange,51137,Gordonsville,1624
VA,Page,51139,Luray,4848
VA,Page,51139,Shenandoah,2331
VA,Page,51139,Stanley,1673
VA,Patrick,51141,Patrick Springs,1932
VA,Patrick,51141,Stuart,1271
VA,Petersburg,51730,Petersburg,31346
VA,Pittsylvania,51143,Mount Hermon,3951
VA,Pittsylvania,51143,Chatham,1427
VA,Pittsylvania,51143,Hurt,1223
VA,Pittsylvania,51143,Gretna,1190
VA,Pittsylvania,51143,Motley,700
VA,Pittsylvania,51143,Blairs,592
VA,Poquoson,51735,Poquoson,12271
VA,Portsmouth,51740,Portsmouth,94398
VA,Powhatan,51145,Powhatan,348
VA,Prince Edward,51147,Farmville,8594
VA,Prince Edward,51147,Hampden-Sydney,1729
VA,Prince George,51149,Fort Lee,5763
VA,Prince George,51149,Prince George,1878
VA,Prince George,51149,Templeton,158
VA,Prince William,51153,Dale City,72627
VA,Prince William,51153,Lake Ridge,44716
VA,Prince William,51153,Linton Hall,41386
VA,Prince William,51153,Montclair,20881
VA,Prince William,51153,Neabsco,20364
VA,Prince William,51153,Cherry Hill,20241
VA,Prince William,51153,Sudley,18575
VA,Prince William,51153,Buckhall,17708
VA,Prince William,51153,Gainesville,17287
VA,Prince William,51153,Bull Run,16651
VA,Prince William,51153,Yorkshire,9639
VA,Prince William,51153,Independent Hill,9204
VA,Prince William,51153,Triangle,8972
VA,Prince William,51153,Potomac Mills,6664
VA,Prince William,51153,Dumfries,5922
VA,Prince William,51153,Quantico Base,5109
VA,Prince William,51153,Woodbridge,4373
VA,Prince William,51153,County Center,4045
VA,Prince William,51153,Loch Lomond,4038
VA,Prince William,51153,Haymarket,1676
VA,Prince William,51153,Nokesville,1330
VA,Prince William,51153,Bull Run Mountain Estates,1314
VA,Prince William,51153,Occoquan,1086
VA,Prince William,51153,Quantico,553
VA,Pulaski,51155,Pulaski,15407
VA,Pulaski,51155,Dublin,2584
VA,Pulaski,51155,Fairlawn,2322
VA,Pulaski,51155,New River,704
VA,Pulaski,51155,Draper,371
VA,Pulaski,51155,Hiwassee,310
VA,Pulaski,51155,Parrott,256
VA,Pulaski,51155,Belspring,199
VA,Pulaski,51155,Allisonia,91
VA,Pulaski,51155,Snowville,76
VA,Radford,51750,Radford,18249
VA,Rappahannock,51157,Chester Gap,1145
VA,Rappahannock,51157,Flint Hill,336
VA,Rappahannock,51157,Sperryville,228
VA,Rappahannock,51157,Washington,127
VA,Richmond,51760,Richmond,1075798
VA,Richmond,51159,Warsaw,1486
VA,Roanoke,51770,Roanoke,214674
VA,Roanoke,51161,Cave Spring,26001
VA,Roanoke,51161,Hollins,14329
VA,Roanoke,51161,Vinton,8104
VA,Roanoke,51161,Glenvar,1088
VA,Rockbridge,51163,East Lexington,1683
VA,Rockbridge,51163,Glasgow,1103
VA,Rockbridge,51163,Goshen,368
VA,Rockingham,51165,Broadway,6712
VA,Rockingham,51165,Bridgewater,6145
VA,Rockingham,51165,Massanetta Springs,5884
VA,Rockingham,51165,Grottoes,4367
VA,Rockingham,51165,Elkton,3893
VA,Rockingham,51165,Timberville,2691
VA,Rockingham,51165,Massanutten,2602
VA,Rockingham,51165,Dayton,1637
VA,Rockingham,51165,Belmont Estates,1226
VA,Rockingham,51165,Mount Crawford,458
VA,Russell,51167,Lebanon,3147
VA,Russell,51167,Castlewood,1785
VA,Russell,51167,Honaker,1318
VA,Russell,51167,Dante,557
VA,Russell,51167,Cleveland,175
VA,Salem,51775,Salem,25301
VA,Scott,51169,Gate City,1869
VA,Scott,51169,Weber City,1211
VA,Scott,51169,Nickelsville,360
VA,Scott,51169,Dungannon,298
VA,Scott,51169,Duffield,83
VA,Scott,51169,Clinchport,64
VA,Shenandoah,51171,Strasburg,7320
VA,Shenandoah,51171,Woodstock,7239
VA,Shenandoah,51171,New Market,2253
VA,Shenandoah,51171,Mount Jackson,2118
VA,Shenandoah,51171,Edinburg,1070
VA,Shenandoah,51171,Maurertown,955
VA,Shenandoah,51171,Basye,953
VA,Shenandoah,51171,Toms Brook,272
VA,Smyth,51173,Marion,7414
VA,Smyth,51173,Saltville,1901
VA,Smyth,51173,Chilhowie,1702
VA,Smyth,51173,Adwolf,1573
VA,Smyth,51173,Sugar Grove,899
VA,Smyth,51173,Atkins,750
VA,Smyth,51173,Seven Mile Ford,606
VA,Smyth,51173,McMullin,438
VA,Southampton,51175,Courtland,1215
VA,Southampton,51175,Boykins,526
VA,Southampton,51175,Sedley,405
VA,Southampton,51175,Ivor,316
VA,Southampton,51175,Southampton Meadows,302
VA,Southampton,51175,Newsoms,297
VA,Southampton,51175,Capron,151
VA,Southampton,51175,Branchville,115
VA,Spotsylvania,51177,Spotsylvania Courthouse,4607
VA,Spotsylvania,51177,Lake Wilderness,2871
VA,Stafford,51179,Aquia Harbour,6106
VA,Stafford,51179,Falmouth,4688
VA,Stafford,51179,Stafford Courthouse,4252
VA,Stafford,51179,Southern Gateway,3517
VA,Staunton,51790,Staunton,59433
VA,Suffolk,51800,Suffolk,92108
VA,Surry,51181,Claremont,336
VA,Surry,51181,Dendron,247
VA,Surry,51181,Surry,218
VA,Surry,51181,Scotland,163
VA,Sussex,51183,Waverly,1953
VA,Sussex,51183,Sussex,356
VA,Sussex,51183,Stony Creek,178
VA,Tazewell,51185,Richlands,8618
VA,Tazewell,51185,Bluefield,4837
VA,Tazewell,51185,Tazewell,4430
VA,Tazewell,51185,Raven,2046
VA,Tazewell,51185,Claypool Hill,1341
VA,Tazewell,51185,Springville,1301
VA,Tazewell,51185,Gratton,1101
VA,Tazewell,51185,Cedar Bluff,1002
VA,Tazewell,51185,Pocahontas,353
VA,Virginia Beach,51810,Virginia Beach,1478868
VA,Warren,51187,Front Royal,19719
VA,Warren,51187,Shenandoah Farms,3642
VA,Warren,51187,Apple Mountain Lake,1369
VA,Warren,51187,Skyland Estates,1142
VA,Warren,51187,Shenandoah Shores,946
VA,Washington,51191,Abingdon,7867
VA,Washington,51191,Glade Spring,1406
VA,Washington,51191,Emory,1155
VA,Washington,51191,Meadow View,1058
VA,Washington,51191,Damascus,775
VA,Waynesboro,51820,Waynesboro,22630
VA,Westmoreland,51193,Colonial Beach,3773
VA,Westmoreland,51193,Montross,390
VA,Williamsburg,51830,Williamsburg,80441
VA,Winchester,51840,Winchester,74417
VA,Wise,51195,Big Stone Gap,7533
VA,Wise,51195,Wise,2906
VA,Wise,51195,Coeburn,2741
VA,Wise,51195,Appalachia,1533
VA,Wise,51195,Pound,918
VA,Wise,51195,St. Paul,851
VA,Wise,51195,Riverview,711
VA,Wythe,51197,Wytheville,7921
VA,Wythe,51197,Rural Retreat,1448
VA,Wythe,51197,Fort Chiswell,960
VA,Wythe,51197,Ivanhoe,459
VA,Wythe,51197,Max Meadows,440
VA,York,51199,Bethel Manor,4312
VA,York,51199,Yorktown,317
VT,Addison,50001,Vergennes,2586
VT,Addison,50001,East Middlebury,489
VT,Bennington,50003,Manchester Center,1923
VT,Bennington,50003,North Bennington,1697
VT,Bennington,50003,South Shaftsbury,412
VT,Bennington,50003,Old Bennington,131
VT,Caledonia,50005,Lyndonville,2821
VT,Caledonia,50005,West Burke,328
VT,Caledonia,50005,East Burke,81
VT,Chittenden,50007,Burlington,109763
VT,Chittenden,50007,South Burlington,19509
VT,Chittenden,50007,Essex Junction,10852
VT,Chittenden,50007,Winooski,7333
VT,Essex,50009,Island Pond,826
VT,Essex,50009,Beecher Falls,193
VT,Franklin,50011,St. Albans,8900
VT,Franklin,50011,Enosburg Falls,1283
VT,Lamoille,50015,Morrisville,2073
VT,Lamoille,50015,Jeffersonville,768
VT,Orange,50017,Wells River,383
VT,Orleans,50019,Newport,4257
VT,Orleans,50019,Orleans,725
VT,Orleans,50019,Derby Line,624
VT,Orleans,50019,North Troy,573
VT,Orleans,50019,Derby Center,549
VT,Orleans,50019,Newport Center,271
VT,Orleans,50019,Greensboro Bend,263
VT,Rutland,50021,Rutland,18131
VT,Washington,50023,Barre,20421
VT,Washington,50023,Montpelier,7372
VT,Washington,50023,South Barre,1105
VT,Washington,50023,Graniteville,865
VT,Washington,50023,East Barre,711
VT,Washington,50023,Websterville,434
VT,Windham,50025,Bellows Falls,5381
VT,Windham,50025,West Brattleboro,2677
VT,Windham,50025,Saxtons River,539
VT,Windham,50025,Jacksonville,206
VT,Windham,50025,North Westminster,133
VT,Windsor,50027,White River Junction,2209
VT,Windsor,50027,Wilder,1692
VT,Windsor,50027,South Royalton,668
VT,Windsor,50027,North Springfield,644
VT,Windsor,50027,Ascutney,421
VT,Windsor,50027,Proctorsville,323
VT,Windsor,50027,Quechee,298
VT,Windsor,50027,North Hartland,228
VT,Windsor,50027,Perkinsville,123
WA,Adams,53001,Othello,12761
WA,Adams,53001,Ritzville,1654
WA,Adams,53001,Lind,563
WA,Adams,53001,Washtucna,208
WA,Adams,53001,Hatton,104
WA,Asotin,53003,Clarkston,7375
WA,Asotin,53003,Clarkston Heights-Vineland,6348
WA,Asotin,53003,West Clarkston-Highland,5830
WA,Asotin,53003,Asotin,1289
WA,Benton,53005,Kennewick,240735
WA,Benton,53005,Richland,58225
WA,Benton,53005,West Richland,15075
WA,Benton,53005,Prosser,6380
WA,Benton,53005,Finley,6021
WA,Benton,53005,Benton City,4763
WA,Chelan,53007,Wenatchee,72350
WA,Chelan,53007,Chelan,6212
WA,Chelan,53007,Cashmere,4893
WA,Chelan,53007,Sunnyslope,3704
WA,Chelan,53007,Leavenworth,3389
WA,Chelan,53007,South Wenatchee,1821
WA,Chelan,53007,Manson,1336
WA,Chelan,53007,Entiat,1280
WA,Chelan,53007,Chelan Falls,88
WA,Clallam,53009,Port Angeles,24293
WA,Clallam,53009,Sequim,22304
WA,Clallam,53009,Forks,4327
WA,Clallam,53009,Port Angeles East,3231
WA,Clallam,53009,Neah Bay,1049
WA,Clallam,53009,Carlsborg,745
WA,Clallam,53009,River Road,694
WA,Clallam,53009,Bell Hill,608
WA,Clallam,53009,Clallam Bay,497
WA,Clallam,53009,Jamestown,395
WA,Clallam,53009,Sekiu,62
WA,Clallam,53009,Blyn,60
WA,Clark,53011,Vancouver,184463
WA,Clark,53011,Camas,24418
WA,Clark,53011,Orchards,24335
WA,Clark,53011,Battle Ground,21252
WA,Clark,53011,Hazel Dell,21196
WA,Clark,53011,Salmon Creek,20956
WA,Clark,53011,Five Corners,18908
WA,Clark,53011,Washougal,16107
WA,Clark,53011,Minnehaha,12353
WA,Clark,53011,Mount Vista,9544
WA,Clark,53011,Ridgefield,9153
WA,Clark,53011,Felida,8959
WA,Clark,53011,Lake Shore,7599
WA,Clark,53011,Barberton,6981
WA,Clark,53011,Hockinson,5355
WA,Clark,53011,Venersborg,4227
WA,Clark,53011,La Center,3404
WA,Clark,53011,Meadow Glade,2859
WA,Clark,53011,Brush Prairie,2636
WA,Clark,53011,Fern Prairie,1958
WA,Clark,53011,Amboy,1875
WA,Clark,53011,Yacolt,1796
WA,Clark,53011,Lewisville,1721
WA,Clark,53011,Duluth,1314
WA,Clark,53011,Cherry Grove,738
WA,Columbia,53013,Dayton,2592
WA,Columbia,53013,Starbuck,128
WA,Cowlitz,53015,Longview,67081
WA,Cowlitz,53015,Kelso,12417
WA,Cowlitz,53015,Woodland,6911
WA,Cowlitz,53015,Kalama,3951
WA,Cowlitz,53015,Longview Heights,3803
WA,Cowlitz,53015,Castle Rock,2914
WA,Cowlitz,53015,Ryderwood,503
WA,Douglas,53017,East Wenatchee,14219
WA,Douglas,53017,Bridgeport,2613
WA,Douglas,53017,Waterville,1213
WA,Douglas,53017,Rock Island,1124
WA,Douglas,53017,Mansfield,343
WA,Ferry,53019,Republic,1066
WA,Ferry,53019,Curlew Lake,610
WA,Ferry,53019,Inchelium,326
WA,Ferry,53019,Keller,210
WA,Ferry,53019,Pine Grove,158
WA,Ferry,53019,Torboy,105
WA,Ferry,53019,Barstow,105
WA,Ferry,53019,Curlew,100
WA,Ferry,53019,Orient,82
WA,Ferry,53019,Danville,81
WA,Ferry,53019,Twin Lakes,69
WA,Ferry,53019,Malo,50
WA,Ferry,53019,Boyds,45
WA,Franklin,53021,Pasco,75432
WA,Franklin,53021,Connell,5545
WA,Franklin,53021,West Pasco,1731
WA,Franklin,53021,Basin City,1209
WA,Franklin,53021,Mesa,508
WA,Franklin,53021,Kahlotus,193
WA,Garfield,53023,Pomeroy,1395
WA,Grant,53025,Moses Lake,39002
WA,Grant,53025,Quincy,8313
WA,Grant,53025,Ephrata,8136
WA,Grant,53025,Mattawa,5349
WA,Grant,53025,Moses Lake North,4526
WA,Grant,53025,Warden,2812
WA,Grant,53025,Desert Aire,2712
WA,Grant,53025,Royal City,2237
WA,Grant,53025,Cascade Valley,1673
WA,Grant,53025,Soap Lake,1603
WA,Grant,53025,Grand Coulee,1048
WA,Grant,53025,Lakeview,1044
WA,Grant,53025,Electric City,1002
WA,Grant,53025,Coulee City,564
WA,Grant,53025,George,516
WA,Grant,53025,Wilson Creek,215
WA,Grant,53025,Hartline,154
WA,Grant,53025,Banks Lake South,146
WA,Grant,53025,Krupp,52
WA,Grays Harbor,53027,Aberdeen,29609
WA,Grays Harbor,53027,Montesano,8685
WA,Grays Harbor,53027,Hoquiam,8655
WA,Grays Harbor,53027,Ocean Shores,6494
WA,Grays Harbor,53027,Elma,3351
WA,Grays Harbor,53027,Central Park,3205
WA,Grays Harbor,53027,Westport,2100
WA,Grays Harbor,53027,McCleary,1764
WA,Grays Harbor,53027,Cosmopolis,1662
WA,Grays Harbor,53027,Brady,902
WA,Grays Harbor,53027,Grayland,722
WA,Grays Harbor,53027,Oakville,692
WA,Grays Harbor,53027,Cohassett Beach,691
WA,Grays Harbor,53027,Taholah,665
WA,Grays Harbor,53027,Satsop,646
WA,Grays Harbor,53027,Copalis Beach,578
WA,Grays Harbor,53027,Malone,524
WA,Grays Harbor,53027,Aberdeen Gardens,337
WA,Grays Harbor,53027,Neilton,281
WA,Grays Harbor,53027,Pacific Beach,278
WA,Grays Harbor,53027,Humptulips,243
WA,Grays Harbor,53027,Ocean City,213
WA,Grays Harbor,53027,Queets,192
WA,Grays Harbor,53027,Markham,140
WA,Grays Harbor,53027,Porter,122
WA,Grays Harbor,53027,Amanda Park,92
WA,Grays Harbor,53027,Qui-nai-elt Village,50
WA,Grays Harbor,53027,Moclips,47
WA,Grays Harbor,53027,Santiago,32
WA,Island,53029,Oak Harbor,35228
WA,Island,53029,Camano,17042
WA,Island,53029,Whidbey Island Station,2371
WA,Island,53029,Freeland,2154
WA,Island,53029,Coupeville,1972
WA,Island,53029,Langley,1140
WA,Island,53029,Clinton,891
WA,Jefferson,53031,Port Townsend,9831
WA,Jefferson,53031,Port Hadlock-Irondale,3219
WA,Jefferson,53031,Port Ludlow,2828
WA,Jefferson,53031,Marrowstone,831
WA,Jefferson,53031,Brinnon,784
WA,Jefferson,53031,Quilcene,697
WA,King,53033,Seattle,3789215
WA,King,53033,Bellevue,148164
WA,King,53033,Kent,132319
WA,King,53033,Renton,101751
WA,King,53033,Federal Way,96289
WA,King,53033,Kirkland,93010
WA,King,53033,Auburn,81464
WA,King,53033,Redmond,71929
WA,King,53033,Sammamish,65892
WA,King,53033,Shoreline,57027
WA,King,53033,Burien,51500
WA,King,53033,Bothell,47415
WA,King,53033,Issaquah,39509
WA,King,53033,Des Moines,32348
WA,King,53033,SeaTac,29044
WA,King,53033,Maple Valley,27202
WA,King,53033,Snoqualmie,26289
WA,King,53033,Mercer Island,25894
WA,King,53033,Kenmore,23097
WA,King,53033,Cottage Lake,22677
WA,King,53033,Union Hill-Novelty Hill,21992
WA,King,53033,Covington,21175
WA,King,53033,Tukwila,20347
WA,King,53033,Fairwood,19962
WA,King,53033,Bryn Mawr-Skyway,18414
WA,King,53033,White Center,15834
WA,King,53033,Lake Forest Park,13504
WA,King,53033,Lakeland South,13434
WA,King,53033,Woodinville,13263
WA,King,53033,Lakeland North,12867
WA,King,53033,Newcastle,12292
WA,King,53033,Enumclaw,12190
WA,King,53033,East Renton Highlands,11842
WA,King,53033,Lake Morton-Berrydale,11001
WA,King,53033,Vashon,10291
WA,King,53033,Duvall,8107
WA,King,53033,North Bend,7423
WA,King,53033,Hobart,7262
WA,King,53033,Pacific,7178
WA,King,53033,Normandy Park,6604
WA,King,53033,Black Diamond,4781
WA,King,53033,Mirrormont,3780
WA,King,53033,Boulevard Park,3717
WA,King,53033,Maple Heights-Lake Desire,3641
WA,King,53033,Clyde Hill,3386
WA,King,53033,Lake Holm,3331
WA,King,53033,Medina,3288
WA,King,53033,Algona,3208
WA,King,53033,Riverbend,2562
WA,King,53033,Shadow Lake,2434
WA,King,53033,Fall City,2426
WA,King,53033,Carnation,2282
WA,King,53033,Ravensdale,1773
WA,King,53033,Wilderness Rim,1633
WA,King,53033,Ames Lake,1556
WA,King,53033,Lake Marcel-Stillwater,1360
WA,King,53033,Yarrow Point,1149
WA,King,53033,Hunts Point,435
WA,King,53033,Beaux Arts Village,324
WA,King,53033,Skykomish,220
WA,King,53033,Baring,162
WA,Kitsap,53035,Bremerton,218400
WA,Kitsap,53035,Bainbridge Island,25298
WA,Kitsap,53035,Silverdale,21677
WA,Kitsap,53035,Port Orchard,14597
WA,Kitsap,53035,Poulsbo,11168
WA,Kitsap,53035,Parkwood,7113
WA,Kitsap,53035,Bangor Base,6506
WA,Kitsap,53035,Manchester,5673
WA,Kitsap,53035,Tracyton,5556
WA,Kitsap,53035,East Port Orchard,5407
WA,Kitsap,53035,Suquamish,4395
WA,Kitsap,53035,Bethel,3851
WA,Kitsap,53035,Indianola,3524
WA,Kitsap,53035,Hansville,3413
WA,Kitsap,53035,Navy Yard City,3064
WA,Kitsap,53035,Chico,2846
WA,Kitsap,53035,Burley,2304
WA,Kitsap,53035,Southworth,2224
WA,Kitsap,53035,Kingston,2193
WA,Kitsap,53035,Lofall,1973
WA,Kitsap,53035,Enetai,1921
WA,Kitsap,53035,Rocky Point,1596
WA,Kitsap,53035,Port Gamble Tribal Community,914
WA,Kitsap,53035,Seabeck,885
WA,Kitsap,53035,Keyport,430
WA,Kitsap,53035,Gorst,235
WA,Kittitas,53037,Ellensburg,24377
WA,Kittitas,53037,Cle Elum,3851
WA,Kittitas,53037,Kittitas,1497
WA,Kittitas,53037,Roslyn,958
WA,Kittitas,53037,South Cle Elum,559
WA,Kittitas,53037,Easton,361
WA,Kittitas,53037,Snoqualmie Pass,332
WA,Kittitas,53037,Thorp,241
WA,Kittitas,53037,Ronald,103
WA,Kittitas,53037,Vantage,22
WA,Klickitat,53039,Goldendale,3505
WA,Klickitat,53039,White Salmon,2691
WA,Klickitat,53039,Dallesport,1515
WA,Klickitat,53039,Bingen,742
WA,Klickitat,53039,Trout Lake,624
WA,Klickitat,53039,Wishram,529
WA,Klickitat,53039,Lyle,464
WA,Klickitat,53039,Glenwood,254
WA,Klickitat,53039,Klickitat,243
WA,Klickitat,53039,Roosevelt,117
WA,Klickitat,53039,Centerville,103
WA,Klickitat,53039,Bickleton,102
WA,Klickitat,53039,Maryhill,62
WA,Lewis,53041,Centralia,42922
WA,Lewis,53041,Chehalis,7654
WA,Lewis,53041,Fords Prairie,2662
WA,Lewis,53041,Napavine,2001
WA,Lewis,53041,Winlock,1428
WA,Lewis,53041,Morton,1199
WA,Lewis,53041,Mossyrock,820
WA,Lewis,53041,Toledo,771
WA,Lewis,53041,Pe Ell,675
WA,Lewis,53041,Vader,670
WA,Lewis,53041,Onalaska,544
WA,Lewis,53041,Packwood,315
WA,Lewis,53041,Mineral,205
WA,Lincoln,53043,Davenport,1744
WA,Lincoln,53043,Odessa,894
WA,Lincoln,53043,Wilbur,861
WA,Lincoln,53043,Reardan,610
WA,Lincoln,53043,Sprague,460
WA,Lincoln,53043,Harrington,418
WA,Lincoln,53043,Almira,280
WA,Lincoln,53043,Creston,229
WA,Mason,53045,Shelton,20264
WA,Mason,53045,Belfair,4564
WA,Mason,53045,Allyn,2414
WA,Mason,53045,Grapeview,784
WA,Mason,53045,Skokomish,609
WA,Mason,53045,Union,428
WA,Mason,53045,Hoodsport,134
WA,Okanogan,53047,Omak,8114
WA,Okanogan,53047,Okanogan,2588
WA,Okanogan,53047,Brewster,2357
WA,Okanogan,53047,Oroville,1675
WA,Okanogan,53047,Tonasket,1121
WA,Okanogan,53047,Coulee Dam,1080
WA,Okanogan,53047,Twisp,963
WA,Okanogan,53047,Malott,840
WA,Okanogan,53047,Pateros,714
WA,Okanogan,53047,Winthrop,472
WA,Okanogan,53047,North Omak,437
WA,Okanogan,53047,Nespelem,392
WA,Okanogan,53047,Riverside,273
WA,Okanogan,53047,Elmer City,248
WA,Okanogan,53047,Conconully,208
WA,Okanogan,53047,Nespelem Community,180
WA,Okanogan,53047,Methow,122
WA,Okanogan,53047,Loomis,107
WA,Okanogan,53047,Disautel,25
WA,Pacific,53049,Raymond,4241
WA,Pacific,53049,Ocean Park,1745
WA,Pacific,53049,South Bend,1698
WA,Pacific,53049,Long Beach,1496
WA,Pacific,53049,Ilwaco,991
WA,Pacific,53049,Naselle,421
WA,Pacific,53049,Tokeland,200
WA,Pacific,53049,Bay Center,198
WA,Pacific,53049,Willapa,160
WA,Pacific,53049,Chinook,154
WA,Pacific,53049,Lebam,87
WA,Pend Oreille,53051,Newport,2708
WA,Pend Oreille,53051,Ione,472
WA,Pend Oreille,53051,Metaline Falls,251
WA,Pend Oreille,53051,Cusick,217
WA,Pend Oreille,53051,Metaline,183
WA,Pierce,53053,Tacoma,217827
WA,Pierce,53053,Lakewood,61037
WA,Pierce,53053,South Hill,60172
WA,Pierce,53053,Puyallup,42361
WA,Pierce,53053,Parkland,37303
WA,Pierce,53053,University Place,34001
WA,Pierce,53053,Spanaway,32575
WA,Pierce,53053,Graham,28976
WA,Pierce,53053,Frederickson,22994
WA,Pierce,53053,Bonney Lake,21148
WA,Pierce,53053,Elk Plain,15167
WA,Pierce,53053,Artondale,13364
WA,Pierce,53053,Fort Lewis,13054
WA,Pierce,53053,Edgewood,13053
WA,Pierce,53053,Lake Tapps,12838
WA,Pierce,53053,Prairie Ridge,11994
WA,Pierce,53053,Gig Harbor,10717
WA,Pierce,53053,Sumner,10427
WA,Pierce,53053,Fife,10184
WA,Pierce,53053,Midland,10005
WA,Pierce,53053,DuPont,9516
WA,Pierce,53053,Summit,8946
WA,Pierce,53053,Orting,8610
WA,Pierce,53053,Summit View,8475
WA,Pierce,53053,Milton,8299
WA,Pierce,53053,Waller,7647
WA,Pierce,53053,Fircrest,6835
WA,Pierce,53053,Clover Creek,6734
WA,Pierce,53053,Steilacoom,6390
WA,Pierce,53053,Wollochet,6365
WA,Pierce,53053,North Fort Lewis,6355
WA,Pierce,53053,Maplewood,5072
WA,Pierce,53053,Buckley,5058
WA,Pierce,53053,Rosedale,4472
WA,Pierce,53053,Wauna,4294
WA,Pierce,53053,Prairie Heights,4187
WA,Pierce,53053,Longbranch,3974
WA,Pierce,53053,Fox Island,3918
WA,Pierce,53053,Key Center,3806
WA,Pierce,53053,McChord AFB,3381
WA,Pierce,53053,Canterwood,3218
WA,Pierce,53053,Eatonville,3073
WA,Pierce,53053,Alderton,2890
WA,Pierce,53053,South Creek,2636
WA,Pierce,53053,Stansberry Lake,2634
WA,Pierce,53053,Fife Heights,2368
WA,Pierce,53053,North Puyallup,1930
WA,Pierce,53053,McMillin,1551
WA,Pierce,53053,Home,1477
WA,Pierce,53053,Purdy,1439
WA,Pierce,53053,Crocker,1196
WA,Pierce,53053,Anderson Island,1181
WA,Pierce,53053,Clear Lake,1126
WA,Pierce,53053,Dash Point,1105
WA,Pierce,53053,Browns Point,1104
WA,Pierce,53053,McKenna,892
WA,Pierce,53053,Ruston,845
WA,Pierce,53053,Roy,822
WA,Pierce,53053,Carbonado,735
WA,Pierce,53053,Vaughn,697
WA,Pierce,53053,Ashford,531
WA,Pierce,53053,Wilkeson,514
WA,Pierce,53053,South Prairie,443
WA,Pierce,53053,Raft Island,434
WA,Pierce,53053,Alder,161
WA,Pierce,53053,Kapowsin,129
WA,Pierce,53053,Greenwater,56
WA,Pierce,53053,Elbe,53
WA,Pierce,53053,La Grande,39
WA,Pierce,53053,Herron Island,37
WA,San Juan,53055,Friday Harbor,2562
WA,Skagit,53057,Mount Vernon,71422
WA,Skagit,53057,Anacortes,18563
WA,Skagit,53057,Sedro-Woolley,12072
WA,Skagit,53057,Burlington,9224
WA,Skagit,53057,La Conner,3512
WA,Skagit,53057,Big Lake,1774
WA,Skagit,53057,Concrete,738
WA,Skagit,53057,Bay View,662
WA,Skagit,53057,Lyman,473
WA,Skagit,53057,Hamilton,310
WA,Skagit,53057,Alger,184
WA,Skagit,53057,Lake Cavanaugh,179
WA,Skagit,53057,Lake McMurray,154
WA,Skagit,53057,Edison,147
WA,Skagit,53057,Marblemount,68
WA,Skagit,53057,Rockport,40
WA,Skamania,53059,Carson,2830
WA,Skamania,53059,Stevenson,1601
WA,Skamania,53059,North Bonneville,1007
WA,Snohomish,53061,Marysville,170009
WA,Snohomish,53061,Everett,111475
WA,Snohomish,53061,Edmonds,42605
WA,Snohomish,53061,Lynnwood,39141
WA,Snohomish,53061,Lake Stevens,33911
WA,Snohomish,53061,Mill Creek East,24291
WA,Snohomish,53061,North Lynnwood,23620
WA,Snohomish,53061,Silver Firs,22358
WA,Snohomish,53061,Eastmont,21733
WA,Snohomish,53061,Mukilteo,21441
WA,Snohomish,53061,Mountlake Terrace,21338
WA,Snohomish,53061,Martha Lake,21129
WA,Snohomish,53061,Bothell West,21115
WA,Snohomish,53061,Mill Creek,20897
WA,Snohomish,53061,Arlington,20523
WA,Snohomish,53061,Monroe,19776
WA,Snohomish,53061,Maltby,11972
WA,Snohomish,53061,Bothell East,11665
WA,Snohomish,53061,Lake Stickney,10230
WA,Snohomish,53061,Snohomish,10154
WA,Snohomish,53061,Alderwood Manor,9579
WA,Snohomish,53061,Sultan,9246
WA,Snohomish,53061,Picnic Point,9064
WA,Snohomish,53061,Granite Falls,7713
WA,Snohomish,53061,Stanwood,7354
WA,Snohomish,53061,Brier,6970
WA,Snohomish,53061,Woods Creek,5706
WA,Snohomish,53061,Cavalero,5370
WA,Snohomish,53061,Chain Lake,4522
WA,Snohomish,53061,Esperance,4204
WA,Snohomish,53061,Bunk Foss,3939
WA,Snohomish,53061,Larch Way,3851
WA,Snohomish,53061,Lake Goodwin,3775
WA,Snohomish,53061,Clearview,3630
WA,Snohomish,53061,Lake Cassidy,3602
WA,Snohomish,53061,Three Lakes,3480
WA,Snohomish,53061,Canyon Creek,3433
WA,Snohomish,53061,Meadowdale,3151
WA,Snohomish,53061,High Bridge,3148
WA,Snohomish,53061,Fobes Hill,2984
WA,Snohomish,53061,Lochsloy,2973
WA,Snohomish,53061,Sisco Heights,2754
WA,Snohomish,53061,Warm Beach,2603
WA,Snohomish,53061,Cathcart,2426
WA,Snohomish,53061,Arlington Heights,2410
WA,Snohomish,53061,Gold Bar,2352
WA,Snohomish,53061,Bryant,1817
WA,Snohomish,53061,Monroe North,1738
WA,Snohomish,53061,Kayak Point,1704
WA,Snohomish,53061,Darrington,1421
WA,Snohomish,53061,Woodway,1391
WA,Snohomish,53061,Swede Heaven,1297
WA,Snohomish,53061,Machias,981
WA,Snohomish,53061,Lake Bosworth,935
WA,Snohomish,53061,Lake Ketchum,889
WA,Snohomish,53061,May Creek,766
WA,Snohomish,53061,Verlot,651
WA,Snohomish,53061,Lake Roesiger,648
WA,Snohomish,53061,Sunday Lake,613
WA,Snohomish,53061,Startup,573
WA,Snohomish,53061,Oso,326
WA,Snohomish,53061,North Sultan,237
WA,Snohomish,53061,Index,211
WA,Snohomish,53061,Northwest Stanwood,126
WA,Snohomish,53061,Hat Island,63
WA,Snohomish,53061,Silvana,14
WA,Spokane,53063,Spokane,412275
WA,Spokane,53063,Spokane Valley,101060
WA,Spokane,53063,Cheney,12522
WA,Spokane,53063,Liberty Lake,10956
WA,Spokane,53063,Airway Heights,9485
WA,Spokane,53063,Mead,7114
WA,Spokane,53063,Otis Orchards-East Farms,6466
WA,Spokane,53063,Country Homes,6117
WA,Spokane,53063,Town and Country,5090
WA,Spokane,53063,Medical Lake,4966
WA,Spokane,53063,Deer Park,4364
WA,Spokane,53063,Fairchild AFB,3336
WA,Spokane,53063,Millwood,1800
WA,Spokane,53063,Fairfield,626
WA,Spokane,53063,Four Lakes,490
WA,Spokane,53063,Rockford,486
WA,Spokane,53063,Green Bluff,402
WA,Spokane,53063,Spangle,319
WA,Spokane,53063,Latah,187
WA,Spokane,53063,Waverly,109
WA,Stevens,53065,Colville,5135
WA,Stevens,53065,Chewelah,2676
WA,Stevens,53065,Kettle Falls,1635
WA,Stevens,53065,Loon Lake,780
WA,Stevens,53065,Clayton,547
WA,Stevens,53065,Northport,301
WA,Stevens,53065,Springdale,300
WA,Stevens,53065,Marcus,172
WA,Stevens,53065,Addy,130
WA,Stevens,53065,Valley,104
WA,Thurston,53067,Olympia,200915
WA,Thurston,53067,Lacey,52592
WA,Thurston,53067,Tumwater,24024
WA,Thurston,53067,Yelm,17103
WA,Thurston,53067,Tanglewilde,7270
WA,Thurston,53067,Grand Mound,3373
WA,Thurston,53067,North Yelm,3365
WA,Thurston,53067,Rochester,3126
WA,Thurston,53067,Rainier,2287
WA,Thurston,53067,Tenino,1865
WA,Thurston,53067,Nisqually Indian Community,631
WA,Thurston,53067,Bucoda,592
WA,Wahkiakum,53069,Puget Island,1118
WA,Wahkiakum,53069,Cathlamet,572
WA,Wahkiakum,53069,East Cathlamet,512
WA,Wahkiakum,53069,Rosburg,416
WA,Wahkiakum,53069,Skamokawa Valley,325
WA,Wahkiakum,53069,Lower Elochoman,297
WA,Wahkiakum,53069,Grays River,269
WA,Wahkiakum,53069,Deep River,186
WA,Wahkiakum,53069,Upper Elochoman,85
WA,Wahkiakum,53069,Altoona,48
WA,Walla Walla,53071,Walla Walla,57860
WA,Walla Walla,53071,College Place,9317
WA,Walla Walla,53071,Burbank,3358
WA,Walla Walla,53071,Walla Walla East,2015
WA,Walla Walla,53071,Garrett,1280
WA,Walla Walla,53071,Waitsburg,1231
WA,Walla Walla,53071,Touchet,449
WA,Walla Walla,53071,Wallula,342
WA,Walla Walla,53071,Prescott,305
WA,Walla Walla,53071,Dixie,190
WA,Whatcom,53073,Bellingham,130641
WA,Whatcom,53073,Lynden,18512
WA,Whatcom,53073,Ferndale,14897
WA,Whatcom,53073,Birch Bay,9323
WA,Whatcom,53073,Sudden Valley,8072
WA,Whatcom,53073,Blaine,5607
WA,Whatcom,53073,Everson,4957
WA,Whatcom,53073,Peaceful Valley,4123
WA,Whatcom,53073,Marietta-Alderwood,4086
WA,Whatcom,53073,Geneva,2460
WA,Whatcom,53073,Nooksack,1631
WA,Whatcom,53073,Sumas,1534
WA,Whatcom,53073,Point Roberts,1116
WA,Whatcom,53073,Deming,164
WA,Whatcom,53073,Glacier,154
WA,Whatcom,53073,Maple Falls,146
WA,Whatcom,53073,Custer,133
WA,Whatcom,53073,Acme,108
WA,Whatcom,53073,Kendall,18
WA,Whitman,53075,Pullman,34506
WA,Whitman,53075,Colfax,2872
WA,Whitman,53075,Palouse,1075
WA,Whitman,53075,Tekoa,799
WA,Whitman,53075,Garfield,609
WA,Whitman,53075,Albion,604
WA,Whitman,53075,St. John,559
WA,Whitman,53075,Rosalia,558
WA,Whitman,53075,Colton,458
WA,Whitman,53075,Oakesdale,439
WA,Whitman,53075,Uniontown,344
WA,Whitman,53075,LaCrosse,319
WA,Whitman,53075,Endicott,305
WA,Whitman,53075,Malden,206
WA,Whitman,53075,Steptoe,190
WA,Whitman,53075,Farmington,152
WA,Whitman,53075,Lamont,74
WA,Yakima,53077,Yakima,133191
WA,Yakima,53077,Grandview,18772
WA,Yakima,53077,Sunnyside,18352
WA,Yakima,53077,Toppenish,14284
WA,Yakima,53077,Terrace Heights,8507
WA,Yakima,53077,Selah,8087
WA,Yakima,53077,Wapato,7627
WA,Yakima,53077,Union Gap,6200
WA,Yakima,53077,Moxee,4104
WA,Yakima,53077,Granger,3830
WA,Yakima,53077,Ahtanum,3356
WA,Yakima,53077,Zillah,3140
WA,Yakima,53077,Gleed,2808
WA,Yakima,53077,Mabton,2514
WA,Yakima,53077,Tieton,1308
WA,Yakima,53077,Buena,1084
WA,Yakima,53077,White Swan,851
WA,Yakima,53077,Naches,847
WA,Yakima,53077,Cowiche,821
WA,Yakima,53077,Harrah,640
WA,Yakima,53077,Eschbach,352
WA,Yakima,53077,Cliffdell,130
WA,Yakima,53077,Tampico,84
WA,Yakima,53077,Parker,74
WA,Yakima,53077,Nile,73
WA,Yakima,53077,Outlook,48
WI,Adams,55001,Adams,1893
WI,Adams,55001,Lake Arrowhead,853
WI,Adams,55001,Lake Camelot,787
WI,Adams,55001,Friendship,657
WI,Adams,55001,Dellwood,525
WI,Adams,55001,Lake Sherwood,361
WI,Adams,55001,Arkdale,156
WI,Adams,55001,Grand Marsh,145
WI,Ashland,55003,Ashland,7843
WI,Ashland,55003,Mellen,695
WI,Ashland,55003,New Odanah,484
WI,Ashland,55003,Butternut,355
WI,Ashland,55003,Birch Hill,354
WI,Ashland,55003,Glidden,316
WI,Ashland,55003,Franks Field,208
WI,Ashland,55003,Marengo,115
WI,Ashland,55003,Diaperville,37
WI,Ashland,55003,Clam Lake,27
WI,Barron,55005,Rice Lake,9586
WI,Barron,55005,Barron,3322
WI,Barron,55005,Chetek,2669
WI,Barron,55005,Cumberland,2103
WI,Barron,55005,Cameron,1788
WI,Barron,55005,Turtle Lake,991
WI,Barron,55005,Almena,641
WI,Barron,55005,Prairie Farm,439
WI,Barron,55005,Dallas,345
WI,Barron,55005,Haugen,274
WI,Barron,55005,Barronett,162
WI,Bayfield,55007,Washburn,2036
WI,Bayfield,55007,Iron River,637
WI,Bayfield,55007,Bayfield,471
WI,Bayfield,55007,Port Wing,194
WI,Bayfield,55007,Cable,150
WI,Bayfield,55007,Drummond,144
WI,Bayfield,55007,Herbster,108
WI,Bayfield,55007,Cornucopia,106
WI,Bayfield,55007,Mason,94
WI,Bayfield,55007,Grand View,90
WI,Brown,55009,Green Bay,207557
WI,Brown,55009,De Pere,24970
WI,Brown,55009,Howard,20177
WI,Brown,55009,Ashwaubenon,17161
WI,Brown,55009,Bellevue,15944
WI,Brown,55009,Allouez,13894
WI,Brown,55009,Suamico,13052
WI,Brown,55009,Hobart,10082
WI,Brown,55009,Pulaski,3721
WI,Brown,55009,Wrightstown,3508
WI,Brown,55009,Denmark,2277
WI,Brown,55009,Greenleaf,918
WI,Brown,55009,Dyckesville,475
WI,Buffalo,55011,Mondovi,2564
WI,Buffalo,55011,Buffalo City,954
WI,Buffalo,55011,Fountain City,861
WI,Buffalo,55011,Alma,719
WI,Buffalo,55011,Cochrane,411
WI,Buffalo,55011,Nelson,344
WI,Buffalo,55011,Gilmanton,136
WI,Buffalo,55011,Waumandee,83
WI,Burnett,55013,Grantsburg,1281
WI,Burnett,55013,Siren,774
WI,Burnett,55013,Webster,619
WI,Burnett,55013,Danbury,165
WI,Calumet,55015,Harrison,12358
WI,Calumet,55015,Chilton,3859
WI,Calumet,55015,New Holstein,3102
WI,Calumet,55015,Brillion,3077
WI,Calumet,55015,Sherwood,3047
WI,Calumet,55015,Hilbert,1081
WI,Calumet,55015,Forest Junction,720
WI,Calumet,55015,Stockbridge,614
WI,Calumet,55015,Potter,237
WI,Chippewa,55017,Chippewa Falls,14366
WI,Chippewa,55017,Lake Hallie,6747
WI,Chippewa,55017,Stanley,3711
WI,Chippewa,55017,Bloomer,3505
WI,Chippewa,55017,Lake Wissota,2843
WI,Chippewa,55017,Cadott,1424
WI,Chippewa,55017,Cornell,1407
WI,Chippewa,55017,New Auburn,576
WI,Chippewa,55017,Boyd,532
WI,Chippewa,55017,Holcombe,228
WI,Chippewa,55017,Jim Falls,210
WI,Clark,55019,Abbotsford,3833
WI,Clark,55019,Neillsville,2409
WI,Clark,55019,Colby,1949
WI,Clark,55019,Thorp,1611
WI,Clark,55019,Loyal,1233
WI,Clark,55019,Greenwood,998
WI,Clark,55019,Owen,928
WI,Clark,55019,Dorchester,865
WI,Clark,55019,Withee,476
WI,Clark,55019,Granton,344
WI,Clark,55019,Unity,330
WI,Clark,55019,Humbird,318
WI,Clark,55019,Curtiss,212
WI,Clark,55019,Chili,158
WI,Columbia,55021,Portage,10465
WI,Columbia,55021,Columbus,6793
WI,Columbia,55021,Lake Wisconsin,4505
WI,Columbia,55021,Lodi,3092
WI,Columbia,55021,Wisconsin Dells,2992
WI,Columbia,55021,Poynette,2510
WI,Columbia,55021,Pardeeville,2063
WI,Columbia,55021,Randolph,1747
WI,Columbia,55021,Fall River,1741
WI,Columbia,55021,Rio,1039
WI,Columbia,55021,Arlington,820
WI,Columbia,55021,Cambria,748
WI,Columbia,55021,Wyocena,725
WI,Columbia,55021,Friesland,345
WI,Columbia,55021,Doylestown,297
WI,Crawford,55023,Prairie du Chien,6477
WI,Crawford,55023,Wauzeka,735
WI,Crawford,55023,Soldiers Grove,541
WI,Crawford,55023,Gays Mills,511
WI,Crawford,55023,Eastman,403
WI,Crawford,55023,De Soto,279
WI,Crawford,55023,Mount Sterling,198
WI,Crawford,55023,Ferryville,176
WI,Crawford,55023,Lynxville,127
WI,Crawford,55023,Steuben,122
WI,Crawford,55023,Bell Center,111
WI,Dane,55025,Madison,447245
WI,Dane,55025,Sun Prairie,34661
WI,Dane,55025,Fitchburg,30792
WI,Dane,55025,Middleton,20034
WI,Dane,55025,Waunakee,14052
WI,Dane,55025,Verona,13233
WI,Dane,55025,Stoughton,13114
WI,Dane,55025,Oregon,12664
WI,Dane,55025,DeForest,10691
WI,Dane,55025,McFarland,9031
WI,Dane,55025,Monona,8175
WI,Dane,55025,Windsor,7644
WI,Dane,55025,Mount Horeb,7534
WI,Dane,55025,Cottage Grove,7143
WI,Dane,55025,Cross Plains,4286
WI,Dane,55025,Marshall,3984
WI,Dane,55025,Mazomanie,3034
WI,Dane,55025,Deerfield,2532
WI,Dane,55025,Belleville,2463
WI,Dane,55025,Shorewood Hills,2001
WI,Dane,55025,Black Earth,1419
WI,Dane,55025,Maple Bluff,1311
WI,Dane,55025,Dane,1135
WI,Dane,55025,Blue Mounds,986
WI,Dane,55025,Rockdale,216
WI,Dodge,55027,Beaver Dam,18041
WI,Dodge,55027,Mayville,4890
WI,Dodge,55027,Horicon,3645
WI,Dodge,55027,Juneau,2668
WI,Dodge,55027,Lomira,2450
WI,Dodge,55027,Fox Lake,1449
WI,Dodge,55027,Theresa,1205
WI,Dodge,55027,Hustisford,1075
WI,Dodge,55027,Ashippun,1069
WI,Dodge,55027,Kekoskee,897
WI,Dodge,55027,Iron Ridge,891
WI,Dodge,55027,Reeseville,680
WI,Dodge,55027,Brownsville,584
WI,Dodge,55027,Neosho,551
WI,Dodge,55027,Clyman,401
WI,Dodge,55027,Lowell,325
WI,Dodge,55027,Lebanon,249
WI,Dodge,55027,Burnett,211
WI,Door,55029,Sturgeon Bay,8934
WI,Door,55029,Sister Bay,935
WI,Door,55029,Forestville,408
WI,Door,55029,Ephraim,280
WI,Door,55029,Little Sturgeon,205
WI,Door,55029,Egg Harbor,202
WI,Door,55029,Baileys Harbor,194
WI,Door,55029,Ellison Bay,159
WI,Douglas,55031,Superior,25977
WI,Douglas,55031,Lake Nebagamon,1049
WI,Douglas,55031,Poplar,603
WI,Douglas,55031,Solon Springs,592
WI,Douglas,55031,Oliver,411
WI,Douglas,55031,Brule,258
WI,Douglas,55031,Gordon,136
WI,Dunn,55033,Menomonie,18159
WI,Dunn,55033,Tainter Lake,2494
WI,Dunn,55033,Colfax,1158
WI,Dunn,55033,Boyceville,1127
WI,Dunn,55033,Elk Mound,882
WI,Dunn,55033,Knapp,464
WI,Dunn,55033,Wheeler,349
WI,Dunn,55033,Ridgeland,276
WI,Dunn,55033,Downing,263
WI,Dunn,55033,Downsville,120
WI,Eau Claire,55035,Eau Claire,107404
WI,Eau Claire,55035,Altoona,7870
WI,Eau Claire,55035,Augusta,1525
WI,Eau Claire,55035,Fall Creek,1289
WI,Eau Claire,55035,Fairchild,603
WI,Florence,55037,Florence,457
WI,Florence,55037,Long Lake,49
WI,Fond du Lac,55039,Fond du Lac,55209
WI,Fond du Lac,55039,Waupun,11232
WI,Fond du Lac,55039,Ripon,8040
WI,Fond du Lac,55039,North Fond du Lac,5081
WI,Fond du Lac,55039,Campbellsport,1827
WI,Fond du Lac,55039,St. Peter,1434
WI,Fond du Lac,55039,Oakfield,1088
WI,Fond du Lac,55039,Rosendale,1031
WI,Fond du Lac,55039,Eden,932
WI,Fond du Lac,55039,Brandon,853
WI,Fond du Lac,55039,Mount Calvary,753
WI,Fond du Lac,55039,Taycheedah,644
WI,Fond du Lac,55039,St. Cloud,466
WI,Fond du Lac,55039,Fairwater,357
WI,Fond du Lac,55039,Van Dyne,218
WI,Forest,55041,Crandon,1800
WI,Forest,55041,Mole Lake,514
WI,Forest,55041,Laona,434
WI,Forest,55041,Wabeno,316
WI,Forest,55041,Newald,139
WI,Forest,55041,Argonne,112
WI,Grant,55043,Platteville,12100
WI,Grant,55043,Lancaster,3701
WI,Grant,55043,Boscobel,3156
WI,Grant,55043,Fennimore,2456
WI,Grant,55043,Cuba City,2029
WI,Grant,55043,Muscoda,1243
WI,Grant,55043,Hazel Green,1220
WI,Grant,55043,Dickeyville,1024
WI,Grant,55043,Cassville,881
WI,Grant,55043,Bloomington,696
WI,Grant,55043,Montfort,688
WI,Grant,55043,Potosi,665
WI,Grant,55043,Livingston,634
WI,Grant,55043,Kieler,577
WI,Grant,55043,Blue River,421
WI,Grant,55043,Bagley,367
WI,Grant,55043,Tennyson,342
WI,Grant,55043,Sandy Hook,244
WI,Grant,55043,Mount Hope,216
WI,Grant,55043,Patch Grove,192
WI,Grant,55043,Woodman,129
WI,Grant,55043,Glen Haven,54
WI,Green,55045,Monroe,10619
WI,Green,55045,Brodhead,3457
WI,Green,55045,New Glarus,2151
WI,Green,55045,Brooklyn,1465
WI,Green,55045,Monticello,1202
WI,Green,55045,Albany,993
WI,Green,55045,Juda,300
WI,Green,55045,Browntown,276
WI,Green Lake,55047,Berlin,5385
WI,Green Lake,55047,Markesan,1401
WI,Green Lake,55047,Princeton,1169
WI,Green Lake,55047,Green Lake,965
WI,Green Lake,55047,Kingston,320
WI,Green Lake,55047,Dalton,196
WI,Green Lake,55047,Marquette,155
WI,Iowa,55049,Dodgeville,4757
WI,Iowa,55049,Mineral Point,2465
WI,Iowa,55049,Barneveld,1251
WI,Iowa,55049,Arena,827
WI,Iowa,55049,Highland,826
WI,Iowa,55049,Ridgeway,630
WI,Iowa,55049,Avoca,623
WI,Iowa,55049,Linden,528
WI,Iowa,55049,Cobb,449
WI,Iowa,55049,Rewey,282
WI,Iowa,55049,Hollandale,275
WI,Iowa,55049,Edmund,141
WI,Iron,55051,Hurley,1436
WI,Iron,55051,Montreal,753
WI,Iron,55051,Mercer,469
WI,Iron,55051,Iron Belt,180
WI,Iron,55051,Pence,124
WI,Iron,55051,Saxon,63
WI,Jackson,55053,Black River Falls,5430
WI,Jackson,55053,Merrillan,526
WI,Jackson,55053,Alma Center,493
WI,Jackson,55053,Melrose,477
WI,Jackson,55053,Taylor,475
WI,Jackson,55053,Hixton,424
WI,Jackson,55053,Hatfield,208
WI,Jackson,55053,Millston,97
WI,Jefferson,55055,Watertown,23479
WI,Jefferson,55055,Fort Atkinson,21196
WI,Jefferson,55055,Jefferson,7986
WI,Jefferson,55055,Lake Mills,6897
WI,Jefferson,55055,Waterloo,3333
WI,Jefferson,55055,Johnson Creek,3046
WI,Jefferson,55055,Cambridge,2715
WI,Jefferson,55055,Ixonia,1911
WI,Jefferson,55055,Lake Ripley,1882
WI,Jefferson,55055,Palmyra,1757
WI,Jefferson,55055,Lake Koshkonong,1135
WI,Jefferson,55055,Rome,711
WI,Jefferson,55055,Sullivan,665
WI,Jefferson,55055,Helenville,321
WI,Jefferson,55055,Hebron,182
WI,Juneau,55057,Mauston,4355
WI,Juneau,55057,New Lisbon,2546
WI,Juneau,55057,Elroy,1303
WI,Juneau,55057,Necedah,918
WI,Juneau,55057,Wonewoc,788
WI,Juneau,55057,Camp Douglas,623
WI,Juneau,55057,Lyndon Station,484
WI,Juneau,55057,Union Center,192
WI,Juneau,55057,Hustler,188
WI,Kenosha,55059,Kenosha,124972
WI,Kenosha,55059,Pleasant Prairie,21034
WI,Kenosha,55059,Salem Lakes,14852
WI,Kenosha,55059,Somers,8371
WI,Kenosha,55059,Twin Lakes,6204
WI,Kenosha,55059,Bristol,5142
WI,Kenosha,55059,Paddock Lake,3116
WI,Kenosha,55059,Powers Lake,1095
WI,Kenosha,55059,Lily Lake,560
WI,Kewaunee,55061,Algoma,3048
WI,Kewaunee,55061,Kewaunee,2848
WI,Kewaunee,55061,Luxemburg,2571
WI,Kewaunee,55061,Casco,585
WI,La Crosse,55063,La Crosse,100693
WI,La Crosse,55063,Onalaska,18943
WI,La Crosse,55063,Holmen,10034
WI,La Crosse,55063,West Salem,5015
WI,La Crosse,55063,French Island,4341
WI,La Crosse,55063,Brice Prairie,2280
WI,La Crosse,55063,Bangor,1452
WI,La Crosse,55063,Rockland,676
WI,La Crosse,55063,St. Joseph,507
WI,Lafayette,55065,Darlington,2337
WI,Lafayette,55065,Shullsburg,1193
WI,Lafayette,55065,Belmont,976
WI,Lafayette,55065,Benton,958
WI,Lafayette,55065,Argyle,811
WI,Lafayette,55065,Blanchardville,791
WI,Lafayette,55065,South Wayne,473
WI,Lafayette,55065,Gratiot,226
WI,Lafayette,55065,Wiota,122
WI,Lafayette,55065,Woodford,50
WI,Langlade,55067,Antigo,7767
WI,Langlade,55067,White Lake,352
WI,Langlade,55067,Post Lake,292
WI,Langlade,55067,Elcho,249
WI,Langlade,55067,Summit Lake,151
WI,Lincoln,55069,Merrill,9630
WI,Lincoln,55069,Tomahawk,3140
WI,Manitowoc,55071,Manitowoc,44770
WI,Manitowoc,55071,Two Rivers,11041
WI,Manitowoc,55071,Kiel,7018
WI,Manitowoc,55071,Cleveland,1454
WI,Manitowoc,55071,Mishicot,1388
WI,Manitowoc,55071,Reedsville,1147
WI,Manitowoc,55071,Valders,920
WI,Manitowoc,55071,St. Nazianz,750
WI,Manitowoc,55071,Whitelaw,740
WI,Manitowoc,55071,Francis Creek,640
WI,Manitowoc,55071,Maribel,332
WI,Manitowoc,55071,Kellnersville,318
WI,Manitowoc,55071,Collins,131
WI,Marathon,55073,Wausau,73593
WI,Marathon,55073,Weston,15167
WI,Marathon,55073,Kronenwetter,8079
WI,Marathon,55073,Rib Mountain,6163
WI,Marathon,55073,Rothschild,5267
WI,Marathon,55073,Mosinee,4072
WI,Marathon,55073,Maine,2574
WI,Marathon,55073,Schofield,2166
WI,Marathon,55073,Spencer,1878
WI,Marathon,55073,Stratford,1577
WI,Marathon,55073,Marathon City,1508
WI,Marathon,55073,Edgar,1442
WI,Marathon,55073,Athens,1077
WI,Marathon,55073,Hatley,597
WI,Marathon,55073,Elderon,214
WI,Marathon,55073,Fenwood,155
WI,Marathon,55073,Knowlton,122
WI,Marinette,55075,Marinette,18671
WI,Marinette,55075,Peshtigo,3345
WI,Marinette,55075,Niagara,1544
WI,Marinette,55075,Crivitz,943
WI,Marinette,55075,Coleman,688
WI,Marinette,55075,Wausaukee,554
WI,Marinette,55075,Pound,361
WI,Marinette,55075,Goodman,224
WI,Marinette,55075,Amberg,183
WI,Marinette,55075,Pembine,94
WI,Marinette,55075,Dunbar,50
WI,Marquette,55077,Montello,1466
WI,Marquette,55077,Westfield,1266
WI,Marquette,55077,Oxford,602
WI,Marquette,55077,Endeavor,465
WI,Marquette,55077,Neshkoro,429
WI,Marquette,55077,Packwaukee,171
WI,Menominee,55078,Legend Lake,1486
WI,Menominee,55078,Keshena,1438
WI,Menominee,55078,Neopit,776
WI,Menominee,55078,Middle Village,183
WI,Menominee,55078,Zoar,128
WI,Milwaukee,55079,Milwaukee,1365787
WI,Milwaukee,55079,West Allis,59890
WI,Milwaukee,55079,Wauwatosa,48118
WI,Milwaukee,55079,Greenfield,37221
WI,Milwaukee,55079,Oak Creek,36325
WI,Milwaukee,55079,Franklin,35811
WI,Milwaukee,55079,South Milwaukee,20696
WI,Milwaukee,55079,Cudahy,18104
WI,Milwaukee,55079,Greendale,14143
WI,Milwaukee,55079,Whitefish Bay,13783
WI,Milwaukee,55079,Shorewood,13145
WI,Milwaukee,55079,Glendale,12768
WI,Milwaukee,55079,Brown Deer,11839
WI,Milwaukee,55079,St. Francis,9699
WI,Milwaukee,55079,Hales Corners,7567
WI,Milwaukee,55079,Fox Point,6543
WI,Milwaukee,55079,Bayside,4334
WI,Milwaukee,55079,West Milwaukee,4096
WI,Milwaukee,55079,River Hills,1575
WI,Monroe,55081,Sparta,10229
WI,Monroe,55081,Tomah,9397
WI,Monroe,55081,Cashton,1112
WI,Monroe,55081,Norwalk,632
WI,Monroe,55081,Wilton,500
WI,Monroe,55081,Kendall,472
WI,Monroe,55081,Warrens,349
WI,Monroe,55081,Oakdale,293
WI,Monroe,55081,Cataract,172
WI,Monroe,55081,Wyeville,143
WI,Monroe,55081,Melvina,110
WI,Monroe,55081,Tunnel City,108
WI,Oconto,55083,Oconto,4545
WI,Oconto,55083,Oconto Falls,2796
WI,Oconto,55083,Gillett,1295
WI,Oconto,55083,Lena,539
WI,Oconto,55083,Suring,522
WI,Oconto,55083,Abrams,461
WI,Oconto,55083,Lakewood,385
WI,Oconto,55083,Sobieski,266
WI,Oconto,55083,Mountain,238
WI,Oconto,55083,Townsend,94
WI,Oneida,55085,Rhinelander,8830
WI,Oneida,55085,Woodruff,746
WI,Oneida,55085,Three Lakes,408
WI,Oneida,55085,Minocqua,326
WI,Oneida,55085,Lake Tomahawk,188
WI,Outagamie,55087,Appleton,220570
WI,Outagamie,55087,Kaukauna,16270
WI,Outagamie,55087,Little Chute,12081
WI,Outagamie,55087,Kimberly,6802
WI,Outagamie,55087,Combined Locks,3593
WI,Outagamie,55087,Seymour,3503
WI,Outagamie,55087,Hortonville,2912
WI,Outagamie,55087,Black Creek,1308
WI,Outagamie,55087,Shiocton,913
WI,Outagamie,55087,Dale,551
WI,Outagamie,55087,Bear Creek,438
WI,Outagamie,55087,Nichols,285
WI,Ozaukee,55089,Mequon,24382
WI,Ozaukee,55089,Port Washington,11911
WI,Ozaukee,55089,Grafton,11715
WI,Ozaukee,55089,Cedarburg,11603
WI,Ozaukee,55089,Saukville,4433
WI,Ozaukee,55089,Thiensville,3125
WI,Ozaukee,55089,Belgium,2345
WI,Ozaukee,55089,Fredonia,2253
WI,Ozaukee,55089,Waubeka,681
WI,Pepin,55091,Durand,1800
WI,Pepin,55091,Pepin,781
WI,Pepin,55091,Arkansaw,210
WI,Pepin,55091,Stockholm,64
WI,Pierce,55093,River Falls,16402
WI,Pierce,55093,Prescott,4295
WI,Pierce,55093,Ellsworth,3317
WI,Pierce,55093,Spring Valley,1348
WI,Pierce,55093,Elmwood,797
WI,Pierce,55093,Plum City,603
WI,Pierce,55093,Bay City,494
WI,Pierce,55093,Hager City,287
WI,Pierce,55093,Diamond Bluff,170
WI,Pierce,55093,Maiden Rock,117
WI,Polk,55095,Osceola,3576
WI,Polk,55095,Amery,2812
WI,Polk,55095,St. Croix Falls,2046
WI,Polk,55095,Clear Lake,1103
WI,Polk,55095,Frederic,1089
WI,Polk,55095,Luck,1051
WI,Polk,55095,Balsam Lake,982
WI,Polk,55095,Centuria,910
WI,Polk,55095,Milltown,877
WI,Polk,55095,Dresser,866
WI,Polk,55095,Clayton,545
WI,Polk,55095,Lewis,154
WI,Portage,55097,Stevens Point,42837
WI,Portage,55097,Plover,13099
WI,Portage,55097,Whiting,1705
WI,Portage,55097,Amherst,1045
WI,Portage,55097,Bancroft,520
WI,Portage,55097,Polonia,512
WI,Portage,55097,Park Ridge,494
WI,Portage,55097,Rosholt,486
WI,Portage,55097,Junction City,439
WI,Portage,55097,Almond,432
WI,Portage,55097,Amherst Junction,383
WI,Portage,55097,Nelsonville,151
WI,Price,55099,Park Falls,2230
WI,Price,55099,Phillips,1336
WI,Price,55099,Prentice,597
WI,Price,55099,Ogema,162
WI,Price,55099,Kennan,120
WI,Price,55099,Catawba,100
WI,Racine,55101,Racine,130142
WI,Racine,55101,Mount Pleasant,27082
WI,Racine,55101,Caledonia,25277
WI,Racine,55101,Burlington,24691
WI,Racine,55101,Union Grove,7251
WI,Racine,55101,Sturtevant,6652
WI,Racine,55101,Waterford,5562
WI,Racine,55101,Wind Lake,5364
WI,Racine,55101,Tichigan,5179
WI,Racine,55101,Rochester,3867
WI,Racine,55101,Yorkville,3130
WI,Racine,55101,Bohners Lake,2691
WI,Racine,55101,Browns Lake,1799
WI,Racine,55101,Wind Point,1695
WI,Racine,55101,Eagle Lake,1038
WI,Racine,55101,Elmwood Park,493
WI,Racine,55101,North Bay,234
WI,Richland,55103,Richland Center,4951
WI,Richland,55103,Lone Rock,835
WI,Richland,55103,Viola,662
WI,Richland,55103,Sextonville,437
WI,Richland,55103,Cazenovia,310
WI,Richland,55103,Gotham,179
WI,Richland,55103,Boaz,146
WI,Richland,55103,Yuba,69
WI,Rock,55105,Janesville,70755
WI,Rock,55105,Beloit,63762
WI,Rock,55105,Edgerton,7431
WI,Rock,55105,Evansville,6152
WI,Rock,55105,Milton,5627
WI,Rock,55105,Clinton,2140
WI,Rock,55105,Orfordville,1498
WI,Rock,55105,Footville,831
WI,Rock,55105,Hanover,137
WI,Rusk,55107,Ladysmith,3157
WI,Rusk,55107,Bruce,705
WI,Rusk,55107,Hawkins,280
WI,Rusk,55107,Weyerhaeuser,215
WI,Rusk,55107,Sheldon,214
WI,Rusk,55107,Tony,102
WI,Rusk,55107,Conrath,92
WI,Rusk,55107,Glen Flora,86
WI,Rusk,55107,Ingram,73
WI,Sauk,55111,Baraboo,13893
WI,Sauk,55111,Reedsburg,9521
WI,Sauk,55111,Prairie du Sac,8627
WI,Sauk,55111,Lake Delton,5609
WI,Sauk,55111,Sauk City,3485
WI,Sauk,55111,Spring Green,1641
WI,Sauk,55111,West Baraboo,1424
WI,Sauk,55111,Plain,766
WI,Sauk,55111,North Freedom,697
WI,Sauk,55111,Bluffview,522
WI,Sauk,55111,Merrimac,440
WI,Sauk,55111,La Valle,361
WI,Sauk,55111,Rock Springs,360
WI,Sauk,55111,Loganville,298
WI,Sauk,55111,Ironton,252
WI,Sauk,55111,Lime Ridge,163
WI,Sawyer,55113,Hayward,2607
WI,Sawyer,55113,Little Round Lake,1080
WI,Sawyer,55113,Chief Lake,565
WI,Sawyer,55113,Reserve,330
WI,Sawyer,55113,Winter,300
WI,Sawyer,55113,Radisson,234
WI,Sawyer,55113,New Post,232
WI,Sawyer,55113,Exeland,190
WI,Sawyer,55113,Couderay,86
WI,Shawano,55115,Shawano,10107
WI,Shawano,55115,Bonduel,1417
WI,Shawano,55115,Wittenberg,988
WI,Shawano,55115,Birnamwood,782
WI,Shawano,55115,Tigerton,705
WI,Shawano,55115,Gresham,564
WI,Shawano,55115,Cecil,551
WI,Shawano,55115,Mattoon,412
WI,Shawano,55115,Krakow,346
WI,Shawano,55115,Bowler,290
WI,Shawano,55115,Aniwa,249
WI,Shawano,55115,Caroline,229
WI,Shawano,55115,Eland,197
WI,Shawano,55115,Navarino,151
WI,Shawano,55115,Pella,120
WI,Shawano,55115,Green Valley,118
WI,Shawano,55115,Leopolis,93
WI,Shawano,55115,Angelica,93
WI,Shawano,55115,Tilleda,90
WI,Shawano,55115,Pulcifer,83
WI,Shawano,55115,Thornton,75
WI,Sheboygan,55117,Sheboygan,69393
WI,Sheboygan,55117,Plymouth,9097
WI,Sheboygan,55117,Sheboygan Falls,7926
WI,Sheboygan,55117,Howards Grove,3272
WI,Sheboygan,55117,Oostburg,3027
WI,Sheboygan,55117,Cedar Grove,2117
WI,Sheboygan,55117,Kohler,2059
WI,Sheboygan,55117,Random Lake,1565
WI,Sheboygan,55117,Elkhart Lake,1016
WI,Sheboygan,55117,Hingham,866
WI,Sheboygan,55117,Cascade,692
WI,Sheboygan,55117,Adell,512
WI,Sheboygan,55117,Waldo,501
WI,Sheboygan,55117,Glenbeulah,464
WI,Sheboygan,55117,Gibbsville,435
WI,Sheboygan,55117,Greenbush,158
WI,St. Croix,55109,Hudson,24832
WI,St. Croix,55109,New Richmond,9414
WI,St. Croix,55109,Baldwin,6000
WI,St. Croix,55109,North Hudson,3811
WI,St. Croix,55109,Somerset,2920
WI,St. Croix,55109,Roberts,1889
WI,St. Croix,55109,Hammond,1886
WI,St. Croix,55109,Woodville,1353
WI,St. Croix,55109,Glenwood City,1201
WI,St. Croix,55109,Star Prairie,556
WI,St. Croix,55109,Deer Park,213
WI,St. Croix,55109,Wilson,185
WI,St. Croix,55109,Houlton,153
WI,St. Croix,55109,Emerald,101
WI,Taylor,55119,Medford,4282
WI,Taylor,55119,Rib Lake,863
WI,Taylor,55119,Stetsonville,519
WI,Taylor,55119,Gilman,392
WI,Taylor,55119,Westboro,175
WI,Taylor,55119,Whittlesey,139
WI,Taylor,55119,Chelsea,115
WI,Taylor,55119,Lublin,113
WI,Taylor,55119,Jump River,24
WI,Trempealeau,55121,Arcadia,3110
WI,Trempealeau,55121,Osseo,1676
WI,Trempealeau,55121,Trempealeau,1664
WI,Trempealeau,55121,Galesville,1596
WI,Trempealeau,55121,Whitehall,1572
WI,Trempealeau,55121,Blair,1346
WI,Trempealeau,55121,Independence,1303
WI,Trempealeau,55121,Strum,1090
WI,Trempealeau,55121,Eleva,665
WI,Trempealeau,55121,Ettrick,519
WI,Trempealeau,55121,Pigeon Falls,400
WI,Trempealeau,55121,Dodge,117
WI,Vernon,55123,Viroqua,4402
WI,Vernon,55123,Westby,2255
WI,Vernon,55123,Hillsboro,1393
WI,Vernon,55123,Stoddard,830
WI,Vernon,55123,Coon Valley,787
WI,Vernon,55123,La Farge,759
WI,Vernon,55123,Ontario,555
WI,Vernon,55123,Readstown,416
WI,Vernon,55123,Chaseburg,292
WI,Vernon,55123,Genoa,261
WI,Vilas,55125,Eagle River,1592
WI,Vilas,55125,Lac du Flambeau,1522
WI,Vilas,55125,Sayner,181
WI,Vilas,55125,Boulder Junction,172
WI,Walworth,55127,Lake Geneva,15518
WI,Walworth,55127,Whitewater,14895
WI,Walworth,55127,Elkhorn,12404
WI,Walworth,55127,Delavan,11871
WI,Walworth,55127,Bloomfield,4746
WI,Walworth,55127,Walworth,4399
WI,Walworth,55127,East Troy,4338
WI,Walworth,55127,Genoa City,2985
WI,Walworth,55127,Como,2680
WI,Walworth,55127,Williams Bay,2639
WI,Walworth,55127,Delavan Lake,2558
WI,Walworth,55127,Fontana-on-Geneva Lake,1741
WI,Walworth,55127,Darien,1590
WI,Walworth,55127,Sharon,1557
WI,Walworth,55127,Lauderdale Lakes,1259
WI,Walworth,55127,Potter Lake,1032
WI,Walworth,55127,Lake Ivanhoe,479
WI,Walworth,55127,Lake Lorraine,268
WI,Walworth,55127,Springfield,89
WI,Washburn,55129,Spooner,2571
WI,Washburn,55129,Shell Lake,1310
WI,Washburn,55129,Minong,503
WI,Washburn,55129,Birchwood,428
WI,Washburn,55129,Trego,176
WI,Washburn,55129,Stone Lake,139
WI,Washburn,55129,Springbrook,51
WI,Washington,55131,West Bend,69504
WI,Washington,55131,Germantown,20116
WI,Washington,55131,Hartford,15445
WI,Washington,55131,Richfield,11854
WI,Washington,55131,Jackson,7200
WI,Washington,55131,Slinger,5565
WI,Washington,55131,Kewaskum,4264
WI,Washington,55131,Newburg,1209
WI,Washington,55131,Allenton,889
WI,Waukesha,55133,Waukesha,72299
WI,Waukesha,55133,New Berlin,39691
WI,Waukesha,55133,Brookfield,39115
WI,Waukesha,55133,Menomonee Falls,38014
WI,Waukesha,55133,Muskego,25127
WI,Waukesha,55133,Mukwonago,22185
WI,Waukesha,55133,Oconomowoc,16981
WI,Waukesha,55133,Pewaukee,14631
WI,Waukesha,55133,Sussex,10981
WI,Waukesha,55133,Hartland,9320
WI,Waukesha,55133,Delafield,7536
WI,Waukesha,55133,Elm Grove,6136
WI,Waukesha,55133,Summit,5041
WI,Waukesha,55133,Okauchee Lake,4551
WI,Waukesha,55133,Merton,3762
WI,Waukesha,55133,Wales,2585
WI,Waukesha,55133,Dousman,2328
WI,Waukesha,55133,North Prairie,2228
WI,Waukesha,55133,Eagle,2159
WI,Waukesha,55133,Butler,1798
WI,Waukesha,55133,Big Bend,1465
WI,Waukesha,55133,Nashotah,1357
WI,Waukesha,55133,Lannon,1232
WI,Waukesha,55133,Chenequa,602
WI,Waukesha,55133,Oconomowoc Lake,600
WI,Waukesha,55133,Lac La Belle,299
WI,Waupaca,55135,Waupaca,7627
WI,Waupaca,55135,New London,7430
WI,Waupaca,55135,Clintonville,4391
WI,Waupaca,55135,King,1790
WI,Waupaca,55135,Weyauwega,1761
WI,Waupaca,55135,Manawa,1272
WI,Waupaca,55135,Iola,1206
WI,Waupaca,55135,Marion,1178
WI,Waupaca,55135,Chain O' Lakes,861
WI,Waupaca,55135,Fremont,651
WI,Waupaca,55135,Northport,503
WI,Waupaca,55135,Embarrass,370
WI,Waupaca,55135,Scandinavia,352
WI,Waupaca,55135,Ogdensburg,173
WI,Waupaca,55135,Big Falls,69
WI,Waushara,55137,Wautoma,2485
WI,Waushara,55137,Redgranite,2128
WI,Waushara,55137,Plainfield,836
WI,Waushara,55137,Wild Rose,684
WI,Waushara,55137,Coloma,448
WI,Waushara,55137,Hancock,405
WI,Waushara,55137,Lohrville,389
WI,Waushara,55137,Poy Sippi,300
WI,Waushara,55137,Pine River,148
WI,Waushara,55137,Tustin,141
WI,Winnebago,55139,Oshkosh,75536
WI,Winnebago,55139,Neenah,26300
WI,Winnebago,55139,Fox Crossing,19012
WI,Winnebago,55139,Menasha,17873
WI,Winnebago,55139,Winneconne,3808
WI,Winnebago,55139,Omro,3583
WI,Winnebago,55139,Butte des Morts,904
WI,Winnebago,55139,Winchester,635
WI,Winnebago,55139,Eureka,601
WI,Winnebago,55139,Waukau,220
WI,Wood,55141,Wisconsin Rapids,27966
WI,Wood,55141,Marshfield,18764
WI,Wood,55141,Nekoosa,2422
WI,Wood,55141,Lake Wazeecha,2150
WI,Wood,55141,Port Edwards,1763
WI,Wood,55141,Pittsville,824
WI,Wood,55141,Hewitt,778
WI,Wood,55141,Biron,772
WI,Wood,55141,Auburndale,665
WI,Wood,55141,Vesper,548
WI,Wood,55141,Rudolph,416
WI,Wood,55141,Arpin,309
WI,Wood,55141,Milladore,261
WI,Wood,55141,Babcock,84
WV,Barbour,54001,Philippi,3257
WV,Barbour,54001,Belington,1902
WV,Barbour,54001,Junior,486
WV,Barbour,54001,Galloway,111
WV,Barbour,54001,Century,106
WV,Berkeley,54003,Martinsburg,17454
WV,Berkeley,54003,Inwood,3330
WV,Berkeley,54003,Falling Waters,1399
WV,Berkeley,54003,Hedgesville,297
WV,Boone,54005,Madison,3978
WV,Boone,54005,Danville,602
WV,Boone,54005,Greenview,444
WV,Boone,54005,Whitesville,427
WV,Boone,54005,Racine,361
WV,Boone,54005,Van,178
WV,Boone,54005,Comfort,154
WV,Boone,54005,Sylvester,136
WV,Boone,54005,Twilight,48
WV,Braxton,54007,Sutton,988
WV,Braxton,54007,Gassaway,846
WV,Braxton,54007,Burnsville,477
WV,Braxton,54007,Flatwoods,265
WV,Brooke,54009,Follansbee,2710
WV,Brooke,54009,Hooverson Heights,2581
WV,Brooke,54009,Wellsburg,2530
WV,Brooke,54009,Bethany,802
WV,Brooke,54009,Beech Bottom,469
WV,Brooke,54009,Windsor Heights,379
WV,Cabell,54011,Huntington,186034
WV,Cabell,54011,Pea Ridge,6632
WV,Cabell,54011,Barboursville,4258
WV,Cabell,54011,Culloden,3362
WV,Cabell,54011,Milton,2533
WV,Cabell,54011,Lesage,778
WV,Cabell,54011,Salt Rock,166
WV,Calhoun,54013,Grantsville,513
WV,Clay,54015,Clay,441
WV,Doddridge,54017,West Union,799
WV,Fayette,54019,Oak Hill,8098
WV,Fayette,54019,Fayetteville,2720
WV,Fayette,54019,Ansted,1305
WV,Fayette,54019,Mount Hope,1274
WV,Fayette,54019,Hilltop,808
WV,Fayette,54019,Powellton,763
WV,Fayette,54019,Scarbro,758
WV,Fayette,54019,Boomer,755
WV,Fayette,54019,Smithers,734
WV,Fayette,54019,Gauley Bridge,553
WV,Fayette,54019,Mount Carbon,389
WV,Fayette,54019,Charlton Heights,385
WV,Fayette,54019,Meadow Bridge,346
WV,Fayette,54019,Hico,318
WV,Fayette,54019,Deep Water,313
WV,Fayette,54019,Falls View,206
WV,Fayette,54019,Glen Jean,197
WV,Fayette,54019,Beards Fork,173
WV,Fayette,54019,Page,157
WV,Fayette,54019,Pax,152
WV,Fayette,54019,Kimberly,127
WV,Fayette,54019,Glen Ferris,117
WV,Fayette,54019,Kincaid,95
WV,Fayette,54019,Prince,93
WV,Fayette,54019,Thurmond,4
WV,Gilmer,54021,Glenville,3186
WV,Gilmer,54021,Sand Fork,148
WV,Grant,54023,Petersburg,2739
WV,Grant,54023,Bayard,261
WV,Greenbrier,54025,Lewisburg,6917
WV,Greenbrier,54025,White Sulphur Springs,2572
WV,Greenbrier,54025,Alderson,2500
WV,Greenbrier,54025,Ronceverte,1670
WV,Greenbrier,54025,Fairlea,1567
WV,Greenbrier,54025,Rainelle,1520
WV,Greenbrier,54025,Rupert,894
WV,Greenbrier,54025,Quinwood,263
WV,Greenbrier,54025,Falling Spring,202
WV,Hampshire,54027,Romney,1695
WV,Hampshire,54027,Capon Bridge,366
WV,Hampshire,54027,Springfield,232
WV,Hampshire,54027,Green Spring,160
WV,Hancock,54029,Weirton,65578
WV,Hancock,54029,Chester,2369
WV,Hancock,54029,Newell,1284
WV,Hancock,54029,New Cumberland,1006
WV,Hardy,54031,Moorefield,2596
WV,Hardy,54031,Wardensville,258
WV,Harrison,54033,Clarksburg,40403
WV,Harrison,54033,Bridgeport,8842
WV,Harrison,54033,Shinnston,2104
WV,Harrison,54033,Stonewood,1714
WV,Harrison,54033,Salem,1522
WV,Harrison,54033,Nutter Fort,1512
WV,Harrison,54033,Despard,1098
WV,Harrison,54033,Enterprise,1010
WV,Harrison,54033,Lumberport,840
WV,Harrison,54033,Anmoore,734
WV,Harrison,54033,West Milford,607
WV,Harrison,54033,Hepzibah,518
WV,Harrison,54033,Lost Creek,464
WV,Harrison,54033,Wallace,339
WV,Harrison,54033,Spelter,325
WV,Harrison,54033,Wolf Summit,135
WV,Harrison,54033,Gypsy,126
WV,Jackson,54035,Ripley,4073
WV,Jackson,54035,Ravenswood,3900
WV,Jefferson,54037,Charles Town,24094
WV,Jefferson,54037,Shepherdstown,5351
WV,Jefferson,54037,Ranson,5239
WV,Jefferson,54037,Shannondale,3459
WV,Jefferson,54037,Bolivar,1022
WV,Jefferson,54037,Shenandoah Junction,590
WV,Jefferson,54037,Middleway,410
WV,Jefferson,54037,Harpers Ferry,282
WV,Kanawha,54039,Charleston,138706
WV,Kanawha,54039,South Charleston,12047
WV,Kanawha,54039,St. Albans,9918
WV,Kanawha,54039,Cross Lanes,9274
WV,Kanawha,54039,Dunbar,7093
WV,Kanawha,54039,Nitro,6373
WV,Kanawha,54039,Montgomery,4317
WV,Kanawha,54039,Sissonville,4239
WV,Kanawha,54039,Pinch,2746
WV,Kanawha,54039,Elkview,1673
WV,Kanawha,54039,Rand,1497
WV,Kanawha,54039,Chesapeake,1414
WV,Kanawha,54039,Marmet,1366
WV,Kanawha,54039,Tornado,1187
WV,Kanawha,54039,Coal Fork,1157
WV,Kanawha,54039,Belle,1126
WV,Kanawha,54039,Clendenin,1100
WV,Kanawha,54039,Chelyan,994
WV,Kanawha,54039,Cedar Grove,907
WV,Kanawha,54039,East Bank,869
WV,Kanawha,54039,Glasgow,833
WV,Kanawha,54039,Shrewsbury,802
WV,Kanawha,54039,Jefferson,630
WV,Kanawha,54039,Pratt,556
WV,Kanawha,54039,Big Chimney,463
WV,Kanawha,54039,Handley,312
WV,Lewis,54041,Weston,4764
WV,Lewis,54041,Jane Lew,386
WV,Lincoln,54043,Alum Creek,1805
WV,Lincoln,54043,Hamlin,1048
WV,Lincoln,54043,West Hamlin,714
WV,Lincoln,54043,Harts,398
WV,Logan,54045,Logan,8882
WV,Logan,54045,Mount Gay-Shamrock,1413
WV,Logan,54045,Chapmanville,1094
WV,Logan,54045,Mallory,1022
WV,Logan,54045,Accoville,980
WV,Logan,54045,Bruno,844
WV,Logan,54045,Holden,693
WV,Logan,54045,Man,630
WV,Logan,54045,McConnell,616
WV,Logan,54045,Switzer,529
WV,Logan,54045,Amherstdale,519
WV,Logan,54045,Omar,478
WV,Logan,54045,Robinette,462
WV,Logan,54045,Chauncey,422
WV,Logan,54045,Verdunville,366
WV,Logan,54045,West Logan,364
WV,Logan,54045,Monaville,337
WV,Logan,54045,Rossmore,315
WV,Logan,54045,Mitchell Heights,273
WV,Logan,54045,Kistler,230
WV,Logan,54045,Stollings,205
WV,Logan,54045,Neibert,113
WV,Logan,54045,Henlawson,90
WV,Logan,54045,Big Creek,84
WV,Logan,54045,Sarah Ann,47
WV,Marion,54049,Fairmont,32847
WV,Marion,54049,Pleasant Valley,3141
WV,Marion,54049,Mannington,2023
WV,Marion,54049,Barrackville,1279
WV,Marion,54049,Monongah,1149
WV,Marion,54049,Rivesville,903
WV,Marion,54049,White Hall,666
WV,Marion,54049,Idamay,616
WV,Marion,54049,Grant Town,594
WV,Marion,54049,Carolina,451
WV,Marion,54049,Fairview,404
WV,Marion,54049,Farmington,365
WV,Marion,54049,Rachel,289
WV,Marion,54049,Worthington,148
WV,Marshall,54051,Moundsville,8252
WV,Marshall,54051,McMechen,1697
WV,Marshall,54051,Glen Dale,1371
WV,Marshall,54051,Benwood,1278
WV,Marshall,54051,Cameron,843
WV,Mason,54053,Point Pleasant,10473
WV,Mason,54053,New Haven,1464
WV,Mason,54053,Mason,936
WV,Mason,54053,Gallipolis Ferry,723
WV,Mason,54053,Hartford City,594
WV,Mason,54053,Henderson,259
WV,Mason,54053,Leon,148
WV,Mason,54053,Apple Grove,60
WV,McDowell,54047,Welch,2117
WV,McDowell,54047,Gary,788
WV,McDowell,54047,War,685
WV,McDowell,54047,Raysal,417
WV,McDowell,54047,Berwind,384
WV,McDowell,54047,Davy,337
WV,McDowell,54047,Northfork,336
WV,McDowell,54047,Bradshaw,271
WV,McDowell,54047,Iaeger,242
WV,McDowell,54047,Keystone,223
WV,McDowell,54047,Anawalt,179
WV,McDowell,54047,Kimball,153
WV,McDowell,54047,Big Sandy,139
WV,McDowell,54047,Pageton,135
WV,McDowell,54047,Crumpler,133
WV,McDowell,54047,Roderfield,111
WV,McDowell,54047,Maybeury,99
WV,McDowell,54047,Vivian,62
WV,McDowell,54047,Cucumber,52
WV,Mercer,54055,Bluefield,40640
WV,Mercer,54055,Princeton,5675
WV,Mercer,54055,Bluewell,2593
WV,Mercer,54055,Brush Fork,1214
WV,Mercer,54055,Athens,897
WV,Mercer,54055,Montcalm,448
WV,Mercer,54055,Lashmeet,443
WV,Mercer,54055,Bramwell,337
WV,Mercer,54055,Matoaka,202
WV,Mercer,54055,Oakvale,112
WV,Mineral,54057,Keyser,6361
WV,Mineral,54057,Fort Ashby,1369
WV,Mineral,54057,Carpendale,905
WV,Mineral,54057,Wiley Ford,852
WV,Mineral,54057,Piedmont,802
WV,Mineral,54057,Ridgeley,620
WV,Mineral,54057,Elk Garden,212
WV,Mineral,54057,Burlington,123
WV,Mingo,54059,Williamson,2872
WV,Mingo,54059,Gilbert Creek,1193
WV,Mingo,54059,Chattaroy,668
WV,Mingo,54059,Justice,654
WV,Mingo,54059,Delbarton,497
WV,Mingo,54059,Matewan,424
WV,Mingo,54059,Gilbert,387
WV,Mingo,54059,Red Jacket,362
WV,Mingo,54059,Kermit,349
WV,Monongalia,54061,Morgantown,72458
WV,Monongalia,54061,Cheat Lake,9251
WV,Monongalia,54061,Brookhaven,6043
WV,Monongalia,54061,Westover,4173
WV,Monongalia,54061,Granville,3140
WV,Monongalia,54061,Star City,1948
WV,Monongalia,54061,Cassville,1430
WV,Monongalia,54061,Blacksville,180
WV,Monongalia,54061,Pentress,156
WV,Monroe,54063,Peterstown,621
WV,Monroe,54063,Union,540
WV,Morgan,54065,Bath,596
WV,Morgan,54065,Paw Paw,492
WV,Morgan,54065,Great Cacapon,465
WV,Nicholas,54067,Summersville,3274
WV,Nicholas,54067,Craigsville,2375
WV,Nicholas,54067,Richwood,1855
WV,Nicholas,54067,Nettie,438
WV,Nicholas,54067,Dixie,280
WV,Nicholas,54067,Fenwick,158
WV,Nicholas,54067,Birch River,136
WV,Nicholas,54067,Tioga,107
WV,Nicholas,54067,Belva,53
WV,Ohio,54069,Wheeling,75392
WV,Ohio,54069,Bethlehem,2321
WV,Ohio,54069,West Liberty,1447
WV,Ohio,54069,Triadelphia,762
WV,Ohio,54069,Clearview,482
WV,Ohio,54069,Valley Grove,348
WV,Pendleton,54071,Franklin,642
WV,Pendleton,54071,Brandywine,142
WV,Pleasants,54073,St. Marys,4111
WV,Pleasants,54073,Belmont,862
WV,Pocahontas,54075,Marlinton,961
WV,Pocahontas,54075,Durbin,294
WV,Pocahontas,54075,Hillsboro,238
WV,Pocahontas,54075,Green Bank,182
WV,Pocahontas,54075,Arbovale,152
WV,Pocahontas,54075,Huntersville,136
WV,Pocahontas,54075,Bartow,118
WV,Pocahontas,54075,Frank,98
WV,Pocahontas,54075,Cass,42
WV,Preston,54077,Kingwood,3330
WV,Preston,54077,Terra Alta,1500
WV,Preston,54077,Reedsville,604
WV,Preston,54077,Rowlesburg,572
WV,Preston,54077,Masontown,538
WV,Preston,54077,Newburg,315
WV,Preston,54077,Tunnelton,295
WV,Preston,54077,Albright,282
WV,Preston,54077,Aurora,206
WV,Preston,54077,Brandonville,105
WV,Preston,54077,Bruceton Mills,84
WV,Putnam,54079,Teays Valley,13866
WV,Putnam,54079,Hurricane,6430
WV,Putnam,54079,Winfield,2352
WV,Putnam,54079,Eleanor,1587
WV,Putnam,54079,Buffalo,1260
WV,Putnam,54079,Poca,974
WV,Putnam,54079,Hometown,606
WV,Putnam,54079,Bancroft,591
WV,Raleigh,54081,Beckley,57942
WV,Raleigh,54081,Shady Spring,3366
WV,Raleigh,54081,Crab Orchard,2579
WV,Raleigh,54081,Daniels,1869
WV,Raleigh,54081,Prosperity,1815
WV,Raleigh,54081,Bradley,1741
WV,Raleigh,54081,Coal City,1725
WV,Raleigh,54081,MacArthur,1680
WV,Raleigh,54081,Beaver,1314
WV,Raleigh,54081,Mabscott,1263
WV,Raleigh,54081,Sophia,1231
WV,Raleigh,54081,Piney View,1077
WV,Raleigh,54081,Stanaford,901
WV,Raleigh,54081,Bolt,664
WV,Raleigh,54081,Ghent,536
WV,Raleigh,54081,Glen White,360
WV,Raleigh,54081,Lester,314
WV,Raleigh,54081,Rhodell,160
WV,Raleigh,54081,Helen,14
WV,Randolph,54083,Elkins,10899
WV,Randolph,54083,East Dailey,712
WV,Randolph,54083,Mill Creek,691
WV,Randolph,54083,Beverly,666
WV,Randolph,54083,Valley Bend,497
WV,Randolph,54083,Womelsdorf,240
WV,Randolph,54083,Huttonsville,210
WV,Randolph,54083,Valley Head,181
WV,Randolph,54083,Montrose,153
WV,Randolph,54083,Harman,139
WV,Randolph,54083,Helvetia,85
WV,Randolph,54083,Whitmer,44
WV,Randolph,54083,Dailey,34
WV,Randolph,54083,Pickens,14
WV,Ritchie,54085,Harrisville,1674
WV,Ritchie,54085,Pennsboro,1003
WV,Ritchie,54085,Ellenboro,363
WV,Ritchie,54085,Cairo,254
WV,Ritchie,54085,Pullman,136
WV,Ritchie,54085,Auburn,88
WV,Roane,54087,Spencer,2620
WV,Roane,54087,Reedy,161
WV,Summers,54089,Hinton,2357
WV,Taylor,54091,Grafton,5714
WV,Taylor,54091,Flemington,306
WV,Tucker,54093,Parsons,1391
WV,Tucker,54093,Davis,631
WV,Tucker,54093,Thomas,550
WV,Tucker,54093,Hendricks,257
WV,Tucker,54093,Hambleton,214
WV,Tucker,54093,St. George,161
WV,Tyler,54095,Paden City,2379
WV,Tyler,54095,Sistersville,1282
WV,Tyler,54095,Middlebourne,738
WV,Tyler,54095,Friendly,121
WV,Upshur,54097,Buckhannon,8351
WV,Wayne,54099,Kenova,2961
WV,Wayne,54099,Wayne,1576
WV,Wayne,54099,Lavalette,1356
WV,Wayne,54099,Ceredo,1273
WV,Wayne,54099,Fort Gay,689
WV,Wayne,54099,Prichard,294
WV,Wayne,54099,Crum,48
WV,Webster,54101,Addison,663
WV,Webster,54101,Cowen,468
WV,Webster,54101,Camden-on-Gauley,145
WV,Webster,54101,Parcoal,94
WV,Webster,54101,Bergoo,54
WV,Wetzel,54103,New Martinsville,5853
WV,Wetzel,54103,Pine Grove,482
WV,Wetzel,54103,Reader,336
WV,Wetzel,54103,Hundred,262
WV,Wetzel,54103,Smithfield,146
WV,Wetzel,54103,Littleton,116
WV,Wetzel,54103,Jacksonburg,64
WV,Wirt,54105,Elizabeth,838
WV,Wood,54107,Parkersburg,62566
WV,Wood,54107,Vienna,10124
WV,Wood,54107,Blennerhassett,3330
WV,Wood,54107,Williamstown,2869
WV,Wood,54107,Mineralwells,2082
WV,Wood,54107,Boaz,1638
WV,Wood,54107,Washington,1139
WV,Wood,54107,Lubeck,1126
WV,Wood,54107,North Hills,774
WV,Wood,54107,Waverly,623
WV,Wyoming,54109,Oceana,2284
WV,Wyoming,54109,Mullens,1325
WV,Wyoming,54109,Pineville,574
WV,Wyoming,54109,Kopperston,446
WV,Wyoming,54109,Glen Fork,396
WV,Wyoming,54109,Bud,367
WV,Wyoming,54109,New Richmond,365
WV,Wyoming,54109,Matheny,276
WV,Wyoming,54109,Itmann,258
WV,Wyoming,54109,Brenton,169
WV,Wyoming,54109,Corinne,123
WV,Wyoming,54109,Covel,30
WY,Albany,56001,Laramie,33929
WY,Albany,56001,Centennial,308
WY,Albany,56001,Rock River,254
WY,Albany,56001,Woods Landing-Jelm,113
WY,Albany,56001,Albany,46
WY,Albany,56001,Fox Park,8
WY,Big Horn,56003,Lovell,2366
WY,Big Horn,56003,Greybull,1838
WY,Big Horn,56003,Basin,1282
WY,Big Horn,56003,Cowley,761
WY,Big Horn,56003,Byron,604
WY,Big Horn,56003,Burlington,342
WY,Big Horn,56003,Deaver,181
WY,Big Horn,56003,Frannie,159
WY,Big Horn,56003,Manderson,113
WY,Big Horn,56003,Hyattville,97
WY,Big Horn,56003,Shell,95
WY,Campbell,56005,Gillette,36032
WY,Campbell,56005,Wright,1753
WY,Campbell,56005,Sleepy Hollow,1368
WY,Carbon,56007,Rawlins,8521
WY,Carbon,56007,Saratoga,1615
WY,Carbon,56007,Hanna,769
WY,Carbon,56007,Encampment,426
WY,Carbon,56007,Baggs,417
WY,Carbon,56007,Sinclair,395
WY,Carbon,56007,Medicine Bow,259
WY,Carbon,56007,Elk Mountain,185
WY,Carbon,56007,Dixon,94
WY,Carbon,56007,Riverside,52
WY,Carbon,56007,Ryan Park,26
WY,Converse,56009,Douglas,6421
WY,Converse,56009,Glenrock,2575
WY,Converse,56009,Rolling Hills,424
WY,Converse,56009,Orin,89
WY,Converse,56009,Esterbrook,87
WY,Converse,56009,Lost Springs,4
WY,Crook,56011,Sundance,1292
WY,Crook,56011,Moorcroft,1084
WY,Crook,56011,Pine Haven,548
WY,Crook,56011,Hulett,427
WY,Fremont,56013,Riverton,12445
WY,Fremont,56013,Lander,7458
WY,Fremont,56013,Arapahoe,1829
WY,Fremont,56013,Fort Washakie,1741
WY,Fremont,56013,Ethete,1486
WY,Fremont,56013,Dubois,959
WY,Fremont,56013,Shoshoni,644
WY,Fremont,56013,Hudson,445
WY,Fremont,56013,Boulder Flats,250
WY,Fremont,56013,Pavillion,230
WY,Fremont,56013,Johnstown,184
WY,Fremont,56013,Crowheart,150
WY,Fremont,56013,Jeffrey City,29
WY,Goshen,56015,Torrington,7289
WY,Goshen,56015,Lingle,456
WY,Goshen,56015,La Grange,442
WY,Goshen,56015,Fort Laramie,227
WY,Goshen,56015,Yoder,154
WY,Goshen,56015,Veteran,48
WY,Goshen,56015,Hawk Springs,7
WY,Hot Springs,56017,Thermopolis,3029
WY,Hot Springs,56017,Lucerne,462
WY,Hot Springs,56017,East Thermopolis,238
WY,Hot Springs,56017,Kirby,84
WY,Johnson,56019,Buffalo,4575
WY,Johnson,56019,Kaycee,278
WY,Laramie,56021,Cheyenne,79484
WY,Laramie,56021,Ranchettes,6289
WY,Laramie,56021,Fox Farm-College,4549
WY,Laramie,56021,South Greeley,4134
WY,Laramie,56021,Warren AFB,2456
WY,Laramie,56021,Pine Bluffs,1159
WY,Laramie,56021,Carpenter,350
WY,Laramie,56021,Burns,312
WY,Laramie,56021,Albin,206
WY,Lincoln,56023,Kemmerer,3235
WY,Lincoln,56023,Afton,2041
WY,Lincoln,56023,Star Valley Ranch,1659
WY,Lincoln,56023,Alpine,924
WY,Lincoln,56023,Diamondville,757
WY,Lincoln,56023,Osmond,669
WY,Lincoln,56023,La Barge,569
WY,Lincoln,56023,Cokeville,554
WY,Lincoln,56023,Auburn,481
WY,Lincoln,56023,Grover,438
WY,Lincoln,56023,Thayne,394
WY,Lincoln,56023,Nordic,337
WY,Lincoln,56023,Bedford,289
WY,Lincoln,56023,Freedom,268
WY,Lincoln,56023,Smoot,217
WY,Lincoln,56023,Alpine Northwest,172
WY,Lincoln,56023,Taylor,110
WY,Lincoln,56023,Opal,109
WY,Lincoln,56023,Turnerville,106
WY,Lincoln,56023,Fairview,101
WY,Lincoln,56023,Alpine Northeast,55
WY,Lincoln,56023,Fontenelle,26
WY,Natrona,56025,Casper,67598
WY,Natrona,56025,Mills,3979
WY,Natrona,56025,Evansville,2964
WY,Natrona,56025,Bar Nunn,2812
WY,Natrona,56025,Vista West,856
WY,Natrona,56025,Casper Mountain,835
WY,Natrona,56025,Red Butte,815
WY,Natrona,56025,Hartrandt,808
WY,Natrona,56025,Midwest,394
WY,Natrona,56025,Homa Hills,239
WY,Natrona,56025,Bessemer Bend,232
WY,Natrona,56025,Edgerton,204
WY,Natrona,56025,Brookhurst,180
WY,Natrona,56025,Meadow Acres,130
WY,Niobrara,56027,Lusk,1526
WY,Niobrara,56027,Manville,87
WY,Niobrara,56027,Lance Creek,32
WY,Niobrara,56027,Van Tassell,18
WY,Park,56029,Cody,9788
WY,Park,56029,Powell,6253
WY,Park,56029,Ralston,564
WY,Park,56029,Meeteetse,323
WY,Park,56029,Garland,202
WY,Park,56029,Mammoth,49
WY,Platte,56031,Wheatland,3462
WY,Platte,56031,Guernsey,1124
WY,Platte,56031,Chugcreek,216
WY,Platte,56031,Glendo,201
WY,Platte,56031,Chugwater,201
WY,Platte,56031,Whiting,134
WY,Platte,56031,Y-O Ranch,115
WY,Platte,56031,Lakeview North,99
WY,Platte,56031,Slater,94
WY,Platte,56031,Hartville,60
WY,Sheridan,56033,Sheridan,19320
WY,Sheridan,56033,Ranchester,1041
WY,Sheridan,56033,Dayton,828
WY,Sheridan,56033,Story,660
WY,Sheridan,56033,Big Horn,483
WY,Sheridan,56033,Clearmont,157
WY,Sheridan,56033,Parkman,126
WY,Sheridan,56033,Arvada,22
WY,Sublette,56035,Pinedale,1871
WY,Sublette,56035,Marbleton,1111
WY,Sublette,56035,Big Piney,517
WY,Sublette,56035,Daniel,94
WY,Sublette,56035,Bondurant,59
WY,Sublette,56035,Cora,49
WY,Sublette,56035,Boulder,32
WY,Sweetwater,56037,Rock Springs,25913
WY,Sweetwater,56037,Green River,11906
WY,Sweetwater,56037,North Rock Springs,2567
WY,Sweetwater,56037,Clearview Acres,1208
WY,Sweetwater,56037,Purple Sage,818
WY,Sweetwater,56037,James Town,663
WY,Sweetwater,56037,Wamsutter,467
WY,Sweetwater,56037,Reliance,386
WY,Sweetwater,56037,Superior,312
WY,Sweetwater,56037,Eden,195
WY,Sweetwater,56037,Farson,143
WY,Sweetwater,56037,Granger,128
WY,Sweetwater,56037,Arrowhead Springs,120
WY,Sweetwater,56037,Bairoil,97
WY,Sweetwater,56037,Point of Rocks,56
WY,Sweetwater,56037,McKinnon,51
WY,Sweetwater,56037,Little America,45
WY,Teton,56039,Jackson,12576
WY,Teton,56039,South Park,1812
WY,Teton,56039,Rafter J Ranch,1750
WY,Teton,56039,Wilson,1463
WY,Teton,56039,Hoback,1439
WY,Teton,56039,Moose Wilson Road,1398
WY,Teton,56039,Alta,460
WY,Teton,56039,Teton Village,440
WY,Teton,56039,Kelly,122
WY,Uinta,56041,Evanston,11641
WY,Uinta,56041,Lyman,2070
WY,Uinta,56041,Mountain View,1226
WY,Uinta,56041,Bear River,506
WY,Uinta,56041,Urie,318
WY,Uinta,56041,Fort Bridger,181
WY,Uinta,56041,Robertson,45
WY,Washakie,56043,Worland,5024
WY,Washakie,56043,Ten Sleep,250
WY,Weston,56045,Newcastle,3397
WY,Weston,56045,Upton,1056
WY,Weston,56045,Osage,152
WY,Weston,56045,Hill View Heights,80
